<?xml version="1.0" encoding="UTF-8"?>
<gpx version="1.1" creator="iVelo GPX Cleaner v5.8 (https://ivelo.de)" xmlns="http://www.topografix.com/GPX/1/1" xmlns:xsi="http://www.w3.org/2001/XMLSchema-instance" xsi:schemaLocation="http://www.topografix.com/GPX/1/1 http://www.topografix.com/GPX/1/1/gpx.xsd">
  <metadata>
    <link href="https://ivelo.de">
      <text>iVelo GPX Cleaner</text>
    </link>
  </metadata>
  <trk>
    <name>WT_2026_30km</name>
    <trkseg>
      <trkpt lat="48.770448016002774" lon="11.431058077141643">
        <ele>373.3671875</ele>
      </trkpt>
      <trkpt lat="48.770688744261861" lon="11.431012228131294">
        <ele>375.46875</ele>
      </trkpt>
      <trkpt lat="48.770717494189739" lon="11.430825898423791">
        <ele>375.7890625</ele>
      </trkpt>
      <trkpt lat="48.770794775336981" lon="11.430808631703258">
        <ele>375.95703125</ele>
      </trkpt>
      <trkpt lat="48.770824782550335" lon="11.430818187072873">
        <ele>430.06</ele>
      </trkpt>
      <trkpt lat="48.770828219130635" lon="11.430675946176052">
        <ele>430.55000000000001</ele>
      </trkpt>
      <trkpt lat="48.770893681794405" lon="11.430560275912285">
        <ele>429.06999999999999</ele>
      </trkpt>
      <trkpt lat="48.770955121144652" lon="11.430458603426814">
        <ele>427.32999999999998</ele>
      </trkpt>
      <trkpt lat="48.771058050915599" lon="11.430269088596106">
        <ele>416.88</ele>
      </trkpt>
      <trkpt lat="48.771022679284215" lon="11.43014227040112">
        <ele>422.31</ele>
      </trkpt>
      <trkpt lat="48.771028462797403" lon="11.429986786097288">
        <ele>421.68000000000001</ele>
      </trkpt>
      <trkpt lat="48.771059811115265" lon="11.429856196045876">
        <ele>420.29000000000002</ele>
      </trkpt>
      <trkpt lat="48.771092165261507" lon="11.429723342880607">
        <ele>418.5</ele>
      </trkpt>
      <trkpt lat="48.771115969866514" lon="11.429588226601481">
        <ele>418.48000000000002</ele>
      </trkpt>
      <trkpt lat="48.771114461123943" lon="11.429437855258584">
        <ele>418.45999999999998</ele>
      </trkpt>
      <trkpt lat="48.771134410053492" lon="11.429300224408507">
        <ele>418.92000000000002</ele>
      </trkpt>
      <trkpt lat="48.771141031756997" lon="11.429147338494658">
        <ele>419.44</ele>
      </trkpt>
      <trkpt lat="48.771153185516596" lon="11.42900719307363">
        <ele>420.94999999999999</ele>
      </trkpt>
      <trkpt lat="48.771161651238799" lon="11.428849948570132">
        <ele>423.06999999999999</ele>
      </trkpt>
      <trkpt lat="48.771183360368013" lon="11.428709467872977">
        <ele>425.31</ele>
      </trkpt>
      <trkpt lat="48.771193334832788" lon="11.428561192005873">
        <ele>425.80000000000001</ele>
      </trkpt>
      <trkpt lat="48.771209511905909" lon="11.428426997736096">
        <ele>428.60000000000002</ele>
      </trkpt>
      <trkpt lat="48.771197609603405" lon="11.42828986980021">
        <ele>431.12</ele>
      </trkpt>
      <trkpt lat="48.771149916574359" lon="11.428170595318079">
        <ele>428.52999999999997</ele>
      </trkpt>
      <trkpt lat="48.771142791956663" lon="11.428016871213913">
        <ele>427.70999999999998</ele>
      </trkpt>
      <trkpt lat="48.771189311519265" lon="11.427899273112416">
        <ele>425.80000000000001</ele>
      </trkpt>
      <trkpt lat="48.771253181621432" lon="11.427789805456996">
        <ele>421.36000000000001</ele>
      </trkpt>
      <trkpt lat="48.771319063380361" lon="11.427683942019939">
        <ele>417.81999999999999</ele>
      </trkpt>
      <trkpt lat="48.771342616528273" lon="11.427540108561516">
        <ele>417.35000000000002</ele>
      </trkpt>
      <trkpt lat="48.771360050886869" lon="11.427386552095413">
        <ele>419.54000000000002</ele>
      </trkpt>
      <trkpt lat="48.771408749744296" lon="11.427267361432314">
        <ele>421.05000000000001</ele>
      </trkpt>
      <trkpt lat="48.771453257650137" lon="11.42713082022965">
        <ele>421.75999999999999</ele>
      </trkpt>
      <trkpt lat="48.771509919315577" lon="11.427013808861375">
        <ele>421.89999999999998</ele>
      </trkpt>
      <trkpt lat="48.771525090560317" lon="11.426863269880414">
        <ele>421.74000000000001</ele>
      </trkpt>
      <trkpt lat="48.771483600139618" lon="11.426715916022658">
        <ele>423.24000000000001</ele>
      </trkpt>
      <trkpt lat="48.771483767777681" lon="11.426565712317824">
        <ele>421.51999999999998</ele>
      </trkpt>
      <trkpt lat="48.771494412794709" lon="11.426418358460069">
        <ele>422.97000000000003</ele>
      </trkpt>
      <trkpt lat="48.77142945304513" lon="11.426301850005984">
        <ele>425.86000000000001</ele>
      </trkpt>
      <trkpt lat="48.771430961787701" lon="11.426154244691133">
        <ele>420.82999999999998</ele>
      </trkpt>
      <trkpt lat="48.771436410024762" lon="11.426015943288803">
        <ele>417.61000000000001</ele>
      </trkpt>
      <trkpt lat="48.771520061418414" lon="11.425892561674118">
        <ele>417.26999999999998</ele>
      </trkpt>
      <trkpt lat="48.771592481061816" lon="11.425789212808013">
        <ele>419.73000000000002</ele>
      </trkpt>
      <trkpt lat="48.771643778309226" lon="11.425673626363277">
        <ele>420.86000000000001</ele>
      </trkpt>
      <trkpt lat="48.771696081385016" lon="11.425559800118208">
        <ele>420.16000000000003</ele>
      </trkpt>
      <trkpt lat="48.771787779405713" lon="11.425487129017711">
        <ele>421.89999999999998</ele>
      </trkpt>
      <trkpt lat="48.771881572902203" lon="11.425492828711867">
        <ele>425.30000000000001</ele>
      </trkpt>
      <trkpt lat="48.771986849606037" lon="11.425494840368629">
        <ele>424.43000000000001</ele>
      </trkpt>
      <trkpt lat="48.772066058591008" lon="11.42557698301971">
        <ele>426.50999999999999</ele>
      </trkpt>
      <trkpt lat="48.772143507376313" lon="11.425661975517869">
        <ele>427.14999999999998</ele>
      </trkpt>
      <trkpt lat="48.772240485996008" lon="11.425667842850089">
        <ele>428.10000000000002</ele>
      </trkpt>
      <trkpt lat="48.772310893982649" lon="11.42557849176228">
        <ele>428.31</ele>
      </trkpt>
      <trkpt lat="48.772333106026053" lon="11.425443878397346">
        <ele>430.76999999999998</ele>
      </trkpt>
      <trkpt lat="48.772290358319879" lon="11.425319910049438">
        <ele>432.85000000000002</ele>
      </trkpt>
      <trkpt lat="48.772277869284153" lon="11.425173059105873">
        <ele>436.27999999999997</ele>
      </trkpt>
      <trkpt lat="48.772250125184655" lon="11.425037104636431">
        <ele>438.31999999999999</ele>
      </trkpt>
      <trkpt lat="48.772231349721551" lon="11.42490022815764">
        <ele>435.06999999999999</ele>
      </trkpt>
      <trkpt lat="48.77216923981905" lon="11.424777684733272">
        <ele>434.83999999999997</ele>
      </trkpt>
      <trkpt lat="48.77212380990386" lon="11.42465103417635">
        <ele>435.43000000000001</ele>
      </trkpt>
      <trkpt lat="48.772118110209703" lon="11.424512146040797">
        <ele>434.18000000000001</ele>
      </trkpt>
      <trkpt lat="48.772148871794343" lon="11.424363031983376">
        <ele>434.57999999999998</ele>
      </trkpt>
      <trkpt lat="48.772197151556611" lon="11.424240907654166">
        <ele>432.54000000000002</ele>
      </trkpt>
      <trkpt lat="48.772260770201683" lon="11.424144683405757">
        <ele>434.61000000000001</ele>
      </trkpt>
      <trkpt lat="48.772316845133901" lon="11.42401585355401">
        <ele>434.38999999999999</ele>
      </trkpt>
      <trkpt lat="48.772410806268454" lon="11.424003783613443">
        <ele>435.75</ele>
      </trkpt>
      <trkpt lat="48.772500911727548" lon="11.423943601548672">
        <ele>431.44999999999999</ele>
      </trkpt>
      <trkpt lat="48.772582467645407" lon="11.423865063115954">
        <ele>430.83999999999997</ele>
      </trkpt>
      <trkpt lat="48.772615659981966" lon="11.423736987635493">
        <ele>430.18000000000001</ele>
      </trkpt>
      <trkpt lat="48.772654635831714" lon="11.423596926033497">
        <ele>429</ele>
      </trkpt>
      <trkpt lat="48.772655809298158" lon="11.423444207757711">
        <ele>429.37</ele>
      </trkpt>
      <trkpt lat="48.772626053541899" lon="11.423301212489605">
        <ele>432.58999999999997</ele>
      </trkpt>
      <trkpt lat="48.772570649161935" lon="11.423165006563067">
        <ele>431.69999999999999</ele>
      </trkpt>
      <trkpt lat="48.772493787109852" lon="11.423084959387779">
        <ele>435.32999999999998</ele>
      </trkpt>
      <trkpt lat="48.772448105737567" lon="11.422965601086617">
        <ele>432.75</ele>
      </trkpt>
      <trkpt lat="48.772397730499506" lon="11.422840794548392">
        <ele>431.05000000000001</ele>
      </trkpt>
      <trkpt lat="48.772324221208692" lon="11.422738870605826">
        <ele>432.69999999999999</ele>
      </trkpt>
      <trkpt lat="48.772256411612034" lon="11.422641556710005">
        <ele>433.20999999999998</ele>
      </trkpt>
      <trkpt lat="48.772171502932906" lon="11.422587661072612">
        <ele>432.35000000000002</ele>
      </trkpt>
      <trkpt lat="48.772132191807032" lon="11.4224414806813">
        <ele>432.32999999999998</ele>
      </trkpt>
      <trkpt lat="48.772121630609035" lon="11.422301586717367">
        <ele>432.69</ele>
      </trkpt>
      <trkpt lat="48.772115260362625" lon="11.42215758562088">
        <ele>431.98000000000002</ele>
      </trkpt>
      <trkpt lat="48.772108471021056" lon="11.422013668343425">
        <ele>432.24000000000001</ele>
      </trkpt>
      <trkpt lat="48.772063544020057" lon="11.421879641711712">
        <ele>432.58999999999997</ele>
      </trkpt>
      <trkpt lat="48.772028004750609" lon="11.421754164621234">
        <ele>431.88</ele>
      </trkpt>
      <trkpt lat="48.772014258429408" lon="11.421609995886683">
        <ele>429.57999999999998</ele>
      </trkpt>
      <trkpt lat="48.772008558735251" lon="11.421459456905723">
        <ele>429.94999999999999</ele>
      </trkpt>
      <trkpt lat="48.771995566785336" lon="11.421281928196549">
        <ele>429.47000000000003</ele>
      </trkpt>
      <trkpt lat="48.77196254208684" lon="11.421133484691381">
        <ele>430.32999999999998</ele>
      </trkpt>
      <trkpt lat="48.771971510723233" lon="11.420985292643309">
        <ele>429.30000000000001</ele>
      </trkpt>
      <trkpt lat="48.772016437724233" lon="11.420849589630961">
        <ele>426.98000000000002</ele>
      </trkpt>
      <trkpt lat="48.772009564563632" lon="11.420710450038314">
        <ele>427.01999999999998</ele>
      </trkpt>
      <trkpt lat="48.771997913718224" lon="11.420561671257019">
        <ele>428.82999999999998</ele>
      </trkpt>
      <trkpt lat="48.771962458267808" lon="11.420419933274388">
        <ele>429.29000000000002</ele>
      </trkpt>
      <trkpt lat="48.771893056109548" lon="11.420318093150854">
        <ele>429.98000000000002</ele>
      </trkpt>
      <trkpt lat="48.771800771355629" lon="11.420253049582243">
        <ele>429.64999999999998</ele>
      </trkpt>
      <trkpt lat="48.771717874333262" lon="11.420187586918473">
        <ele>428.73000000000002</ele>
      </trkpt>
      <trkpt lat="48.771673869341612" lon="11.420061020180583">
        <ele>424.48000000000002</ele>
      </trkpt>
      <trkpt lat="48.771631205454469" lon="11.419917270541191">
        <ele>426.22000000000003</ele>
      </trkpt>
      <trkpt lat="48.771607149392366" lon="11.419779304414988">
        <ele>425.27999999999997</ele>
      </trkpt>
      <trkpt lat="48.771650567650795" lon="11.419656090438366">
        <ele>423.41000000000003</ele>
      </trkpt>
      <trkpt lat="48.771648975089192" lon="11.419512592256069">
        <ele>423.16000000000003</ele>
      </trkpt>
      <trkpt lat="48.771595414727926" lon="11.419388707727194">
        <ele>421.08999999999997</ele>
      </trkpt>
      <trkpt lat="48.771531544625759" lon="11.419291310012341">
        <ele>422.38</ele>
      </trkpt>
      <trkpt lat="48.771457448601723" lon="11.41919014044106">
        <ele>425.24000000000001</ele>
      </trkpt>
      <trkpt lat="48.77140891738236" lon="11.419068183749914">
        <ele>427.38999999999999</ele>
      </trkpt>
      <trkpt lat="48.771337503567338" lon="11.41896684654057">
        <ele>428.16000000000003</ele>
      </trkpt>
      <trkpt lat="48.771283440291882" lon="11.41884665004909">
        <ele>427.43000000000001</ele>
      </trkpt>
      <trkpt lat="48.771251924335957" lon="11.418715892359614">
        <ele>428.19</ele>
      </trkpt>
      <trkpt lat="48.771231807768345" lon="11.418577004224062">
        <ele>429.49000000000001</ele>
      </trkpt>
      <trkpt lat="48.771241279318929" lon="11.4184386190027">
        <ele>430.87</ele>
      </trkpt>
      <trkpt lat="48.771185120567679" lon="11.418315405026078">
        <ele>431.31</ele>
      </trkpt>
      <trkpt lat="48.771121669560671" lon="11.418215911835432">
        <ele>431.79000000000002</ele>
      </trkpt>
      <trkpt lat="48.771058637648821" lon="11.418103845790029">
        <ele>433.75</ele>
      </trkpt>
      <trkpt lat="48.770969454199076" lon="11.418049279600382">
        <ele>435.49000000000001</ele>
      </trkpt>
      <trkpt lat="48.770898459479213" lon="11.417961940169334">
        <ele>436.27999999999997</ele>
      </trkpt>
      <trkpt lat="48.770803827792406" lon="11.417854567989707">
        <ele>434.66000000000003</ele>
      </trkpt>
      <trkpt lat="48.770759738981724" lon="11.417717691510916">
        <ele>434.07999999999998</ele>
      </trkpt>
      <trkpt lat="48.770706010982394" lon="11.417605793103576">
        <ele>435.10000000000002</ele>
      </trkpt>
      <trkpt lat="48.770704083144665" lon="11.417457181960344">
        <ele>434.24000000000001</ele>
      </trkpt>
      <trkpt lat="48.770731743425131" lon="11.417316282168031">
        <ele>435.68000000000001</ele>
      </trkpt>
      <trkpt lat="48.770782118663192" lon="11.417171945795417">
        <ele>436.75999999999999</ele>
      </trkpt>
      <trkpt lat="48.770801899954677" lon="11.417026771232486">
        <ele>439.20999999999998</ele>
      </trkpt>
      <trkpt lat="48.770824111998081" lon="11.416890230029821">
        <ele>438.66000000000003</ele>
      </trkpt>
      <trkpt lat="48.77082260325551" lon="11.416740948334336">
        <ele>435.83999999999997</ele>
      </trkpt>
      <trkpt lat="48.770828386768699" lon="11.416590576991439">
        <ele>434.45999999999998</ele>
      </trkpt>
      <trkpt lat="48.77081086859107" lon="11.416444815695286">
        <ele>438</ele>
      </trkpt>
      <trkpt lat="48.770747417584062" lon="11.416324367746711">
        <ele>436.05000000000001</ele>
      </trkpt>
      <trkpt lat="48.770685810595751" lon="11.416215738281608">
        <ele>435.92000000000002</ele>
      </trkpt>
      <trkpt lat="48.770588412880898" lon="11.416159914806485">
        <ele>435.92000000000002</ele>
      </trkpt>
      <trkpt lat="48.770489087328315" lon="11.416176091879606">
        <ele>433.50999999999999</ele>
      </trkpt>
      <trkpt lat="48.770393198356032" lon="11.416162177920341">
        <ele>431.63</ele>
      </trkpt>
      <trkpt lat="48.770295465365052" lon="11.416178187355399">
        <ele>433.55000000000001</ele>
      </trkpt>
      <trkpt lat="48.770199911668897" lon="11.416198471561074">
        <ele>433.69999999999999</ele>
      </trkpt>
      <trkpt lat="48.77011064440012" lon="11.416179444640875">
        <ele>431.82999999999998</ele>
      </trkpt>
      <trkpt lat="48.770011821761727" lon="11.416130578145385">
        <ele>426.63999999999999</ele>
      </trkpt>
      <trkpt lat="48.769926745444536" lon="11.41607316210866">
        <ele>424.13999999999999</ele>
      </trkpt>
      <trkpt lat="48.769863042980433" lon="11.415947685018182">
        <ele>422.57999999999998</ele>
      </trkpt>
      <trkpt lat="48.769812248647213" lon="11.415815753862262">
        <ele>423.19999999999999</ele>
      </trkpt>
      <trkpt lat="48.769761035218835" lon="11.415700502693653">
        <ele>425.74000000000001</ele>
      </trkpt>
      <trkpt lat="48.769701272249222" lon="11.415572930127382">
        <ele>427.31999999999999</ele>
      </trkpt>
      <trkpt lat="48.7696229852736" lon="11.415476035326719">
        <ele>429.69</ele>
      </trkpt>
      <trkpt lat="48.769530281424522" lon="11.415460947901011">
        <ele>429.42000000000002</ele>
      </trkpt>
      <trkpt lat="48.76943975687027" lon="11.415523141622543">
        <ele>430.68000000000001</ele>
      </trkpt>
      <trkpt lat="48.76936063170433" lon="11.41561483964324">
        <ele>431.00999999999999</ele>
      </trkpt>
      <trkpt lat="48.769273208454251" lon="11.415692875161767">
        <ele>429.77999999999997</ele>
      </trkpt>
      <trkpt lat="48.769201710820198" lon="11.415790440514684">
        <ele>426.89999999999998</ele>
      </trkpt>
      <trkpt lat="48.769108168780804" lon="11.415802929550409">
        <ele>425.12</ele>
      </trkpt>
      <trkpt lat="48.769027451053262" lon="11.415893454104662">
        <ele>422.92000000000002</ele>
      </trkpt>
      <trkpt lat="48.768940614536405" lon="11.415949948132038">
        <ele>423.26999999999998</ele>
      </trkpt>
      <trkpt lat="48.768880348652601" lon="11.416057907044888">
        <ele>426.17000000000002</ele>
      </trkpt>
      <trkpt lat="48.768822764977813" lon="11.416182294487953">
        <ele>424.00999999999999</ele>
      </trkpt>
      <trkpt lat="48.768776999786496" lon="11.416326211765409">
        <ele>424.01999999999998</ele>
      </trkpt>
      <trkpt lat="48.768733832985163" lon="11.416447916999459">
        <ele>422.23000000000002</ele>
      </trkpt>
      <trkpt lat="48.768683793023229" lon="11.416573226451874">
        <ele>421.29000000000002</ele>
      </trkpt>
      <trkpt lat="48.768649259582162" lon="11.416699290275574">
        <ele>421.05000000000001</ele>
      </trkpt>
      <trkpt lat="48.768571726977825" lon="11.416777828708291">
        <ele>421.44999999999999</ele>
      </trkpt>
      <trkpt lat="48.768485225737095" lon="11.416858127340674">
        <ele>422.13</ele>
      </trkpt>
      <trkpt lat="48.768391683697701" lon="11.416891235858202">
        <ele>421.61000000000001</ele>
      </trkpt>
      <trkpt lat="48.768297974020243" lon="11.416897354647517">
        <ele>421.07999999999998</ele>
      </trkpt>
      <trkpt lat="48.768200324848294" lon="11.416872963309288">
        <ele>420.74000000000001</ele>
      </trkpt>
      <trkpt lat="48.768101669847965" lon="11.416847063228488">
        <ele>422.12</ele>
      </trkpt>
      <trkpt lat="48.768006283789873" lon="11.416882099583745">
        <ele>422.14999999999998</ele>
      </trkpt>
      <trkpt lat="48.767926152795553" lon="11.416813032701612">
        <ele>422.56</ele>
      </trkpt>
      <trkpt lat="48.767837891355157" lon="11.416784450411797">
        <ele>425.72000000000003</ele>
      </trkpt>
      <trkpt lat="48.767748288810253" lon="11.416740864515305">
        <ele>424.85000000000002</ele>
      </trkpt>
      <trkpt lat="48.76765675842762" lon="11.416713874787092">
        <ele>421.61000000000001</ele>
      </trkpt>
      <trkpt lat="48.767564306035638" lon="11.416635839268565">
        <ele>420</ele>
      </trkpt>
      <trkpt lat="48.767484342679381" lon="11.416543051600456">
        <ele>419.05000000000001</ele>
      </trkpt>
      <trkpt lat="48.767430614680052" lon="11.416429309174418">
        <ele>423.44</ele>
      </trkpt>
      <trkpt lat="48.767385687679052" lon="11.416301317512989">
        <ele>423.81</ele>
      </trkpt>
      <trkpt lat="48.767360290512443" lon="11.416169553995132">
        <ele>424.01999999999998</ele>
      </trkpt>
      <trkpt lat="48.767359619960189" lon="11.416324200108647">
        <ele>419.75</ele>
      </trkpt>
      <trkpt lat="48.767440253868699" lon="11.416387148201466">
        <ele>418.93000000000001</ele>
      </trkpt>
      <trkpt lat="48.76749305985868" lon="11.416524695232511">
        <ele>419.55000000000001</ele>
      </trkpt>
      <trkpt lat="48.767579309642315" lon="11.416564676910639">
        <ele>418.94999999999999</ele>
      </trkpt>
      <trkpt lat="48.767629852518439" lon="11.416451521217823">
        <ele>418.04000000000002</ele>
      </trkpt>
      <trkpt lat="48.767675282433629" lon="11.416301401332021">
        <ele>417.27999999999997</ele>
      </trkpt>
      <trkpt lat="48.767819870263338" lon="11.415832685306668">
        <ele>410.75999999999999</ele>
      </trkpt>
      <trkpt lat="48.767717611044645" lon="11.4157291688025">
        <ele>409.39999999999998</ele>
      </trkpt>
      <trkpt lat="48.767798999324441" lon="11.415809383615851">
        <ele>417.23000000000002</ele>
      </trkpt>
      <trkpt lat="48.767797071486712" lon="11.415668902918696">
        <ele>421.97000000000003</ele>
      </trkpt>
      <trkpt lat="48.767790198326111" lon="11.415522554889321">
        <ele>423.36000000000001</ele>
      </trkpt>
      <trkpt lat="48.767771925777197" lon="11.415383415296674">
        <ele>424.44999999999999</ele>
      </trkpt>
      <trkpt lat="48.767890026792884" lon="11.414768770337105">
        <ele>420.92000000000002</ele>
      </trkpt>
      <trkpt lat="48.767787851393223" lon="11.414918135851622">
        <ele>418.22000000000003</ele>
      </trkpt>
      <trkpt lat="48.767741080373526" lon="11.414773212745786">
        <ele>414.25999999999999</ele>
      </trkpt>
      <trkpt lat="48.767825402319431" lon="11.414687214419246">
        <ele>420.77999999999997</ele>
      </trkpt>
      <trkpt lat="48.767916429787874" lon="11.414666846394539">
        <ele>415.26999999999998</ele>
      </trkpt>
      <trkpt lat="48.767922213301063" lon="11.414525276049972">
        <ele>413.72000000000003</ele>
      </trkpt>
      <trkpt lat="48.767951214686036" lon="11.414380017668009">
        <ele>415.56999999999999</ele>
      </trkpt>
      <trkpt lat="48.76794995740056" lon="11.414221348240972">
        <ele>415.12</ele>
      </trkpt>
      <trkpt lat="48.768033776432276" lon="11.414112383499742">
        <ele>418.25</ele>
      </trkpt>
      <trkpt lat="48.768120110034943" lon="11.414074078202248">
        <ele>420.66000000000003</ele>
      </trkpt>
      <trkpt lat="48.76819378696382" lon="11.413987074047327">
        <ele>424.56</ele>
      </trkpt>
      <trkpt lat="48.768260339275002" lon="11.41388364136219">
        <ele>428.23000000000002</ele>
      </trkpt>
      <trkpt lat="48.768339548259974" lon="11.413805019110441">
        <ele>424.31999999999999</ele>
      </trkpt>
      <trkpt lat="48.768292693421245" lon="11.41368473879993">
        <ele>422.29000000000002</ele>
      </trkpt>
      <trkpt lat="48.768194373697042" lon="11.41366814263165">
        <ele>423.13</ele>
      </trkpt>
      <trkpt lat="48.768097311258316" lon="11.413673758506775">
        <ele>421.23000000000002</ele>
      </trkpt>
      <trkpt lat="48.768002092838287" lon="11.413606284186244">
        <ele>421.75</ele>
      </trkpt>
      <trkpt lat="48.767902851104736" lon="11.413589688017964">
        <ele>421.42000000000002</ele>
      </trkpt>
      <trkpt lat="48.767809644341469" lon="11.413552220910788">
        <ele>422.86000000000001</ele>
      </trkpt>
      <trkpt lat="48.767724735662341" lon="11.413493296131492">
        <ele>423.97000000000003</ele>
      </trkpt>
      <trkpt lat="48.767649466171861" lon="11.413411321118474">
        <ele>428.52999999999997</ele>
      </trkpt>
      <trkpt lat="48.767557684332132" lon="11.41338131390512">
        <ele>430.95999999999998</ele>
      </trkpt>
      <trkpt lat="48.767469590529799" lon="11.413316186517477">
        <ele>430.17000000000002</ele>
      </trkpt>
      <trkpt lat="48.767383592203259" lon="11.413275199010968">
        <ele>431.12</ele>
      </trkpt>
      <trkpt lat="48.76729323528707" lon="11.413270337507129">
        <ele>432.17000000000002</ele>
      </trkpt>
      <trkpt lat="48.767205141484737" lon="11.41322591342032">
        <ele>433.63999999999999</ele>
      </trkpt>
      <trkpt lat="48.767110425978899" lon="11.413201605901122">
        <ele>434.06999999999999</ele>
      </trkpt>
      <trkpt lat="48.767032222822309" lon="11.413119463250041">
        <ele>435.51999999999998</ele>
      </trkpt>
      <trkpt lat="48.766939518973231" lon="11.413074200972915">
        <ele>433.24000000000001</ele>
      </trkpt>
      <trkpt lat="48.766878666356206" lon="11.412957524880767">
        <ele>429.91000000000003</ele>
      </trkpt>
      <trkpt lat="48.766852598637342" lon="11.412815116345882">
        <ele>424.98000000000002</ele>
      </trkpt>
      <trkpt lat="48.76683977432549" lon="11.412665918469429">
        <ele>424.86000000000001</ele>
      </trkpt>
      <trkpt lat="48.766800463199615" lon="11.412527952343225">
        <ele>423.95999999999998</ele>
      </trkpt>
      <trkpt lat="48.766755871474743" lon="11.41240649856627">
        <ele>424.06999999999999</ele>
      </trkpt>
      <trkpt lat="48.766709435731173" lon="11.412283536046743">
        <ele>425.26999999999998</ele>
      </trkpt>
      <trkpt lat="48.766628550365567" lon="11.412218576297164">
        <ele>424.20999999999998</ele>
      </trkpt>
      <trkpt lat="48.766528218984604" lon="11.412155712023377">
        <ele>427.93000000000001</ele>
      </trkpt>
      <trkpt lat="48.766427217051387" lon="11.412148252129555">
        <ele>429.80000000000001</ele>
      </trkpt>
      <trkpt lat="48.766328981146216" lon="11.41213484108448">
        <ele>432.01999999999998</ele>
      </trkpt>
      <trkpt lat="48.766245162114501" lon="11.412210781127214">
        <ele>432.57999999999998</ele>
      </trkpt>
      <trkpt lat="48.766148686408997" lon="11.41227456741035">
        <ele>426.72000000000003</ele>
      </trkpt>
      <trkpt lat="48.766073333099484" lon="11.412355536594987">
        <ele>425.66000000000003</ele>
      </trkpt>
      <trkpt lat="48.766001919284463" lon="11.41245829872787">
        <ele>425.69</ele>
      </trkpt>
      <trkpt lat="48.765933020040393" lon="11.412545889616013">
        <ele>428.61000000000001</ele>
      </trkpt>
      <trkpt lat="48.765841908752918" lon="11.412618141621351">
        <ele>430.45999999999998</ele>
      </trkpt>
      <trkpt lat="48.765766471624374" lon="11.412702463567257">
        <ele>431.05000000000001</ele>
      </trkpt>
      <trkpt lat="48.765674689784646" lon="11.412694668397307">
        <ele>428.44999999999999</ele>
      </trkpt>
      <trkpt lat="48.765599252656102" lon="11.412589307874441">
        <ele>424.87</ele>
      </trkpt>
      <trkpt lat="48.765508225187659" lon="11.412517391145229">
        <ele>422.98000000000002</ele>
      </trkpt>
      <trkpt lat="48.76540563069284" lon="11.412505740299821">
        <ele>422.02999999999997</ele>
      </trkpt>
      <trkpt lat="48.765312591567636" lon="11.412547063082457">
        <ele>422.30000000000001</ele>
      </trkpt>
      <trkpt lat="48.765233047306538" lon="11.412639683112502">
        <ele>422.29000000000002</ele>
      </trkpt>
      <trkpt lat="48.765150317922235" lon="11.412716964259744">
        <ele>423.13999999999999</ele>
      </trkpt>
      <trkpt lat="48.765062810853124" lon="11.412798603996634">
        <ele>420.57999999999998</ele>
      </trkpt>
      <trkpt lat="48.764978237450123" lon="11.412877226248384">
        <ele>418.85000000000002</ele>
      </trkpt>
      <trkpt lat="48.764905063435435" lon="11.412786869332194">
        <ele>419.85000000000002</ele>
      </trkpt>
      <trkpt lat="48.764810934662819" lon="11.412776308134198">
        <ele>420.99000000000001</ele>
      </trkpt>
      <trkpt lat="48.764709178358316" lon="11.412762813270092">
        <ele>422.27999999999997</ele>
      </trkpt>
      <trkpt lat="48.764619994908571" lon="11.412701709195971">
        <ele>421.69</ele>
      </trkpt>
      <trkpt lat="48.764535840600729" lon="11.412621242925525">
        <ele>421.57999999999998</ele>
      </trkpt>
      <trkpt lat="48.764443220570683" lon="11.412548236548901">
        <ele>422.95999999999998</ele>
      </trkpt>
      <trkpt lat="48.764352360740304" lon="11.41254773363471">
        <ele>423.73000000000002</ele>
      </trkpt>
      <trkpt lat="48.76425982452929" lon="11.412566341459751">
        <ele>424.18000000000001</ele>
      </trkpt>
      <trkpt lat="48.764166282489896" lon="11.412606658414006">
        <ele>424.81999999999999</ele>
      </trkpt>
      <trkpt lat="48.76407659612596" lon="11.412669355049729">
        <ele>426.44</ele>
      </trkpt>
      <trkpt lat="48.764004092663527" lon="11.412759460508823">
        <ele>424.98000000000002</ele>
      </trkpt>
      <trkpt lat="48.763957237824798" lon="11.412889966741204">
        <ele>425.5</ele>
      </trkpt>
      <trkpt lat="48.763895630836487" lon="11.41300848685205">
        <ele>423.79000000000002</ele>
      </trkpt>
      <trkpt lat="48.763843830674887" lon="11.413127593696117">
        <ele>422.31</ele>
      </trkpt>
      <trkpt lat="48.763770991936326" lon="11.413242425769567">
        <ele>420.45999999999998</ele>
      </trkpt>
      <trkpt lat="48.763727238401771" lon="11.413369914516807">
        <ele>420.64999999999998</ele>
      </trkpt>
      <trkpt lat="48.763675605878234" lon="11.413498744368553">
        <ele>419.87</ele>
      </trkpt>
      <trkpt lat="48.763616429641843" lon="11.413616174831986">
        <ele>422.19999999999999</ele>
      </trkpt>
      <trkpt lat="48.76353076659143" lon="11.413661940023303">
        <ele>423.23000000000002</ele>
      </trkpt>
      <trkpt lat="48.763433787971735" lon="11.413631094619632">
        <ele>424.58999999999997</ele>
      </trkpt>
      <trkpt lat="48.763352399691939" lon="11.413541659712791">
        <ele>424.06999999999999</ele>
      </trkpt>
      <trkpt lat="48.763260701671243" lon="11.413530679419637">
        <ele>420.81999999999999</ele>
      </trkpt>
      <trkpt lat="48.763180654495955" lon="11.413594884797931">
        <ele>418.05000000000001</ele>
      </trkpt>
      <trkpt lat="48.763124160468578" lon="11.41371751204133">
        <ele>421.56</ele>
      </trkpt>
      <trkpt lat="48.763045957311988" lon="11.413794960826635">
        <ele>423.49000000000001</ele>
      </trkpt>
      <trkpt lat="48.762984182685614" lon="11.413925215601921">
        <ele>421.88</ele>
      </trkpt>
      <trkpt lat="48.76291461288929" lon="11.414016410708427">
        <ele>420.33999999999997</ele>
      </trkpt>
      <trkpt lat="48.762841271236539" lon="11.414104588329792">
        <ele>419.93000000000001</ele>
      </trkpt>
      <trkpt lat="48.762783519923687" lon="11.414216822013259">
        <ele>419.99000000000001</ele>
      </trkpt>
      <trkpt lat="48.762727361172438" lon="11.414336347952485">
        <ele>420</ele>
      </trkpt>
      <trkpt lat="48.762660808861256" lon="11.414451180025935">
        <ele>418.24000000000001</ele>
      </trkpt>
      <trkpt lat="48.762591239064932" lon="11.414544805884361">
        <ele>416.13999999999999</ele>
      </trkpt>
      <trkpt lat="48.762515131384134" lon="11.414652764797211">
        <ele>416.5</ele>
      </trkpt>
      <trkpt lat="48.762465426698327" lon="11.414767010137439">
        <ele>417.83999999999997</ele>
      </trkpt>
      <trkpt lat="48.762390157207847" lon="11.414876393973827">
        <ele>418.64999999999998</ele>
      </trkpt>
      <trkpt lat="48.762292340397835" lon="11.414903299883008">
        <ele>417.81999999999999</ele>
      </trkpt>
      <trkpt lat="48.762189326807857" lon="11.414894079789519">
        <ele>419.94</ele>
      </trkpt>
      <trkpt lat="48.762090923264623" lon="11.414953507483006">
        <ele>420.60000000000002</ele>
      </trkpt>
      <trkpt lat="48.762000733986497" lon="11.414983933791518">
        <ele>421.27999999999997</ele>
      </trkpt>
      <trkpt lat="48.761905683204532" lon="11.414967253804207">
        <ele>419.75999999999999</ele>
      </trkpt>
      <trkpt lat="48.761804094538093" lon="11.415021065622568">
        <ele>419.94999999999999</ele>
      </trkpt>
      <trkpt lat="48.761725639924407" lon="11.415131874382496">
        <ele>421.44</ele>
      </trkpt>
      <trkpt lat="48.76167057082057" lon="11.415245532989502">
        <ele>422.14999999999998</ele>
      </trkpt>
      <trkpt lat="48.761609131470323" lon="11.415345780551434">
        <ele>424.32999999999998</ele>
      </trkpt>
      <trkpt lat="48.761554481461644" lon="11.415471509099007">
        <ele>425.67000000000002</ele>
      </trkpt>
      <trkpt lat="48.761579124256968" lon="11.415614755824208">
        <ele>428.11000000000001</ele>
      </trkpt>
      <trkpt lat="48.761546434834599" lon="11.41574333421886">
        <ele>428.48000000000002</ele>
      </trkpt>
      <trkpt lat="48.76148197799921" lon="11.415854981169105">
        <ele>428.73000000000002</ele>
      </trkpt>
      <trkpt lat="48.761441828683019" lon="11.415993282571435">
        <ele>423.25</ele>
      </trkpt>
      <trkpt lat="48.761410564184189" lon="11.416140133515">
        <ele>422.86000000000001</ele>
      </trkpt>
      <trkpt lat="48.761347280815244" lon="11.416286481544375">
        <ele>422.06</ele>
      </trkpt>
      <trkpt lat="48.761270167306066" lon="11.416376419365406">
        <ele>421.62</ele>
      </trkpt>
      <trkpt lat="48.761200346052647" lon="11.41646702773869">
        <ele>420.05000000000001</ele>
      </trkpt>
      <trkpt lat="48.761201519519091" lon="11.416616560891271">
        <ele>419.13</ele>
      </trkpt>
      <trkpt lat="48.761122478172183" lon="11.41669861972332">
        <ele>417.92000000000002</ele>
      </trkpt>
      <trkpt lat="48.761085765436292" lon="11.416829796507955">
        <ele>418.66000000000003</ele>
      </trkpt>
      <trkpt lat="48.761019380763173" lon="11.416922584176064">
        <ele>418.57999999999998</ele>
      </trkpt>
      <trkpt lat="48.760924665257335" lon="11.416915711015463">
        <ele>418.23000000000002</ele>
      </trkpt>
      <trkpt lat="48.76082475297153" lon="11.416964242234826">
        <ele>419.87</ele>
      </trkpt>
      <trkpt lat="48.760747890919447" lon="11.417056610807776">
        <ele>422.82999999999998</ele>
      </trkpt>
      <trkpt lat="48.760678824037313" lon="11.417154595255852">
        <ele>425.85000000000002</ele>
      </trkpt>
      <trkpt lat="48.760618306696415" lon="11.417258195579052">
        <ele>425.73000000000002</ele>
      </trkpt>
      <trkpt lat="48.760528787970543" lon="11.417284347116947">
        <ele>425.37</ele>
      </trkpt>
      <trkpt lat="48.760482436046004" lon="11.417403621599078">
        <ele>425.35000000000002</ele>
      </trkpt>
      <trkpt lat="48.760414039716125" lon="11.417509317398071">
        <ele>423.10000000000002</ele>
      </trkpt>
      <trkpt lat="48.760321335867047" lon="11.417575282976031">
        <ele>421.67000000000002</ele>
      </trkpt>
      <trkpt lat="48.760238438844681" lon="11.417649127542973">
        <ele>418.24000000000001</ele>
      </trkpt>
      <trkpt lat="48.760208683088422" lon="11.417798660695553">
        <ele>418.36000000000001</ele>
      </trkpt>
      <trkpt lat="48.76017683185637" lon="11.41794073395431">
        <ele>418.81</ele>
      </trkpt>
      <trkpt lat="48.760160738602281" lon="11.418076101690531">
        <ele>420.80000000000001</ele>
      </trkpt>
      <trkpt lat="48.760167360305786" lon="11.418227646499872">
        <ele>422.74000000000001</ele>
      </trkpt>
      <trkpt lat="48.760115560144186" lon="11.418361170217395">
        <ele>421.61000000000001</ele>
      </trkpt>
      <trkpt lat="48.760045068338513" lon="11.418455885723233">
        <ele>420.74000000000001</ele>
      </trkpt>
      <trkpt lat="48.759989328682423" lon="11.418578932061791">
        <ele>420.94999999999999</ele>
      </trkpt>
      <trkpt lat="48.759967871010303" lon="11.418729722499847">
        <ele>420.17000000000002</ele>
      </trkpt>
      <trkpt lat="48.759957225993276" lon="11.418875483796">
        <ele>417.77999999999997</ele>
      </trkpt>
      <trkpt lat="48.759934259578586" lon="11.419011438265443">
        <ele>417.89999999999998</ele>
      </trkpt>
      <trkpt lat="48.759872736409307" lon="11.419121995568275">
        <ele>417.94</ele>
      </trkpt>
      <trkpt lat="48.759809788316488" lon="11.419225763529539">
        <ele>416.24000000000001</ele>
      </trkpt>
      <trkpt lat="48.759740889072418" lon="11.419314946979284">
        <ele>414.69999999999999</ele>
      </trkpt>
      <trkpt lat="48.759655812755227" lon="11.419382086023688">
        <ele>414.17000000000002</ele>
      </trkpt>
      <trkpt lat="48.75956604257226" lon="11.419318970292807">
        <ele>411.56</ele>
      </trkpt>
      <trkpt lat="48.759523378685117" lon="11.419179663062096">
        <ele>414.81999999999999</ele>
      </trkpt>
      <trkpt lat="48.759443163871765" lon="11.419096682220697">
        <ele>415.83999999999997</ele>
      </trkpt>
      <trkpt lat="48.759390022605658" lon="11.418969109654427">
        <ele>414.97000000000003</ele>
      </trkpt>
      <trkpt lat="48.759319866076112" lon="11.41886810772121">
        <ele>413.63999999999999</ele>
      </trkpt>
      <trkpt lat="48.759286422282457" lon="11.418736847117543">
        <ele>412.82999999999998</ele>
      </trkpt>
      <trkpt lat="48.759231688454747" lon="11.418612962588668">
        <ele>413.66000000000003</ele>
      </trkpt>
      <trkpt lat="48.75915558077395" lon="11.418504333123565">
        <ele>416.56</ele>
      </trkpt>
      <trkpt lat="48.759080311283469" lon="11.418393272906542">
        <ele>419.16000000000003</ele>
      </trkpt>
      <trkpt lat="48.759061200544238" lon="11.418251702561975">
        <ele>420.69999999999999</ele>
      </trkpt>
      <trkpt lat="48.759001437574625" lon="11.418148521333933">
        <ele>421.69999999999999</ele>
      </trkpt>
      <trkpt lat="48.75894108787179" lon="11.418040813878179">
        <ele>422.39999999999998</ele>
      </trkpt>
      <trkpt lat="48.758886689320207" lon="11.417908631265163">
        <ele>423.10000000000002</ele>
      </trkpt>
      <trkpt lat="48.758822903037071" lon="11.417793380096555">
        <ele>423.12</ele>
      </trkpt>
      <trkpt lat="48.758765989914536" lon="11.417683074250817">
        <ele>424.44999999999999</ele>
      </trkpt>
      <trkpt lat="48.758755512535572" lon="11.417540498077869">
        <ele>424.35000000000002</ele>
      </trkpt>
      <trkpt lat="48.758733803406358" lon="11.41739884391427">
        <ele>422.57999999999998</ele>
      </trkpt>
      <trkpt lat="48.758714944124222" lon="11.417265823110938">
        <ele>420.41000000000003</ele>
      </trkpt>
      <trkpt lat="48.758675800636411" lon="11.417129198089242">
        <ele>423.19</ele>
      </trkpt>
      <trkpt lat="48.758681081235409" lon="11.416989220306277">
        <ele>422.73000000000002</ele>
      </trkpt>
      <trkpt lat="48.758674543350935" lon="11.416838094592094">
        <ele>418.69999999999999</ele>
      </trkpt>
      <trkpt lat="48.75867529772222" lon="11.416690740734339">
        <ele>419.80000000000001</ele>
      </trkpt>
      <trkpt lat="48.758678818121552" lon="11.416539195924997">
        <ele>422.75999999999999</ele>
      </trkpt>
      <trkpt lat="48.758659958839417" lon="11.416397960856557">
        <ele>424.43000000000001</ele>
      </trkpt>
      <trkpt lat="48.758613942191005" lon="11.41627692617476">
        <ele>420.83999999999997</ele>
      </trkpt>
      <trkpt lat="48.758578905835748" lon="11.416134769096971">
        <ele>418.48000000000002</ele>
      </trkpt>
      <trkpt lat="48.758587287738919" lon="11.415989259257913">
        <ele>419.69999999999999</ele>
      </trkpt>
      <trkpt lat="48.758584437891841" lon="11.41585229896009">
        <ele>419.74000000000001</ele>
      </trkpt>
      <trkpt lat="48.75857119448483" lon="11.415703520178795">
        <ele>419.23000000000002</ele>
      </trkpt>
      <trkpt lat="48.758554430678487" lon="11.415567314252257">
        <ele>419.45999999999998</ele>
      </trkpt>
      <trkpt lat="48.758529536426067" lon="11.4154286775738">
        <ele>420.25</ele>
      </trkpt>
      <trkpt lat="48.758494919165969" lon="11.415302697569132">
        <ele>417.08999999999997</ele>
      </trkpt>
      <trkpt lat="48.75845736823976" lon="11.415157439187169">
        <ele>415.69</ele>
      </trkpt>
      <trkpt lat="48.758428199216723" lon="11.415023244917393">
        <ele>413.93000000000001</ele>
      </trkpt>
      <trkpt lat="48.758380422368646" lon="11.41490682028234">
        <ele>413.62</ele>
      </trkpt>
      <trkpt lat="48.758371537551284" lon="11.41476022079587">
        <ele>414.55000000000001</ele>
      </trkpt>
      <trkpt lat="48.758361395448446" lon="11.414613537490368">
        <ele>414.91000000000003</ele>
      </trkpt>
      <trkpt lat="48.758340859785676" lon="11.414476409554482">
        <ele>415.91000000000003</ele>
      </trkpt>
      <trkpt lat="48.758330466225743" lon="11.414336850866675">
        <ele>416.91000000000003</ele>
      </trkpt>
      <trkpt lat="48.75830540433526" lon="11.414189329370856">
        <ele>411.86000000000001</ele>
      </trkpt>
      <trkpt lat="48.758280258625746" lon="11.414048932492733">
        <ele>408.70999999999998</ele>
      </trkpt>
      <trkpt lat="48.758242037147284" lon="11.413922868669033">
        <ele>407.81999999999999</ele>
      </trkpt>
      <trkpt lat="48.758186046034098" lon="11.413806779310107">
        <ele>410.13999999999999</ele>
      </trkpt>
      <trkpt lat="48.7581392750144" lon="11.413671327754855">
        <ele>412.37</ele>
      </trkpt>
      <trkpt lat="48.758109351620078" lon="11.413531852886081">
        <ele>413.37</ele>
      </trkpt>
      <trkpt lat="48.758073057979345" lon="11.413405789062381">
        <ele>413.85000000000002</ele>
      </trkpt>
      <trkpt lat="48.758032573387027" lon="11.413279641419649">
        <ele>414.88</ele>
      </trkpt>
      <trkpt lat="48.757976582273841" lon="11.413158690556884">
        <ele>414.98000000000002</ele>
      </trkpt>
      <trkpt lat="48.757937606424093" lon="11.413022736087441">
        <ele>415.45999999999998</ele>
      </trkpt>
      <trkpt lat="48.75788614153862" lon="11.412904299795628">
        <ele>414.87</ele>
      </trkpt>
      <trkpt lat="48.757839538156986" lon="11.412776811048388">
        <ele>414.44999999999999</ele>
      </trkpt>
      <trkpt lat="48.757781200110912" lon="11.412661308422685">
        <ele>415.88</ele>
      </trkpt>
      <trkpt lat="48.757719425484538" lon="11.412553768604994">
        <ele>417.12</ele>
      </trkpt>
      <trkpt lat="48.757685478776693" lon="11.412426782771945">
        <ele>417.08999999999997</ele>
      </trkpt>
      <trkpt lat="48.757649185135961" lon="11.412281859666109">
        <ele>416.63</ele>
      </trkpt>
      <trkpt lat="48.757603503763676" lon="11.412150515243411">
        <ele>416.02999999999997</ele>
      </trkpt>
      <trkpt lat="48.757560756057501" lon="11.412022188305855">
        <ele>415.98000000000002</ele>
      </trkpt>
      <trkpt lat="48.757491102442145" lon="11.411912804469466">
        <ele>415.25</ele>
      </trkpt>
      <trkpt lat="48.757445001974702" lon="11.411785902455449">
        <ele>414.74000000000001</ele>
      </trkpt>
      <trkpt lat="48.757391860708594" lon="11.411672998219728">
        <ele>414.11000000000001</ele>
      </trkpt>
      <trkpt lat="48.757326565682888" lon="11.411562105640769">
        <ele>413.93000000000001</ele>
      </trkpt>
      <trkpt lat="48.757269233465195" lon="11.411451967433095">
        <ele>414.69999999999999</ele>
      </trkpt>
      <trkpt lat="48.757214248180389" lon="11.411337219178677">
        <ele>414.38999999999999</ele>
      </trkpt>
      <trkpt lat="48.757160604000092" lon="11.411207634955645">
        <ele>411.44999999999999</ele>
      </trkpt>
      <trkpt lat="48.757116179913282" lon="11.411086432635784">
        <ele>411.18000000000001</ele>
      </trkpt>
      <trkpt lat="48.757058177143335" lon="11.410967577248812">
        <ele>411.51999999999998</ele>
      </trkpt>
      <trkpt lat="48.757009394466877" lon="11.410834807902575">
        <ele>410.27999999999997</ele>
      </trkpt>
      <trkpt lat="48.756968323141336" lon="11.410705894231796">
        <ele>410.63</ele>
      </trkpt>
      <trkpt lat="48.756912164390087" lon="11.410596594214439">
        <ele>412.23000000000002</ele>
      </trkpt>
      <trkpt lat="48.756847372278571" lon="11.410491317510605">
        <ele>413.30000000000001</ele>
      </trkpt>
      <trkpt lat="48.756804876029491" lon="11.41034790314734">
        <ele>413.43000000000001</ele>
      </trkpt>
      <trkpt lat="48.756731869652867" lon="11.41023893840611">
        <ele>413.93000000000001</ele>
      </trkpt>
      <trkpt lat="48.756670849397779" lon="11.410126704722643">
        <ele>415.76999999999998</ele>
      </trkpt>
      <trkpt lat="48.756627766415477" lon="11.409997204318643">
        <ele>413.01999999999998</ele>
      </trkpt>
      <trkpt lat="48.75657906755805" lon="11.409873487427831">
        <ele>411.75</ele>
      </trkpt>
      <trkpt lat="48.756534559652209" lon="11.409741220995784">
        <ele>412.94999999999999</ele>
      </trkpt>
      <trkpt lat="48.756472617387772" lon="11.409623455256224">
        <ele>415.31</ele>
      </trkpt>
      <trkpt lat="48.756421655416489" lon="11.409498229622841">
        <ele>415.25999999999999</ele>
      </trkpt>
      <trkpt lat="48.756389385089278" lon="11.409365879371762">
        <ele>415.91000000000003</ele>
      </trkpt>
      <trkpt lat="48.756363485008478" lon="11.409235540777445">
        <ele>415.20999999999998</ele>
      </trkpt>
      <trkpt lat="48.756319396197796" lon="11.40909506008029">
        <ele>414.30000000000001</ele>
      </trkpt>
      <trkpt lat="48.756283856928349" lon="11.408956255763769">
        <ele>413.74000000000001</ele>
      </trkpt>
      <trkpt lat="48.756255526095629" lon="11.408812589943409">
        <ele>416.31999999999999</ele>
      </trkpt>
      <trkpt lat="48.756232224404812" lon="11.408670349046588">
        <ele>416.81</ele>
      </trkpt>
      <trkpt lat="48.756204145029187" lon="11.408529365435243">
        <ele>417.25999999999999</ele>
      </trkpt>
      <trkpt lat="48.756181178614497" lon="11.4083899743855">
        <ele>416.16000000000003</ele>
      </trkpt>
      <trkpt lat="48.756174389272928" lon="11.408252427354455">
        <ele>415.16000000000003</ele>
      </trkpt>
      <trkpt lat="48.756135413423181" lon="11.408115215599537">
        <ele>415.19</ele>
      </trkpt>
      <trkpt lat="48.756107417866588" lon="11.407975405454636">
        <ele>415.70999999999998</ele>
      </trkpt>
      <trkpt lat="48.756092330440879" lon="11.407829644158483">
        <ele>414.99000000000001</ele>
      </trkpt>
      <trkpt lat="48.756081936880946" lon="11.407682038843632">
        <ele>414.64999999999998</ele>
      </trkpt>
      <trkpt lat="48.756063748151064" lon="11.407540049403906">
        <ele>413.69</ele>
      </trkpt>
      <trkpt lat="48.756035417318344" lon="11.407396970316768">
        <ele>414.69999999999999</ele>
      </trkpt>
      <trkpt lat="48.756010187789798" lon="11.407250538468361">
        <ele>415.54000000000002</ele>
      </trkpt>
      <trkpt lat="48.755978671833873" lon="11.407122295349836">
        <ele>416.79000000000002</ele>
      </trkpt>
      <trkpt lat="48.755949670448899" lon="11.406983993947506">
        <ele>416.48000000000002</ele>
      </trkpt>
      <trkpt lat="48.7559081800282" lon="11.406850973144174">
        <ele>415.87</ele>
      </trkpt>
      <trkpt lat="48.755852188915014" lon="11.406739996746182">
        <ele>416.14999999999998</ele>
      </trkpt>
      <trkpt lat="48.755824025720358" lon="11.406598929315805">
        <ele>415.16000000000003</ele>
      </trkpt>
      <trkpt lat="48.755783205851912" lon="11.406466579064727">
        <ele>414.94999999999999</ele>
      </trkpt>
      <trkpt lat="48.755738027393818" lon="11.406336659565568">
        <ele>416.19999999999999</ele>
      </trkpt>
      <trkpt lat="48.755695195868611" lon="11.406199280172586">
        <ele>415.25</ele>
      </trkpt>
      <trkpt lat="48.755668457597494" lon="11.406049663200974">
        <ele>414.23000000000002</ele>
      </trkpt>
      <trkpt lat="48.7556301523" lon="11.40592192299664">
        <ele>414.33999999999997</ele>
      </trkpt>
      <trkpt lat="48.755600396543741" lon="11.405780352652073">
        <ele>414.13999999999999</ele>
      </trkpt>
      <trkpt lat="48.755579944700003" lon="11.405638279393315">
        <ele>413.36000000000001</ele>
      </trkpt>
      <trkpt lat="48.755579274147749" lon="11.405489416792989">
        <ele>412.19999999999999</ele>
      </trkpt>
      <trkpt lat="48.755565276369452" lon="11.405347846448421">
        <ele>412.29000000000002</ele>
      </trkpt>
      <trkpt lat="48.755577933043242" lon="11.405211975798011">
        <ele>414.13</ele>
      </trkpt>
      <trkpt lat="48.755591176450253" lon="11.405074512585998">
        <ele>413.81999999999999</ele>
      </trkpt>
      <trkpt lat="48.755592266097665" lon="11.404926152899861">
        <ele>415</ele>
      </trkpt>
      <trkpt lat="48.755610035732388" lon="11.404775446280837">
        <ele>415.56999999999999</ele>
      </trkpt>
      <trkpt lat="48.755617998540401" lon="11.404629684984684">
        <ele>416.66000000000003</ele>
      </trkpt>
      <trkpt lat="48.755623446777463" lon="11.404488869011402">
        <ele>416.62</ele>
      </trkpt>
      <trkpt lat="48.755648005753756" lon="11.404346041381359">
        <ele>417.57999999999998</ele>
      </trkpt>
      <trkpt lat="48.755658566951752" lon="11.404195670038462">
        <ele>418.33999999999997</ele>
      </trkpt>
      <trkpt lat="48.755670133978128" lon="11.404056362807751">
        <ele>418.75</ele>
      </trkpt>
      <trkpt lat="48.75569368712604" lon="11.403924766927958">
        <ele>417.98000000000002</ele>
      </trkpt>
      <trkpt lat="48.755708020180464" lon="11.403780095279217">
        <ele>417.25</ele>
      </trkpt>
      <trkpt lat="48.755741463974118" lon="11.403641123324633">
        <ele>414.60000000000002</ele>
      </trkpt>
      <trkpt lat="48.75576795078814" lon="11.403493685647845">
        <ele>414.70999999999998</ele>
      </trkpt>
      <trkpt lat="48.755809776484966" lon="11.403355970978737">
        <ele>415.74000000000001</ele>
      </trkpt>
      <trkpt lat="48.755864510312676" lon="11.403231834992766">
        <ele>415.89999999999998</ele>
      </trkpt>
      <trkpt lat="48.755922596901655" lon="11.403112560510635">
        <ele>414.20999999999998</ele>
      </trkpt>
      <trkpt lat="48.756007924675941" lon="11.403030417859554">
        <ele>414.74000000000001</ele>
      </trkpt>
      <trkpt lat="48.756040949374437" lon="11.402903012931347">
        <ele>414.44999999999999</ele>
      </trkpt>
      <trkpt lat="48.756086546927691" lon="11.402770997956395">
        <ele>413.81999999999999</ele>
      </trkpt>
      <trkpt lat="48.756131725385785" lon="11.402642671018839">
        <ele>411.43000000000001</ele>
      </trkpt>
      <trkpt lat="48.756165420636535" lon="11.402503615245223">
        <ele>412.06</ele>
      </trkpt>
      <trkpt lat="48.756185788661242" lon="11.402352824807167">
        <ele>414.77999999999997</ele>
      </trkpt>
      <trkpt lat="48.756174221634865" lon="11.402171943336725">
        <ele>415.36000000000001</ele>
      </trkpt>
      <trkpt lat="48.756148237735033" lon="11.402024002745748">
        <ele>416.30000000000001</ele>
      </trkpt>
      <trkpt lat="48.756109680980444" lon="11.401898190379143">
        <ele>415.31999999999999</ele>
      </trkpt>
      <trkpt lat="48.756050420925021" lon="11.401777826249599">
        <ele>415.27999999999997</ele>
      </trkpt>
      <trkpt lat="48.75600004568696" lon="11.401645475998521">
        <ele>416.32999999999998</ele>
      </trkpt>
      <trkpt lat="48.755975402891636" lon="11.401504492387176">
        <ele>416.04000000000002</ele>
      </trkpt>
      <trkpt lat="48.755983449518681" lon="11.401361664757133">
        <ele>416.01999999999998</ele>
      </trkpt>
      <trkpt lat="48.75601957552135" lon="11.401232918724418">
        <ele>416.25</ele>
      </trkpt>
      <trkpt lat="48.756026197224855" lon="11.401078524067998">
        <ele>415.94</ele>
      </trkpt>
      <trkpt lat="48.756030220538378" lon="11.400938462466002">
        <ele>414.85000000000002</ele>
      </trkpt>
      <trkpt lat="48.756050253286958" lon="11.40080451965332">
        <ele>412.81999999999999</ele>
      </trkpt>
      <trkpt lat="48.756084786728024" lon="11.400669487193227">
        <ele>412.72000000000003</ele>
      </trkpt>
      <trkpt lat="48.755998201668262" lon="11.400609975680709">
        <ele>414.16000000000003</ele>
      </trkpt>
      <trkpt lat="48.755901055410504" lon="11.400575861334801">
        <ele>413.31</ele>
      </trkpt>
      <trkpt lat="48.755810195580125" lon="11.400552811101079">
        <ele>415.18000000000001</ele>
      </trkpt>
      <trkpt lat="48.755727969110012" lon="11.40048835426569">
        <ele>418.37</ele>
      </trkpt>
      <trkpt lat="48.755628224462271" lon="11.400484666228294">
        <ele>417.37</ele>
      </trkpt>
      <trkpt lat="48.755539376288652" lon="11.400432698428631">
        <ele>416.55000000000001</ele>
      </trkpt>
      <trkpt lat="48.755475590005517" lon="11.400313759222627">
        <ele>414.95999999999998</ele>
      </trkpt>
      <trkpt lat="48.755403086543083" lon="11.40022843144834">
        <ele>414.32999999999998</ele>
      </trkpt>
      <trkpt lat="48.755311807617545" lon="11.400157436728477">
        <ele>413.35000000000002</ele>
      </trkpt>
      <trkpt lat="48.755251541733742" lon="11.40002952888608">
        <ele>414.17000000000002</ele>
      </trkpt>
      <trkpt lat="48.755212062969804" lon="11.399886701256037">
        <ele>414.52999999999997</ele>
      </trkpt>
      <trkpt lat="48.755177445709705" lon="11.399751752614975">
        <ele>414.31</ele>
      </trkpt>
      <trkpt lat="48.755135871469975" lon="11.399612613022327">
        <ele>415.31999999999999</ele>
      </trkpt>
      <trkpt lat="48.755109133198857" lon="11.39946224167943">
        <ele>416.14999999999998</ele>
      </trkpt>
      <trkpt lat="48.755072336643934" lon="11.399332322180271">
        <ele>415.88999999999999</ele>
      </trkpt>
      <trkpt lat="48.755032019689679" lon="11.399188069626689">
        <ele>418.06999999999999</ele>
      </trkpt>
      <trkpt lat="48.754995055496693" lon="11.399059658870101">
        <ele>416.25</ele>
      </trkpt>
      <trkpt lat="48.754968149587512" lon="11.398912724107504">
        <ele>413.01999999999998</ele>
      </trkpt>
      <trkpt lat="48.754949374124408" lon="11.39877375215292">
        <ele>409.33999999999997</ele>
      </trkpt>
      <trkpt lat="48.754857508465648" lon="11.39875422231853">
        <ele>412.73000000000002</ele>
      </trkpt>
      <trkpt lat="48.754769330844283" lon="11.398798646405339">
        <ele>413.69999999999999</ele>
      </trkpt>
      <trkpt lat="48.754685511812568" lon="11.398870898410678">
        <ele>416.68000000000001</ele>
      </trkpt>
      <trkpt lat="48.754618456587195" lon="11.398968212306499">
        <ele>415.37</ele>
      </trkpt>
      <trkpt lat="48.754537152126431" lon="11.399039877578616">
        <ele>414.13</ele>
      </trkpt>
      <trkpt lat="48.754455596208572" lon="11.399142136797309">
        <ele>414.26999999999998</ele>
      </trkpt>
      <trkpt lat="48.754380494356155" lon="11.399256298318505">
        <ele>414.94</ele>
      </trkpt>
      <trkpt lat="48.754309164360166" lon="11.399354953318834">
        <ele>415.62</ele>
      </trkpt>
      <trkpt lat="48.754218891263008" lon="11.399381021037698">
        <ele>412.50999999999999</ele>
      </trkpt>
      <trkpt lat="48.754136664792895" lon="11.399439694359899">
        <ele>413.44999999999999</ele>
      </trkpt>
      <trkpt lat="48.754042955115438" lon="11.399502726271749">
        <ele>412.01999999999998</ele>
      </trkpt>
      <trkpt lat="48.753948910161853" lon="11.399558130651712">
        <ele>411.33999999999997</ele>
      </trkpt>
      <trkpt lat="48.753872970119119" lon="11.399640860036016">
        <ele>410.85000000000002</ele>
      </trkpt>
      <trkpt lat="48.753778673708439" lon="11.399647397920489">
        <ele>414.18000000000001</ele>
      </trkpt>
      <trkpt lat="48.75371715053916" lon="11.399531811475754">
        <ele>416.98000000000002</ele>
      </trkpt>
      <trkpt lat="48.75364925712347" lon="11.399435587227345">
        <ele>416.31</ele>
      </trkpt>
      <trkpt lat="48.75360231846571" lon="11.39931270852685">
        <ele>419.05000000000001</ele>
      </trkpt>
      <trkpt lat="48.753581447526813" lon="11.399165689945221">
        <ele>420.44</ele>
      </trkpt>
      <trkpt lat="48.753509195521474" lon="11.399065777659416">
        <ele>419.91000000000003</ele>
      </trkpt>
      <trkpt lat="48.753428226336837" lon="11.398981120437384">
        <ele>418.38</ele>
      </trkpt>
      <trkpt lat="48.753397213295102" lon="11.398844914510846">
        <ele>418.06</ele>
      </trkpt>
      <trkpt lat="48.75329939648509" lon="11.398802837356925">
        <ele>414.5</ele>
      </trkpt>
      <trkpt lat="48.753208452835679" lon="11.398775596171618">
        <ele>413.79000000000002</ele>
      </trkpt>
      <trkpt lat="48.753297971561551" lon="11.398758748546243">
        <ele>411.02999999999997</ele>
      </trkpt>
      <trkpt lat="48.753199568018317" lon="11.398672163486481">
        <ele>411.82999999999998</ele>
      </trkpt>
      <trkpt lat="48.753069480881095" lon="11.398706529289484">
        <ele>412.94</ele>
      </trkpt>
      <trkpt lat="48.752988260239363" lon="11.398789593949914">
        <ele>413.52999999999997</ele>
      </trkpt>
      <trkpt lat="48.752913661301136" lon="11.398867294192314">
        <ele>414.72000000000003</ele>
      </trkpt>
      <trkpt lat="48.752826740965247" lon="11.398935439065099">
        <ele>414.85000000000002</ele>
      </trkpt>
      <trkpt lat="48.752731522545218" lon="11.398939127102494">
        <ele>415.70999999999998</ele>
      </trkpt>
      <trkpt lat="48.752641249448061" lon="11.398973409086466">
        <ele>414.51999999999998</ele>
      </trkpt>
      <trkpt lat="48.752554077655077" lon="11.399021605029702">
        <ele>414.60000000000002</ele>
      </trkpt>
      <trkpt lat="48.752466067671776" lon="11.399068208411336">
        <ele>416.79000000000002</ele>
      </trkpt>
      <trkpt lat="48.75237537547946" lon="11.399037530645728">
        <ele>418.50999999999999</ele>
      </trkpt>
      <trkpt lat="48.752275966107845" lon="11.399005679413676">
        <ele>415.89999999999998</ele>
      </trkpt>
      <trkpt lat="48.752192063257098" lon="11.398935858160257">
        <ele>414.17000000000002</ele>
      </trkpt>
      <trkpt lat="48.752117212861776" lon="11.398846674710512">
        <ele>415.05000000000001</ele>
      </trkpt>
      <trkpt lat="48.752038842067122" lon="11.398775847628713">
        <ele>418.06</ele>
      </trkpt>
      <trkpt lat="48.751934319734573" lon="11.398736285045743">
        <ele>418.01999999999998</ele>
      </trkpt>
      <trkpt lat="48.751845555379987" lon="11.398711558431387">
        <ele>406.07999999999998</ele>
      </trkpt>
      <trkpt lat="48.75173918902874" lon="11.398718766868114">
        <ele>404.63</ele>
      </trkpt>
      <trkpt lat="48.751639947295189" lon="11.398695465177298">
        <ele>404.44</ele>
      </trkpt>
      <trkpt lat="48.751539951190352" lon="11.398672414943576">
        <ele>407.31999999999999</ele>
      </trkpt>
      <trkpt lat="48.751445906236768" lon="11.398612735792994">
        <ele>410.41000000000003</ele>
      </trkpt>
      <trkpt lat="48.751352028921247" lon="11.398610221222043">
        <ele>412.72000000000003</ele>
      </trkpt>
      <trkpt lat="48.751264186576009" lon="11.39855389483273">
        <ele>415.30000000000001</ele>
      </trkpt>
      <trkpt lat="48.751170393079519" lon="11.398567305877805">
        <ele>416.94</ele>
      </trkpt>
      <trkpt lat="48.751088585704565" lon="11.398636791855097">
        <ele>417.76999999999998</ele>
      </trkpt>
      <trkpt lat="48.751001665368676" lon="11.398732932284474">
        <ele>417.63</ele>
      </trkpt>
      <trkpt lat="48.750979704782367" lon="11.398869892582297">
        <ele>416</ele>
      </trkpt>
      <trkpt lat="48.750986577942967" lon="11.39901565387845">
        <ele>415.76999999999998</ele>
      </trkpt>
      <trkpt lat="48.750986745581031" lon="11.399159487336874">
        <ele>415.67000000000002</ele>
      </trkpt>
      <trkpt lat="48.750941148027778" lon="11.39928781427443">
        <ele>415.81</ele>
      </trkpt>
      <trkpt lat="48.750891108065844" lon="11.399409519508481">
        <ele>418.47000000000003</ele>
      </trkpt>
      <trkpt lat="48.750862441956997" lon="11.399545390158892">
        <ele>419.38</ele>
      </trkpt>
      <trkpt lat="48.750797985121608" lon="11.399649996310472">
        <ele>419.44</ele>
      </trkpt>
      <trkpt lat="48.750823130831122" lon="11.39978620223701">
        <ele>418.54000000000002</ele>
      </trkpt>
      <trkpt lat="48.750834278762341" lon="11.399935148656368">
        <ele>418.04000000000002</ele>
      </trkpt>
      <trkpt lat="48.750877194106579" lon="11.400068504735827">
        <ele>417.31</ele>
      </trkpt>
      <trkpt lat="48.750890102237463" lon="11.400216864421964">
        <ele>419.08999999999997</ele>
      </trkpt>
      <trkpt lat="48.750900998711586" lon="11.40035348944366">
        <ele>417.97000000000003</ele>
      </trkpt>
      <trkpt lat="48.750945338979363" lon="11.400487683713436">
        <ele>420.81</ele>
      </trkpt>
      <trkpt lat="48.751005018129945" lon="11.400600168853998">
        <ele>421.62</ele>
      </trkpt>
      <trkpt lat="48.751007029786706" lon="11.400753306224942">
        <ele>424.30000000000001</ele>
      </trkpt>
      <trkpt lat="48.751053381711245" lon="11.40090468339622">
        <ele>416.85000000000002</ele>
      </trkpt>
      <trkpt lat="48.751034438610077" lon="11.401041056960821">
        <ele>417.63999999999999</ele>
      </trkpt>
      <trkpt lat="48.751037875190377" lon="11.401188829913735">
        <ele>416.45999999999998</ele>
      </trkpt>
      <trkpt lat="48.751013316214085" lon="11.401320341974497">
        <ele>416.95999999999998</ele>
      </trkpt>
      <trkpt lat="48.751015663146973" lon="11.401465516537428">
        <ele>417.36000000000001</ele>
      </trkpt>
      <trkpt lat="48.751067547127604" lon="11.40141824260354">
        <ele>366.40234375</ele>
      </trkpt>
      <trkpt lat="48.751462753862143" lon="11.400472177192569">
        <ele>368</ele>
      </trkpt>
      <trkpt lat="48.751637935638428" lon="11.400593966245651">
        <ele>368</ele>
      </trkpt>
      <trkpt lat="48.751777159050107" lon="11.400988167151809">
        <ele>368.140625</ele>
      </trkpt>
      <trkpt lat="48.751907413825393" lon="11.401798110455275">
        <ele>368.75</ele>
      </trkpt>
      <trkpt lat="48.751907413825393" lon="11.401790985837579">
        <ele>368.75390625</ele>
      </trkpt>
      <trkpt lat="48.751983772963285" lon="11.40247905626893">
        <ele>368.078125</ele>
      </trkpt>
      <trkpt lat="48.751902971416712" lon="11.402536388486624">
        <ele>368.34375</ele>
      </trkpt>
      <trkpt lat="48.751974804326892" lon="11.403145669028163">
        <ele>368.19921875</ele>
      </trkpt>
      <trkpt lat="48.752037668600678" lon="11.403396539390087">
        <ele>368</ele>
      </trkpt>
      <trkpt lat="48.752212850376964" lon="11.403632992878556">
        <ele>368</ele>
      </trkpt>
      <trkpt lat="48.752760859206319" lon="11.403905404731631">
        <ele>367.875</ele>
      </trkpt>
      <trkpt lat="48.752212850376964" lon="11.406464232131839">
        <ele>367</ele>
      </trkpt>
      <trkpt lat="48.752105059102178" lon="11.40678676776588">
        <ele>367</ele>
      </trkpt>
      <trkpt lat="48.752006236463785" lon="11.406973097473383">
        <ele>367</ele>
      </trkpt>
      <trkpt lat="48.752073626965284" lon="11.407159427180886">
        <ele>367</ele>
      </trkpt>
      <trkpt lat="48.752073626965284" lon="11.40715230256319">
        <ele>367</ele>
      </trkpt>
      <trkpt lat="48.752379063516855" lon="11.407180968672037">
        <ele>367</ele>
      </trkpt>
      <trkpt lat="48.752630604431033" lon="11.407309966161847">
        <ele>367</ele>
      </trkpt>
      <trkpt lat="48.752877619117498" lon="11.407582378014922">
        <ele>367</ele>
      </trkpt>
      <trkpt lat="48.753097727894783" lon="11.407603835687041">
        <ele>367</ele>
      </trkpt>
      <trkpt lat="48.753254888579249" lon="11.40776158310473">
        <ele>366.80859375</ele>
      </trkpt>
      <trkpt lat="48.753326805308461" lon="11.40806257724762">
        <ele>366.9296875</ele>
      </trkpt>
      <trkpt lat="48.753362679854035" lon="11.408134242519736">
        <ele>366.91015625</ele>
      </trkpt>
      <trkpt lat="48.753433926030993" lon="11.408179504796863">
        <ele>416.48000000000002</ele>
      </trkpt>
      <trkpt lat="48.753523528575897" lon="11.40812854282558">
        <ele>418.91000000000003</ele>
      </trkpt>
      <trkpt lat="48.753612292930484" lon="11.408089315518737">
        <ele>424.45999999999998</ele>
      </trkpt>
      <trkpt lat="48.75370692461729" lon="11.408061822876334">
        <ele>425.35000000000002</ele>
      </trkpt>
      <trkpt lat="48.753796778619289" lon="11.408086130395532">
        <ele>425.06</ele>
      </trkpt>
      <trkpt lat="48.75388621352613" lon="11.408151593059301">
        <ele>425</ele>
      </trkpt>
      <trkpt lat="48.753967434167862" lon="11.40822091139853">
        <ele>424.74000000000001</ele>
      </trkpt>
      <trkpt lat="48.754049995914102" lon="11.408276231959462">
        <ele>426.04000000000002</ele>
      </trkpt>
      <trkpt lat="48.754148399457335" lon="11.408293163403869">
        <ele>425.32999999999998</ele>
      </trkpt>
      <trkpt lat="48.75424487516284" lon="11.408240776509047">
        <ele>425.23000000000002</ele>
      </trkpt>
      <trkpt lat="48.754335148259997" lon="11.408238010481">
        <ele>426.88999999999999</ele>
      </trkpt>
      <trkpt lat="48.754424918442965" lon="11.408216468989849">
        <ele>425.93000000000001</ele>
      </trkpt>
      <trkpt lat="48.754521729424596" lon="11.408200040459633">
        <ele>424.36000000000001</ele>
      </trkpt>
      <trkpt lat="48.754613092169166" lon="11.408181516453624">
        <ele>417.54000000000002</ele>
      </trkpt>
      <trkpt lat="48.754712333902717" lon="11.408196184784174">
        <ele>416.13999999999999</ele>
      </trkpt>
      <trkpt lat="48.754799840971828" lon="11.408247817307711">
        <ele>416.02999999999997</ele>
      </trkpt>
      <trkpt lat="48.754891706630588" lon="11.408263994380832">
        <ele>415.92000000000002</ele>
      </trkpt>
      <trkpt lat="48.754971586167812" lon="11.408182019367814">
        <ele>415.33999999999997</ele>
      </trkpt>
      <trkpt lat="48.755036378279328" lon="11.408083364367485">
        <ele>414.87</ele>
      </trkpt>
      <trkpt lat="48.755087843164802" lon="11.407964006066322">
        <ele>413.54000000000002</ele>
      </trkpt>
      <trkpt lat="48.755113072693348" lon="11.407818328589201">
        <ele>412.54000000000002</ele>
      </trkpt>
      <trkpt lat="48.755150875076652" lon="11.407667538151145">
        <ele>412.08999999999997</ele>
      </trkpt>
      <trkpt lat="48.755177948623896" lon="11.407522363588214">
        <ele>412.22000000000003</ele>
      </trkpt>
      <trkpt lat="48.75519379042089" lon="11.407370651140809">
        <ele>414.56</ele>
      </trkpt>
      <trkpt lat="48.755186749622226" lon="11.40722556039691">
        <ele>414.92000000000002</ele>
      </trkpt>
      <trkpt lat="48.755169566720724" lon="11.407087258994579">
        <ele>415.19999999999999</ele>
      </trkpt>
      <trkpt lat="48.755199741572142" lon="11.406947365030646">
        <ele>416.82999999999998</ele>
      </trkpt>
      <trkpt lat="48.755249613896012" lon="11.406818451359868">
        <ele>417.13999999999999</ele>
      </trkpt>
      <trkpt lat="48.755282806232572" lon="11.406675707548857">
        <ele>415.51999999999998</ele>
      </trkpt>
      <trkpt lat="48.755338545888662" lon="11.406563222408295">
        <ele>413.85000000000002</ele>
      </trkpt>
      <trkpt lat="48.755420688539743" lon="11.406484767794609">
        <ele>411.11000000000001</ele>
      </trkpt>
      <trkpt lat="48.755511380732059" lon="11.406450234353542">
        <ele>411.08999999999997</ele>
      </trkpt>
      <trkpt lat="48.755600061267614" lon="11.406396338716149">
        <ele>412.39999999999998</ele>
      </trkpt>
      <trkpt lat="48.755683125928044" lon="11.406333558261395">
        <ele>412.16000000000003</ele>
      </trkpt>
      <trkpt lat="48.755775913596153" lon="11.406321488320827">
        <ele>412.74000000000001</ele>
      </trkpt>
      <trkpt lat="48.755866857245564" lon="11.406302712857723">
        <ele>413.41000000000003</ele>
      </trkpt>
      <trkpt lat="48.755956459790468" lon="11.406278237700462">
        <ele>414.50999999999999</ele>
      </trkpt>
      <trkpt lat="48.756042290478945" lon="11.406230544671416">
        <ele>415.94</ele>
      </trkpt>
      <trkpt lat="48.756135916337371" lon="11.406157203018665">
        <ele>415.37</ele>
      </trkpt>
      <trkpt lat="48.756228871643543" lon="11.406109845265746">
        <ele>416.04000000000002</ele>
      </trkpt>
      <trkpt lat="48.756314869970083" lon="11.406041281297803">
        <ele>416.50999999999999</ele>
      </trkpt>
      <trkpt lat="48.756399778649211" lon="11.405991911888123">
        <ele>417.05000000000001</ele>
      </trkpt>
      <trkpt lat="48.756483513861895" lon="11.405934160575271">
        <ele>417.25999999999999</ele>
      </trkpt>
      <trkpt lat="48.756578648462892" lon="11.405860483646393">
        <ele>416.01999999999998</ele>
      </trkpt>
      <trkpt lat="48.756662802770734" lon="11.405806336551905">
        <ele>415.25</ele>
      </trkpt>
      <trkpt lat="48.756748298183084" lon="11.405749004334211">
        <ele>414.63</ele>
      </trkpt>
      <trkpt lat="48.756832368671894" lon="11.405697790905833">
        <ele>413.11000000000001</ele>
      </trkpt>
      <trkpt lat="48.756917947903275" lon="11.405640542507172">
        <ele>413.69999999999999</ele>
      </trkpt>
      <trkpt lat="48.757010148838162" lon="11.405615983530879">
        <ele>414.30000000000001</ele>
      </trkpt>
      <trkpt lat="48.757076533511281" lon="11.405717739835382">
        <ele>414.01999999999998</ele>
      </trkpt>
      <trkpt lat="48.757120789960027" lon="11.405851850286126">
        <ele>413.98000000000002</ele>
      </trkpt>
      <trkpt lat="48.757144091650844" lon="11.405998198315501">
        <ele>414.66000000000003</ele>
      </trkpt>
      <trkpt lat="48.757228413596749" lon="11.406059470027685">
        <ele>414.20999999999998</ele>
      </trkpt>
      <trkpt lat="48.757324973121285" lon="11.406062403693795">
        <ele>415.25999999999999</ele>
      </trkpt>
      <trkpt lat="48.757417844608426" lon="11.406078245490789">
        <ele>417.42000000000002</ele>
      </trkpt>
      <trkpt lat="48.757511219009757" lon="11.406085705384612">
        <ele>417.56999999999999</ele>
      </trkpt>
      <trkpt lat="48.757604258134961" lon="11.406128285452724">
        <ele>415.91000000000003</ele>
      </trkpt>
      <trkpt lat="48.757689669728279" lon="11.406204644590616">
        <ele>418.06999999999999</ele>
      </trkpt>
      <trkpt lat="48.75777080655098" lon="11.406287373974919">
        <ele>418.51999999999998</ele>
      </trkpt>
      <trkpt lat="48.757847836241126" lon="11.406368678435683">
        <ele>420.11000000000001</ele>
      </trkpt>
      <trkpt lat="48.75792570412159" lon="11.406439505517483">
        <ele>420.56999999999999</ele>
      </trkpt>
      <trkpt lat="48.757972894236445" lon="11.406556349247694">
        <ele>422.36000000000001</ele>
      </trkpt>
      <trkpt lat="48.758022766560316" lon="11.406669588759542">
        <ele>423.18000000000001</ele>
      </trkpt>
      <trkpt lat="48.758080098778009" lon="11.40677947551012">
        <ele>421.75</ele>
      </trkpt>
      <trkpt lat="48.758140280842781" lon="11.406882740557194">
        <ele>420.07999999999998</ele>
      </trkpt>
      <trkpt lat="48.758181519806385" lon="11.407020622864366">
        <ele>419.23000000000002</ele>
      </trkpt>
      <trkpt lat="48.758276319131255" lon="11.407046858221292">
        <ele>418.64999999999998</ele>
      </trkpt>
      <trkpt lat="48.758372878655791" lon="11.407036883756518">
        <ele>419.60000000000002</ele>
      </trkpt>
      <trkpt lat="48.758467342704535" lon="11.407036129385233">
        <ele>421.98000000000002</ele>
      </trkpt>
      <trkpt lat="48.758552670478821" lon="11.406989106908441">
        <ele>422.56</ele>
      </trkpt>
      <trkpt lat="48.758647721260786" lon="11.406930014491081">
        <ele>421.39999999999998</ele>
      </trkpt>
      <trkpt lat="48.758745035156608" lon="11.406890535727143">
        <ele>420.33999999999997</ele>
      </trkpt>
      <trkpt lat="48.758842432871461" lon="11.406836975365877">
        <ele>419.55000000000001</ele>
      </trkpt>
      <trkpt lat="48.758929520845413" lon="11.406798418611288">
        <ele>419</ele>
      </trkpt>
      <trkpt lat="48.759034881368279" lon="11.406762963160872">
        <ele>419.16000000000003</ele>
      </trkpt>
      <trkpt lat="48.759136470034719" lon="11.406761035323143">
        <ele>418.74000000000001</ele>
      </trkpt>
      <trkpt lat="48.759231436997652" lon="11.406780146062374">
        <ele>419.69999999999999</ele>
      </trkpt>
      <trkpt lat="48.759323135018349" lon="11.406784085556865">
        <ele>420.88999999999999</ele>
      </trkpt>
      <trkpt lat="48.759409384801984" lon="11.406735721975565">
        <ele>417.86000000000001</ele>
      </trkpt>
      <trkpt lat="48.759501166641712" lon="11.406726585701108">
        <ele>415.75999999999999</ele>
      </trkpt>
      <trkpt lat="48.759593367576599" lon="11.40669540502131">
        <ele>416</ele>
      </trkpt>
      <trkpt lat="48.759682634845376" lon="11.406731195747852">
        <ele>414.81</ele>
      </trkpt>
      <trkpt lat="48.759780954569578" lon="11.406723568215966">
        <ele>414.79000000000002</ele>
      </trkpt>
      <trkpt lat="48.759881872683764" lon="11.406718958169222">
        <ele>416.70999999999998</ele>
      </trkpt>
      <trkpt lat="48.759969044476748" lon="11.406683921813965">
        <ele>416.95999999999998</ele>
      </trkpt>
      <trkpt lat="48.760064179077744" lon="11.40665584243834">
        <ele>414.73000000000002</ele>
      </trkpt>
      <trkpt lat="48.760155458003283" lon="11.406642347574234">
        <ele>415.39999999999998</ele>
      </trkpt>
      <trkpt lat="48.760251263156533" lon="11.406640168279409">
        <ele>415.67000000000002</ele>
      </trkpt>
      <trkpt lat="48.760338686406612" lon="11.406585350632668">
        <ele>415.61000000000001</ele>
      </trkpt>
      <trkpt lat="48.760359305888414" lon="11.406442103907466">
        <ele>415.54000000000002</ele>
      </trkpt>
      <trkpt lat="48.760390151292086" lon="11.40630547888577">
        <ele>415.37</ele>
      </trkpt>
      <trkpt lat="48.760421583428979" lon="11.406173296272755">
        <ele>412.94</ele>
      </trkpt>
      <trkpt lat="48.760450668632984" lon="11.406032396480441">
        <ele>413.06999999999999</ele>
      </trkpt>
      <trkpt lat="48.760470701381564" lon="11.405892670154572">
        <ele>412.06</ele>
      </trkpt>
      <trkpt lat="48.76046659424901" lon="11.405740957707167">
        <ele>411.00999999999999</ele>
      </trkpt>
      <trkpt lat="48.760455530136824" lon="11.405601231381297">
        <ele>410.20999999999998</ele>
      </trkpt>
      <trkpt lat="48.760473635047674" lon="11.405451949685812">
        <ele>411.11000000000001</ele>
      </trkpt>
      <trkpt lat="48.7604670971632" lon="11.405306272208691">
        <ele>411.26999999999998</ele>
      </trkpt>
      <trkpt lat="48.760480508208275" lon="11.405156152322888">
        <ele>414.25999999999999</ele>
      </trkpt>
      <trkpt lat="48.760483860969543" lon="11.405002009123564">
        <ele>415.18000000000001</ele>
      </trkpt>
      <trkpt lat="48.76047246158123" lon="11.40485867857933">
        <ele>414.26999999999998</ele>
      </trkpt>
      <trkpt lat="48.760469276458025" lon="11.404719371348619">
        <ele>414.88999999999999</ele>
      </trkpt>
      <trkpt lat="48.760476903989911" lon="11.404583584517241">
        <ele>415.43000000000001</ele>
      </trkpt>
      <trkpt lat="48.760479670017958" lon="11.40444721095264">
        <ele>415.13999999999999</ele>
      </trkpt>
      <trkpt lat="48.760487213730812" lon="11.404310250654817">
        <ele>414.55000000000001</ele>
      </trkpt>
      <trkpt lat="48.760483358055353" lon="11.404164740815759">
        <ele>412.12</ele>
      </trkpt>
      <trkpt lat="48.760476820170879" lon="11.404018560424447">
        <ele>412.44</ele>
      </trkpt>
      <trkpt lat="48.760479837656021" lon="11.403877409175038">
        <ele>412.31999999999999</ele>
      </trkpt>
      <trkpt lat="48.76049593091011" lon="11.403735168278217">
        <ele>412.48000000000002</ele>
      </trkpt>
      <trkpt lat="48.760542282834649" lon="11.40361069701612">
        <ele>411.35000000000002</ele>
      </trkpt>
      <trkpt lat="48.76060095615685" lon="11.403498630970716">
        <ele>412.80000000000001</ele>
      </trkpt>
      <trkpt lat="48.760670609772205" lon="11.403401736170053">
        <ele>413.91000000000003</ele>
      </trkpt>
      <trkpt lat="48.760747639462352" lon="11.403314480558038">
        <ele>414.01999999999998</ele>
      </trkpt>
      <trkpt lat="48.760810671374202" lon="11.403215071186423">
        <ele>413.93000000000001</ele>
      </trkpt>
      <trkpt lat="48.760884683579206" lon="11.403119685128331">
        <ele>413.60000000000002</ele>
      </trkpt>
      <trkpt lat="48.76094838604331" lon="11.40302094630897">
        <ele>413.56</ele>
      </trkpt>
      <trkpt lat="48.76101334579289" lon="11.402923716232181">
        <ele>413.69999999999999</ele>
      </trkpt>
      <trkpt lat="48.761089034378529" lon="11.402830425649881">
        <ele>414.93000000000001</ele>
      </trkpt>
      <trkpt lat="48.761173440143466" lon="11.402752306312323">
        <ele>416.58999999999997</ele>
      </trkpt>
      <trkpt lat="48.761253906413913" lon="11.402671169489622">
        <ele>415.56999999999999</ele>
      </trkpt>
      <trkpt lat="48.761327918618917" lon="11.402586260810494">
        <ele>415.77999999999997</ele>
      </trkpt>
      <trkpt lat="48.761415593326092" lon="11.402540076524019">
        <ele>415.42000000000002</ele>
      </trkpt>
      <trkpt lat="48.761506201699376" lon="11.402499927207828">
        <ele>415.02999999999997</ele>
      </trkpt>
      <trkpt lat="48.761599827557802" lon="11.402441589161754">
        <ele>418.17000000000002</ele>
      </trkpt>
      <trkpt lat="48.761692531406879" lon="11.402406636625528">
        <ele>419.12</ele>
      </trkpt>
      <trkpt lat="48.761773081496358" lon="11.402329271659255">
        <ele>417.32999999999998</ele>
      </trkpt>
      <trkpt lat="48.761869892477989" lon="11.402282165363431">
        <ele>417.04000000000002</ele>
      </trkpt>
      <trkpt lat="48.761955052614212" lon="11.40223472379148">
        <ele>417.52999999999997</ele>
      </trkpt>
      <trkpt lat="48.76204633153975" lon="11.402201447635889">
        <ele>416.76999999999998</ele>
      </trkpt>
      <trkpt lat="48.762129228562117" lon="11.402141600847244">
        <ele>414.85000000000002</ele>
      </trkpt>
      <trkpt lat="48.762215729802847" lon="11.402083095163107">
        <ele>414.86000000000001</ele>
      </trkpt>
      <trkpt lat="48.762288568541408" lon="11.402002712711692">
        <ele>415.61000000000001</ele>
      </trkpt>
      <trkpt lat="48.762371381744742" lon="11.401922916993499">
        <ele>415.92000000000002</ele>
      </trkpt>
      <trkpt lat="48.762435670942068" lon="11.40181546099484">
        <ele>415.31</ele>
      </trkpt>
      <trkpt lat="48.762478167191148" lon="11.401680344715714">
        <ele>414.89999999999998</ele>
      </trkpt>
      <trkpt lat="48.762554777786136" lon="11.401596441864967">
        <ele>414.99000000000001</ele>
      </trkpt>
      <trkpt lat="48.762630969285965" lon="11.401505833491683">
        <ele>416.99000000000001</ele>
      </trkpt>
      <trkpt lat="48.762718057259917" lon="11.401440119370818">
        <ele>418.36000000000001</ele>
      </trkpt>
      <trkpt lat="48.762814197689295" lon="11.401412123814225">
        <ele>418.19</ele>
      </trkpt>
      <trkpt lat="48.762904470786452" lon="11.401390917599201">
        <ele>418.44999999999999</ele>
      </trkpt>
      <trkpt lat="48.762986529618502" lon="11.401327298954129">
        <ele>417.12</ele>
      </trkpt>
      <trkpt lat="48.763082586228848" lon="11.401266781613231">
        <ele>415.36000000000001</ele>
      </trkpt>
      <trkpt lat="48.763173948973417" lon="11.401192015036941">
        <ele>415.39999999999998</ele>
      </trkpt>
      <trkpt lat="48.763250559568405" lon="11.401114901527762">
        <ele>415.25</ele>
      </trkpt>
      <trkpt lat="48.763338318094611" lon="11.401056982576847">
        <ele>413.70999999999998</ele>
      </trkpt>
      <trkpt lat="48.763423142954707" lon="11.400995710864663">
        <ele>413.61000000000001</ele>
      </trkpt>
      <trkpt lat="48.763509308919311" lon="11.400925302878022">
        <ele>413.25999999999999</ele>
      </trkpt>
      <trkpt lat="48.763595558702946" lon="11.400864869356155">
        <ele>413.60000000000002</ele>
      </trkpt>
      <trkpt lat="48.763687172904611" lon="11.400828994810581">
        <ele>413.35000000000002</ele>
      </trkpt>
      <trkpt lat="48.763777781277895" lon="11.400817260146141">
        <ele>413.92000000000002</ele>
      </trkpt>
      <trkpt lat="48.763869479298592" lon="11.400804352015257">
        <ele>414.69999999999999</ele>
      </trkpt>
      <trkpt lat="48.763970900326967" lon="11.400798819959164">
        <ele>415.99000000000001</ele>
      </trkpt>
      <trkpt lat="48.764066202566028" lon="11.400764202699065">
        <ele>416.43000000000001</ele>
      </trkpt>
      <trkpt lat="48.764155386015773" lon="11.400737632066011">
        <ele>413.82999999999998</ele>
      </trkpt>
      <trkpt lat="48.764247419312596" lon="11.400709133595228">
        <ele>414.75</ele>
      </trkpt>
      <trkpt lat="48.764344230294228" lon="11.400696309283376">
        <ele>415.11000000000001</ele>
      </trkpt>
      <trkpt lat="48.764438945800066" lon="11.400661608204246">
        <ele>415.37</ele>
      </trkpt>
      <trkpt lat="48.764534164220095" lon="11.40065498650074">
        <ele>417.22000000000003</ele>
      </trkpt>
      <trkpt lat="48.764618486166" lon="11.400607544928789">
        <ele>417.94</ele>
      </trkpt>
      <trkpt lat="48.764706496149302" lon="11.400577537715435">
        <ele>417.50999999999999</ele>
      </trkpt>
      <trkpt lat="48.764719907194376" lon="11.400437308475375">
        <ele>413.63</ele>
      </trkpt>
      <trkpt lat="48.764697946608067" lon="11.400285679847002">
        <ele>413.72000000000003</ele>
      </trkpt>
      <trkpt lat="48.764658635482192" lon="11.400160286575556">
        <ele>415.31</ele>
      </trkpt>
      <trkpt lat="48.764618486166" lon="11.400021482259035">
        <ele>415.88</ele>
      </trkpt>
      <trkpt lat="48.764603147283196" lon="11.399885108694434">
        <ele>415.44</ele>
      </trkpt>
      <trkpt lat="48.764591664075851" lon="11.399750160053372">
        <ele>414.93000000000001</ele>
      </trkpt>
      <trkpt lat="48.764593675732613" lon="11.399601297453046">
        <ele>416.88</ele>
      </trkpt>
      <trkpt lat="48.764567356556654" lon="11.399460313841701">
        <ele>417.25</ele>
      </trkpt>
      <trkpt lat="48.764540618285537" lon="11.399315223097801">
        <ele>419.58999999999997</ele>
      </trkpt>
      <trkpt lat="48.764502061530948" lon="11.399188991636038">
        <ele>418.81</ele>
      </trkpt>
      <trkpt lat="48.764471132308245" lon="11.399054797366261">
        <ele>418.02999999999997</ele>
      </trkpt>
      <trkpt lat="48.764429138973355" lon="11.398917082697153">
        <ele>417.31999999999999</ele>
      </trkpt>
      <trkpt lat="48.764427462592721" lon="11.398767549544573">
        <ele>416.89999999999998</ele>
      </trkpt>
      <trkpt lat="48.764422349631786" lon="11.398630505427718">
        <ele>420.56999999999999</ele>
      </trkpt>
      <trkpt lat="48.764397455379367" lon="11.398487007245421">
        <ele>421.18000000000001</ele>
      </trkpt>
      <trkpt lat="48.764379853382707" lon="11.398349041119218">
        <ele>421.69</ele>
      </trkpt>
      <trkpt lat="48.764348421245813" lon="11.3982187025249">
        <ele>419.38999999999999</ele>
      </trkpt>
      <trkpt lat="48.764351438730955" lon="11.398078138008714">
        <ele>419.26999999999998</ele>
      </trkpt>
      <trkpt lat="48.764332411810756" lon="11.397934388369322">
        <ele>418</ele>
      </trkpt>
      <trkpt lat="48.764316737651825" lon="11.397790471091866">
        <ele>416.19999999999999</ele>
      </trkpt>
      <trkpt lat="48.764309110119939" lon="11.397649319842458">
        <ele>415.25</ele>
      </trkpt>
      <trkpt lat="48.764266446232796" lon="11.39751504175365">
        <ele>413.88999999999999</ele>
      </trkpt>
      <trkpt lat="48.764214981347322" lon="11.397398198023438">
        <ele>414.10000000000002</ele>
      </trkpt>
      <trkpt lat="48.76418455503881" lon="11.397255286574364">
        <ele>416.69999999999999</ele>
      </trkpt>
      <trkpt lat="48.764171060174704" lon="11.397112123668194">
        <ele>419.13</ele>
      </trkpt>
      <trkpt lat="48.764154631644487" lon="11.396971475332975">
        <ele>421.55000000000001</ele>
      </trkpt>
      <trkpt lat="48.764123367145658" lon="11.396837197244167">
        <ele>422.91000000000003</ele>
      </trkpt>
      <trkpt lat="48.764099227264524" lon="11.396705266088247">
        <ele>422.62</ele>
      </trkpt>
      <trkpt lat="48.764071650803089" lon="11.396570652723312">
        <ele>421.76999999999998</ele>
      </trkpt>
      <trkpt lat="48.764059580862522" lon="11.396422879770398">
        <ele>420.23000000000002</ele>
      </trkpt>
      <trkpt lat="48.764047594740987" lon="11.396279381588101">
        <ele>423.25</ele>
      </trkpt>
      <trkpt lat="48.764026053249836" lon="11.396141750738025">
        <ele>423.5</ele>
      </trkpt>
      <trkpt lat="48.763997135683894" lon="11.396004874259233">
        <ele>424.22000000000003</ele>
      </trkpt>
      <trkpt lat="48.763964446261525" lon="11.395873194560409">
        <ele>424.94</ele>
      </trkpt>
      <trkpt lat="48.763940641656518" lon="11.395737491548061">
        <ele>423.06999999999999</ele>
      </trkpt>
      <trkpt lat="48.763915160670877" lon="11.395598771050572">
        <ele>421.31999999999999</ele>
      </trkpt>
      <trkpt lat="48.763870736584067" lon="11.395473210141063">
        <ele>419.55000000000001</ele>
      </trkpt>
      <trkpt lat="48.763826312497258" lon="11.395346978679299">
        <ele>419.14999999999998</ele>
      </trkpt>
      <trkpt lat="48.763771494850516" lon="11.395217226818204">
        <ele>418.95999999999998</ele>
      </trkpt>
      <trkpt lat="48.763728495687246" lon="11.39508948661387">
        <ele>420.00999999999999</ele>
      </trkpt>
      <trkpt lat="48.763604778796434" lon="11.395004913210869">
        <ele>416.54000000000002</ele>
      </trkpt>
      <trkpt lat="48.763618692755699" lon="11.394851608201861">
        <ele>417.41000000000003</ele>
      </trkpt>
      <trkpt lat="48.763614082708955" lon="11.394714061170816">
        <ele>419.05000000000001</ele>
      </trkpt>
      <trkpt lat="48.763613328337669" lon="11.394566874951124">
        <ele>420.04000000000002</ele>
      </trkpt>
      <trkpt lat="48.763584243133664" lon="11.394436871632934">
        <ele>420.63999999999999</ele>
      </trkpt>
      <trkpt lat="48.763558175414801" lon="11.394300078973174">
        <ele>421.80000000000001</ele>
      </trkpt>
      <trkpt lat="48.76352347433567" lon="11.394168566912413">
        <ele>421.32999999999998</ele>
      </trkpt>
      <trkpt lat="48.763504363596439" lon="11.39402381144464">
        <ele>421.48000000000002</ele>
      </trkpt>
      <trkpt lat="48.763474021106958" lon="11.393881738185883">
        <ele>420.77999999999997</ele>
      </trkpt>
      <trkpt lat="48.763443762436509" lon="11.393742179498076">
        <ele>421.29000000000002</ele>
      </trkpt>
      <trkpt lat="48.763402104377747" lon="11.393610332161188">
        <ele>422.16000000000003</ele>
      </trkpt>
      <trkpt lat="48.763345526531339" lon="11.393488878384233">
        <ele>421.25999999999999</ele>
      </trkpt>
      <trkpt lat="48.763294229283929" lon="11.393376057967544">
        <ele>421.23000000000002</ele>
      </trkpt>
      <trkpt lat="48.763263635337353" lon="11.393246222287416">
        <ele>420.75</ele>
      </trkpt>
      <trkpt lat="48.763231029734015" lon="11.393108842894435">
        <ele>421.62</ele>
      </trkpt>
      <trkpt lat="48.763204962015152" lon="11.392967021092772">
        <ele>422.27999999999997</ele>
      </trkpt>
      <trkpt lat="48.76316087320447" lon="11.392834670841694">
        <ele>421.99000000000001</ele>
      </trkpt>
      <trkpt lat="48.763108234852552" lon="11.392709612846375">
        <ele>422.06999999999999</ele>
      </trkpt>
      <trkpt lat="48.7630660738796" lon="11.392578352242708">
        <ele>422.08999999999997</ele>
      </trkpt>
      <trkpt lat="48.763016620650887" lon="11.392458993941545">
        <ele>422.38</ele>
      </trkpt>
      <trkpt lat="48.76297865062952" lon="11.392333265393972">
        <ele>423.81999999999999</ele>
      </trkpt>
      <trkpt lat="48.762951157987118" lon="11.392198819667101">
        <ele>425.86000000000001</ele>
      </trkpt>
      <trkpt lat="48.762918133288622" lon="11.392068481072783">
        <ele>424.85000000000002</ele>
      </trkpt>
      <trkpt lat="48.762894663959742" lon="11.391934286803007">
        <ele>424.56999999999999</ele>
      </trkpt>
      <trkpt lat="48.762866584584117" lon="11.391796907410026">
        <ele>426.86000000000001</ele>
      </trkpt>
      <trkpt lat="48.762820148840547" lon="11.391674699261785">
        <ele>426</ele>
      </trkpt>
      <trkpt lat="48.762777149677277" lon="11.391539499163628">
        <ele>424.48000000000002</ele>
      </trkpt>
      <trkpt lat="48.762778071686625" lon="11.391389714553952">
        <ele>425.25999999999999</ele>
      </trkpt>
      <trkpt lat="48.762775892391801" lon="11.391236241906881">
        <ele>424.88999999999999</ele>
      </trkpt>
      <trkpt lat="48.762775138020515" lon="11.391090480610728">
        <ele>426.25999999999999</ele>
      </trkpt>
      <trkpt lat="48.762762313708663" lon="11.390945808961987">
        <ele>428.69</ele>
      </trkpt>
      <trkpt lat="48.762769605964422" lon="11.390794515609741">
        <ele>425.69999999999999</ele>
      </trkpt>
      <trkpt lat="48.762765917927027" lon="11.390644228085876">
        <ele>424.93000000000001</ele>
      </trkpt>
      <trkpt lat="48.762757536023855" lon="11.39048807322979">
        <ele>423.42000000000002</ele>
      </trkpt>
      <trkpt lat="48.7627621460706" lon="11.390342144295573">
        <ele>422.32999999999998</ele>
      </trkpt>
      <trkpt lat="48.762755440548062" lon="11.390205603092909">
        <ele>421.86000000000001</ele>
      </trkpt>
      <trkpt lat="48.762748567387462" lon="11.390054812654853">
        <ele>423.20999999999998</ele>
      </trkpt>
      <trkpt lat="48.762764493003488" lon="11.389907374978065">
        <ele>424.86000000000001</ele>
      </trkpt>
      <trkpt lat="48.762792404741049" lon="11.389765804633498">
        <ele>424.74000000000001</ele>
      </trkpt>
      <trkpt lat="48.762821489945054" lon="11.389613170176744">
        <ele>422.80000000000001</ele>
      </trkpt>
      <trkpt lat="48.762844875454903" lon="11.389476712793112">
        <ele>422.00999999999999</ele>
      </trkpt>
      <trkpt lat="48.762831296771765" lon="11.389324497431517">
        <ele>421.94</ele>
      </trkpt>
      <trkpt lat="48.7627914827317" lon="11.38918343000114">
        <ele>422.88999999999999</ele>
      </trkpt>
      <trkpt lat="48.762806402519345" lon="11.389039009809494">
        <ele>424.66000000000003</ele>
      </trkpt>
      <trkpt lat="48.762801960110664" lon="11.388899367302656">
        <ele>425.49000000000001</ele>
      </trkpt>
      <trkpt lat="48.762794081121683" lon="11.388761484995484">
        <ele>423.52999999999997</ele>
      </trkpt>
      <trkpt lat="48.762805480509996" lon="11.388621674850583">
        <ele>418.94</ele>
      </trkpt>
      <trkpt lat="48.762794919312" lon="11.388473901897669">
        <ele>416.00999999999999</ele>
      </trkpt>
      <trkpt lat="48.762808833271265" lon="11.388337863609195">
        <ele>416.38</ele>
      </trkpt>
      <trkpt lat="48.762820651754737" lon="11.388199562206864">
        <ele>417.43000000000001</ele>
      </trkpt>
      <trkpt lat="48.762820065021515" lon="11.388062098994851">
        <ele>418.29000000000002</ele>
      </trkpt>
      <trkpt lat="48.7628139462322" lon="11.387907536700368">
        <ele>419.75999999999999</ele>
      </trkpt>
      <trkpt lat="48.762823836877942" lon="11.387761607766151">
        <ele>420.62</ele>
      </trkpt>
      <trkpt lat="48.762853424996138" lon="11.387632442638278">
        <ele>421.75999999999999</ele>
      </trkpt>
      <trkpt lat="48.762876642867923" lon="11.387496739625931">
        <ele>421.43000000000001</ele>
      </trkpt>
      <trkpt lat="48.762888545170426" lon="11.387357348576188">
        <ele>421.76999999999998</ele>
      </trkpt>
      <trkpt lat="48.762883180752397" lon="11.387206306681037">
        <ele>423.67000000000002</ele>
      </trkpt>
      <trkpt lat="48.762911260128021" lon="11.387057946994901">
        <ele>423.69</ele>
      </trkpt>
      <trkpt lat="48.762957192957401" lon="11.386922998353839">
        <ele>424.86000000000001</ele>
      </trkpt>
      <trkpt lat="48.762987535446882" lon="11.386787127703428">
        <ele>424.75</ele>
      </trkpt>
      <trkpt lat="48.763002455234528" lon="11.386632146313787">
        <ele>424.44</ele>
      </trkpt>
      <trkpt lat="48.763004885986447" lon="11.386493509635329">
        <ele>424.55000000000001</ele>
      </trkpt>
      <trkpt lat="48.762998934835196" lon="11.386355711147189">
        <ele>425.35000000000002</ele>
      </trkpt>
      <trkpt lat="48.762981835752726" lon="11.386214140802622">
        <ele>425.02999999999997</ele>
      </trkpt>
      <trkpt lat="48.762946045026183" lon="11.386071564629674">
        <ele>426.24000000000001</ele>
      </trkpt>
      <trkpt lat="48.762927940115333" lon="11.38592915609479">
        <ele>425.64999999999998</ele>
      </trkpt>
      <trkpt lat="48.762872368097305" lon="11.38580066151917">
        <ele>425.06999999999999</ele>
      </trkpt>
      <trkpt lat="48.762821741402149" lon="11.385684488341212">
        <ele>426.38999999999999</ele>
      </trkpt>
      <trkpt lat="48.762767594307661" lon="11.38556663878262">
        <ele>426.81</ele>
      </trkpt>
      <trkpt lat="48.762727612629533" lon="11.38544057495892">
        <ele>427.82999999999998</ele>
      </trkpt>
      <trkpt lat="48.762699868530035" lon="11.385305458679795">
        <ele>427.41000000000003</ele>
      </trkpt>
      <trkpt lat="48.762692911550403" lon="11.385159194469452">
        <ele>426.42000000000002</ele>
      </trkpt>
      <trkpt lat="48.762674387544394" lon="11.38502424582839">
        <ele>423.12</ele>
      </trkpt>
      <trkpt lat="48.762639267370105" lon="11.384879574179649">
        <ele>422.83999999999997</ele>
      </trkpt>
      <trkpt lat="48.762632645666599" lon="11.384734902530909">
        <ele>421.91000000000003</ele>
      </trkpt>
      <trkpt lat="48.762638512998819" lon="11.384585788473487">
        <ele>420.19999999999999</ele>
      </trkpt>
      <trkpt lat="48.762662233784795" lon="11.384434578940272">
        <ele>418.87</ele>
      </trkpt>
      <trkpt lat="48.762697940692306" lon="11.38429619371891">
        <ele>418.66000000000003</ele>
      </trkpt>
      <trkpt lat="48.762749992311001" lon="11.384167950600386">
        <ele>417.49000000000001</ele>
      </trkpt>
      <trkpt lat="48.762779999524355" lon="11.38403233140707">
        <ele>416.25999999999999</ele>
      </trkpt>
      <trkpt lat="48.762829285115004" lon="11.383907524868846">
        <ele>417.79000000000002</ele>
      </trkpt>
      <trkpt lat="48.762891478836536" lon="11.38379780575633">
        <ele>420.16000000000003</ele>
      </trkpt>
      <trkpt lat="48.762949649244547" lon="11.383672161027789">
        <ele>421.08999999999997</ele>
      </trkpt>
      <trkpt lat="48.762980662286282" lon="11.383544001728296">
        <ele>420.94</ele>
      </trkpt>
      <trkpt lat="48.76299574971199" lon="11.38339027762413">
        <ele>420.93000000000001</ele>
      </trkpt>
      <trkpt lat="48.762977728620172" lon="11.383250216022134">
        <ele>420.79000000000002</ele>
      </trkpt>
      <trkpt lat="48.762936154380441" lon="11.383116357028484">
        <ele>419.79000000000002</ele>
      </trkpt>
      <trkpt lat="48.762877564877272" lon="11.383001860231161">
        <ele>416.93000000000001</ele>
      </trkpt>
      <trkpt lat="48.762814784422517" lon="11.382883423939347">
        <ele>416.42000000000002</ele>
      </trkpt>
      <trkpt lat="48.762772539630532" lon="11.38275995850563">
        <ele>419.14999999999998</ele>
      </trkpt>
      <trkpt lat="48.762757368385792" lon="11.38261042535305">
        <ele>420.67000000000002</ele>
      </trkpt>
      <trkpt lat="48.76276072114706" lon="11.382464999333024">
        <ele>419.13999999999999</ele>
      </trkpt>
      <trkpt lat="48.76276608556509" lon="11.382311023771763">
        <ele>417.54000000000002</ele>
      </trkpt>
      <trkpt lat="48.762760385870934" lon="11.382169034332037">
        <ele>416.5</ele>
      </trkpt>
      <trkpt lat="48.762758960947394" lon="11.382022518664598">
        <ele>415.77999999999997</ele>
      </trkpt>
      <trkpt lat="48.762782933190465" lon="11.381889078766108">
        <ele>416.02999999999997</ele>
      </trkpt>
      <trkpt lat="48.762772288173437" lon="11.381753711029887">
        <ele>416.69999999999999</ele>
      </trkpt>
      <trkpt lat="48.762752171605825" lon="11.381605854257941">
        <ele>416.76999999999998</ele>
      </trkpt>
      <trkpt lat="48.762739431113005" lon="11.381456069648266">
        <ele>416.26999999999998</ele>
      </trkpt>
      <trkpt lat="48.762756530195475" lon="11.38132045045495">
        <ele>418.85000000000002</ele>
      </trkpt>
      <trkpt lat="48.762772539630532" lon="11.381172928959131">
        <ele>419.44</ele>
      </trkpt>
      <trkpt lat="48.762752423062921" lon="11.381022306159139">
        <ele>420.44</ele>
      </trkpt>
      <trkpt lat="48.76275091432035" lon="11.380877550691366">
        <ele>422.50999999999999</ele>
      </trkpt>
      <trkpt lat="48.762741358950734" lon="11.380727179348469">
        <ele>422.35000000000002</ele>
      </trkpt>
      <trkpt lat="48.762703891843557" lon="11.380593236535788">
        <ele>421.22000000000003</ele>
      </trkpt>
      <trkpt lat="48.762696599587798" lon="11.380441188812256">
        <ele>420.07999999999998</ele>
      </trkpt>
      <trkpt lat="48.762724427506328" lon="11.380310263484716">
        <ele>419.82999999999998</ele>
      </trkpt>
      <trkpt lat="48.76271135173738" lon="11.38015503063798">
        <ele>419.04000000000002</ele>
      </trkpt>
      <trkpt lat="48.762668436393142" lon="11.380025530233979">
        <ele>418.54000000000002</ele>
      </trkpt>
      <trkpt lat="48.762647230178118" lon="11.379891084507108">
        <ele>418.17000000000002</ele>
      </trkpt>
      <trkpt lat="48.762623677030206" lon="11.379756722599268">
        <ele>417.01999999999998</ele>
      </trkpt>
      <trkpt lat="48.762585204094648" lon="11.37961758300662">
        <ele>417.45999999999998</ele>
      </trkpt>
      <trkpt lat="48.76252812333405" lon="11.379489758983254">
        <ele>416.12</ele>
      </trkpt>
      <trkpt lat="48.762486549094319" lon="11.379366377368569">
        <ele>416.91000000000003</ele>
      </trkpt>
      <trkpt lat="48.762453021481633" lon="11.379233608022332">
        <ele>416.67000000000002</ele>
      </trkpt>
      <trkpt lat="48.762414297088981" lon="11.379099078476429">
        <ele>416.06999999999999</ele>
      </trkpt>
      <trkpt lat="48.762393426150084" lon="11.378964046016335">
        <ele>415.24000000000001</ele>
      </trkpt>
      <trkpt lat="48.762410441413522" lon="11.37882792390883">
        <ele>415.08999999999997</ele>
      </trkpt>
      <trkpt lat="48.762438101693988" lon="11.378693813458085">
        <ele>414.08999999999997</ele>
      </trkpt>
      <trkpt lat="48.762472132220864" lon="11.378547046333551">
        <ele>415.32999999999998</ele>
      </trkpt>
      <trkpt lat="48.762471796944737" lon="11.378397177904844">
        <ele>415.57999999999998</ele>
      </trkpt>
      <trkpt lat="48.762462995946407" lon="11.378253428265452">
        <ele>415.31</ele>
      </trkpt>
      <trkpt lat="48.762452770024538" lon="11.378108924254775">
        <ele>416.10000000000002</ele>
      </trkpt>
      <trkpt lat="48.762433491647243" lon="11.377967102453113">
        <ele>417.01999999999998</ele>
      </trkpt>
      <trkpt lat="48.762432066723704" lon="11.377817066386342">
        <ele>416.66000000000003</ele>
      </trkpt>
      <trkpt lat="48.762427791953087" lon="11.377666108310223">
        <ele>415.32999999999998</ele>
      </trkpt>
      <trkpt lat="48.762437263503671" lon="11.377515234053135">
        <ele>415.14999999999998</ele>
      </trkpt>
      <trkpt lat="48.762459140270948" lon="11.37737181968987">
        <ele>417.39999999999998</ele>
      </trkpt>
      <trkpt lat="48.762424271553755" lon="11.377299651503563">
        <ele>424.26999999999998</ele>
      </trkpt>
      <trkpt lat="48.762422930449247" lon="11.377245085313916">
        <ele>420.20999999999998</ele>
      </trkpt>
      <trkpt lat="48.762345062568784" lon="11.377154979854822">
        <ele>418.91000000000003</ele>
      </trkpt>
      <trkpt lat="48.762283707037568" lon="11.377038722857833">
        <ele>417.80000000000001</ele>
      </trkpt>
      <trkpt lat="48.762230230495334" lon="11.376925315707922">
        <ele>418.25</ele>
      </trkpt>
      <trkpt lat="48.762177592143416" lon="11.376799670979381">
        <ele>417.88999999999999</ele>
      </trkpt>
      <trkpt lat="48.762113722041249" lon="11.376695735380054">
        <ele>417.61000000000001</ele>
      </trkpt>
      <trkpt lat="48.762046080082655" lon="11.376580400392413">
        <ele>418.31</ele>
      </trkpt>
      <trkpt lat="48.761978773400187" lon="11.376489540562034">
        <ele>421.16000000000003</ele>
      </trkpt>
      <trkpt lat="48.761930828914046" lon="11.376367164775729">
        <ele>423.04000000000002</ele>
      </trkpt>
      <trkpt lat="48.761861845850945" lon="11.376263983547688">
        <ele>422.13</ele>
      </trkpt>
      <trkpt lat="48.761807195842266" lon="11.376151330769062">
        <ele>420.49000000000001</ele>
      </trkpt>
      <trkpt lat="48.761747851967812" lon="11.376026188954711">
        <ele>419.85000000000002</ele>
      </trkpt>
      <trkpt lat="48.76169060356915" lon="11.375918732956052">
        <ele>418.73000000000002</ele>
      </trkpt>
      <trkpt lat="48.761638132855296" lon="11.375797698274255">
        <ele>418.02999999999997</ele>
      </trkpt>
      <trkpt lat="48.761597899720073" lon="11.375674065202475">
        <ele>417.58999999999997</ele>
      </trkpt>
      <trkpt lat="48.76150444149971" lon="11.375614302232862">
        <ele>417.69</ele>
      </trkpt>
      <trkpt lat="48.761412911117077" lon="11.37561128474772">
        <ele>417.44</ele>
      </trkpt>
      <trkpt lat="48.761316435411572" lon="11.375626958906651">
        <ele>418.88</ele>
      </trkpt>
      <trkpt lat="48.761219875887036" lon="11.375644560903311">
        <ele>417.81999999999999</ele>
      </trkpt>
      <trkpt lat="48.761123903095722" lon="11.375682782381773">
        <ele>415.85000000000002</ele>
      </trkpt>
      <trkpt lat="48.761033797636628" lon="11.37570122256875">
        <ele>414.18000000000001</ele>
      </trkpt>
      <trkpt lat="48.760941429063678" lon="11.375702479854226">
        <ele>413.23000000000002</ele>
      </trkpt>
      <trkpt lat="48.760843612253666" lon="11.375717902556062">
        <ele>411.88</ele>
      </trkpt>
      <trkpt lat="48.760745795443654" lon="11.375717902556062">
        <ele>412.82999999999998</ele>
      </trkpt>
      <trkpt lat="48.760644709691405" lon="11.375732570886612">
        <ele>413.91000000000003</ele>
      </trkpt>
      <trkpt lat="48.760558124631643" lon="11.375788310542703">
        <ele>415.31999999999999</ele>
      </trkpt>
      <trkpt lat="48.760466426610947" lon="11.375783365219831">
        <ele>417.24000000000001</ele>
      </trkpt>
      <trkpt lat="48.760370202362537" lon="11.375767439603806">
        <ele>420.44999999999999</ele>
      </trkpt>
      <trkpt lat="48.760278420522809" lon="11.37575788423419">
        <ele>423.88</ele>
      </trkpt>
      <trkpt lat="48.760186806321144" lon="11.375746065750718">
        <ele>423.27999999999997</ele>
      </trkpt>
      <trkpt lat="48.760100388899446" lon="11.375797111541033">
        <ele>423.00999999999999</ele>
      </trkpt>
      <trkpt lat="48.76001070253551" lon="11.375811444595456">
        <ele>420.83999999999997</ele>
      </trkpt>
      <trkpt lat="48.759918920695782" lon="11.375832315534353">
        <ele>419.61000000000001</ele>
      </trkpt>
      <trkpt lat="48.759856056421995" lon="11.375946812331676">
        <ele>419.29000000000002</ele>
      </trkpt>
      <trkpt lat="48.759865611791611" lon="11.376088717952371">
        <ele>416.79000000000002</ele>
      </trkpt>
      <trkpt lat="48.759813392534852" lon="11.376201789826155">
        <ele>414.73000000000002</ele>
      </trkpt>
      <trkpt lat="48.759835604578257" lon="11.376346796751022">
        <ele>414.70999999999998</ele>
      </trkpt>
      <trkpt lat="48.759832754731178" lon="11.376495659351349">
        <ele>415.98000000000002</ele>
      </trkpt>
      <trkpt lat="48.759827055037022" lon="11.376640414819121">
        <ele>416.30000000000001</ele>
      </trkpt>
      <trkpt lat="48.759825211018324" lon="11.376779638230801">
        <ele>416.38999999999999</ele>
      </trkpt>
      <trkpt lat="48.759828479960561" lon="11.376927327364683">
        <ele>416.69</ele>
      </trkpt>
      <trkpt lat="48.759829821065068" lon="11.377072753384709">
        <ele>415.83999999999997</ele>
      </trkpt>
      <trkpt lat="48.759836526587605" lon="11.377208540216088">
        <ele>414.97000000000003</ele>
      </trkpt>
      <trkpt lat="48.759840885177255" lon="11.377356145530939">
        <ele>415.56</ele>
      </trkpt>
      <trkpt lat="48.75984993763268" lon="11.377492602914572">
        <ele>417.19</ele>
      </trkpt>
      <trkpt lat="48.759831245988607" lon="11.377627132460475">
        <ele>417.50999999999999</ele>
      </trkpt>
      <trkpt lat="48.759828060865402" lon="11.377772139385343">
        <ele>416.85000000000002</ele>
      </trkpt>
      <trkpt lat="48.759821942076087" lon="11.377908596768975">
        <ele>416.54000000000002</ele>
      </trkpt>
      <trkpt lat="48.759812135249376" lon="11.378053352236748">
        <ele>417.29000000000002</ele>
      </trkpt>
      <trkpt lat="48.759812638163567" lon="11.378196263685822">
        <ele>417.32999999999998</ele>
      </trkpt>
      <trkpt lat="48.759829318150878" lon="11.378341186791658">
        <ele>415.18000000000001</ele>
      </trkpt>
      <trkpt lat="48.759815320372581" lon="11.378480913117528">
        <ele>414.79000000000002</ele>
      </trkpt>
      <trkpt lat="48.759815571829677" lon="11.378626925870776">
        <ele>416.11000000000001</ele>
      </trkpt>
      <trkpt lat="48.759830826893449" lon="11.378761623054743">
        <ele>416.62</ele>
      </trkpt>
      <trkpt lat="48.759835436940193" lon="11.378907719627023">
        <ele>416.07999999999998</ele>
      </trkpt>
      <trkpt lat="48.759833257645369" lon="11.379045601934195">
        <ele>416.37</ele>
      </trkpt>
      <trkpt lat="48.759823031723499" lon="11.379198404029012">
        <ele>417.50999999999999</ele>
      </trkpt>
      <trkpt lat="48.759827725589275" lon="11.37933611869812">
        <ele>417.89999999999998</ele>
      </trkpt>
      <trkpt lat="48.75984407030046" lon="11.379483891651034">
        <ele>416.38</ele>
      </trkpt>
      <trkpt lat="48.759854296222329" lon="11.379624623805285">
        <ele>416.14999999999998</ele>
      </trkpt>
      <trkpt lat="48.759876172989607" lon="11.379760662093759">
        <ele>416.67000000000002</ele>
      </trkpt>
      <trkpt lat="48.759895032271743" lon="11.379897370934486">
        <ele>416.00999999999999</ele>
      </trkpt>
      <trkpt lat="48.759926464408636" lon="11.380038941279054">
        <ele>418.26999999999998</ele>
      </trkpt>
      <trkpt lat="48.759957812726498" lon="11.380175650119781">
        <ele>419.13</ele>
      </trkpt>
      <trkpt lat="48.759980862960219" lon="11.380324847996235">
        <ele>419.47000000000003</ele>
      </trkpt>
      <trkpt lat="48.760012546554208" lon="11.380463233217597">
        <ele>419.69</ele>
      </trkpt>
      <trkpt lat="48.760048002004623" lon="11.380588794127107">
        <ele>419.14999999999998</ele>
      </trkpt>
      <trkpt lat="48.76005319878459" lon="11.380742266774178">
        <ele>418.29000000000002</ele>
      </trkpt>
      <trkpt lat="48.759988490492105" lon="11.380849555134773">
        <ele>416.83999999999997</ele>
      </trkpt>
      <trkpt lat="48.759903414174914" lon="11.380896829068661">
        <ele>417.13</ele>
      </trkpt>
      <trkpt lat="48.759810291230679" lon="11.380940498784184">
        <ele>417.39999999999998</ele>
      </trkpt>
      <trkpt lat="48.759716162458062" lon="11.380977798253298">
        <ele>417.56999999999999</ele>
      </trkpt>
      <trkpt lat="48.759622033685446" lon="11.381013672798872">
        <ele>418.05000000000001</ele>
      </trkpt>
      <trkpt lat="48.75952840782702" lon="11.381054157391191">
        <ele>418.64999999999998</ele>
      </trkpt>
      <trkpt lat="48.759429417550564" lon="11.381103359162807">
        <ele>419.70999999999998</ele>
      </trkpt>
      <trkpt lat="48.759329337626696" lon="11.381143257021904">
        <ele>419.79000000000002</ele>
      </trkpt>
      <trkpt lat="48.759231939911842" lon="11.381175443530083">
        <ele>420.69999999999999</ele>
      </trkpt>
      <trkpt lat="48.759141331538558" lon="11.381218023598194">
        <ele>421.07999999999998</ele>
      </trkpt>
      <trkpt lat="48.759052902460098" lon="11.381279714405537">
        <ele>420.33999999999997</ele>
      </trkpt>
      <trkpt lat="48.758968580514193" lon="11.38134341686964">
        <ele>419.91000000000003</ele>
      </trkpt>
      <trkpt lat="48.7588731944561" lon="11.381380297243595">
        <ele>417.87</ele>
      </trkpt>
      <trkpt lat="48.758784849196672" lon="11.381439473479986">
        <ele>417.66000000000003</ele>
      </trkpt>
      <trkpt lat="48.758690804243088" lon="11.381475180387497">
        <ele>418.11000000000001</ele>
      </trkpt>
      <trkpt lat="48.758596172556281" lon="11.381484400480986">
        <ele>417.81</ele>
      </trkpt>
      <trkpt lat="48.758513862267137" lon="11.381554054096341">
        <ele>418.06</ele>
      </trkpt>
      <trkpt lat="48.75842853449285" lon="11.381609123200178">
        <ele>416.95999999999998</ele>
      </trkpt>
      <trkpt lat="48.758336752653122" lon="11.381659079343081">
        <ele>415.17000000000002</ele>
      </trkpt>
      <trkpt lat="48.758238684386015" lon="11.381683303043246">
        <ele>416.30000000000001</ele>
      </trkpt>
      <trkpt lat="48.758144555613399" lon="11.381730241701007">
        <ele>416.62</ele>
      </trkpt>
      <trkpt lat="48.75806107185781" lon="11.381788495928049">
        <ele>417.81</ele>
      </trkpt>
      <trkpt lat="48.757977839559317" lon="11.381842475384474">
        <ele>418.66000000000003</ele>
      </trkpt>
      <trkpt lat="48.757896199822426" lon="11.381915649399161">
        <ele>418.54000000000002</ele>
      </trkpt>
      <trkpt lat="48.757804920896888" lon="11.381954792886972">
        <ele>418.45999999999998</ele>
      </trkpt>
      <trkpt lat="48.757714480161667" lon="11.381950099021196">
        <ele>418.44999999999999</ele>
      </trkpt>
      <trkpt lat="48.757615825161338" lon="11.381972143426538">
        <ele>419.35000000000002</ele>
      </trkpt>
      <trkpt lat="48.757524630054832" lon="11.382023775950074">
        <ele>417.81999999999999</ele>
      </trkpt>
      <trkpt lat="48.757432429119945" lon="11.382074821740389">
        <ele>417.92000000000002</ele>
      </trkpt>
      <trkpt lat="48.757345676422119" lon="11.382120419293642">
        <ele>419.56999999999999</ele>
      </trkpt>
      <trkpt lat="48.757259007543325" lon="11.382173979654908">
        <ele>419.95999999999998</ele>
      </trkpt>
      <trkpt lat="48.757165465503931" lon="11.382215218618512">
        <ele>419.67000000000002</ele>
      </trkpt>
      <trkpt lat="48.757079215720296" lon="11.382265593856573">
        <ele>419.22000000000003</ele>
      </trkpt>
      <trkpt lat="48.756985338404775" lon="11.382304653525352">
        <ele>418.43000000000001</ele>
      </trkpt>
      <trkpt lat="48.756901100277901" lon="11.382368858903646">
        <ele>416.75</ele>
      </trkpt>
      <trkpt lat="48.756807139143348" lon="11.382397776469588">
        <ele>415.60000000000002</ele>
      </trkpt>
      <trkpt lat="48.756715357303619" lon="11.382447648793459">
        <ele>415.63</ele>
      </trkpt>
      <trkpt lat="48.756624246016145" lon="11.382482098415494">
        <ele>415.5</ele>
      </trkpt>
      <trkpt lat="48.756531793624163" lon="11.382526103407145">
        <ele>415.83999999999997</ele>
      </trkpt>
      <trkpt lat="48.756445627659559" lon="11.382570778951049">
        <ele>415.94999999999999</ele>
      </trkpt>
      <trkpt lat="48.756355103105307" lon="11.382593074813485">
        <ele>416.25</ele>
      </trkpt>
      <trkpt lat="48.756262231618166" lon="11.382620483636856">
        <ele>417.75</ele>
      </trkpt>
      <trkpt lat="48.75617447309196" lon="11.382652251049876">
        <ele>417.50999999999999</ele>
      </trkpt>
      <trkpt lat="48.756084032356739" lon="11.382702207192779">
        <ele>416.36000000000001</ele>
      </trkpt>
      <trkpt lat="48.756002308800817" lon="11.382641354575753">
        <ele>415.99000000000001</ele>
      </trkpt>
      <trkpt lat="48.755941037088633" lon="11.38252685777843">
        <ele>416.38999999999999</ele>
      </trkpt>
      <trkpt lat="48.755913292989135" lon="11.382396183907986">
        <ele>416.38999999999999</ele>
      </trkpt>
      <trkpt lat="48.755863420665264" lon="11.382272886112332">
        <ele>416.80000000000001</ele>
      </trkpt>
      <trkpt lat="48.75582167878747" lon="11.382135422900319">
        <ele>416.69</ele>
      </trkpt>
      <trkpt lat="48.755811620503664" lon="11.381987733766437">
        <ele>415.60000000000002</ele>
      </trkpt>
      <trkpt lat="48.755783624947071" lon="11.381850773468614">
        <ele>415.72000000000003</ele>
      </trkpt>
      <trkpt lat="48.7557527795434" lon="11.381719764322042">
        <ele>415.29000000000002</ele>
      </trkpt>
      <trkpt lat="48.75572151504457" lon="11.3815803732723">
        <ele>416.18000000000001</ele>
      </trkpt>
      <trkpt lat="48.755680276080966" lon="11.381446179002523">
        <ele>419.86000000000001</ele>
      </trkpt>
      <trkpt lat="48.755595702677965" lon="11.381392534822226">
        <ele>424.75999999999999</ele>
      </trkpt>
      <trkpt lat="48.75549822114408" lon="11.381372837349772">
        <ele>424.37</ele>
      </trkpt>
      <trkpt lat="48.75540534965694" lon="11.38136588037014">
        <ele>424.32999999999998</ele>
      </trkpt>
      <trkpt lat="48.755314322188497" lon="11.381415585055947">
        <ele>423.11000000000001</ele>
      </trkpt>
      <trkpt lat="48.75522505491972" lon="11.381446933373809">
        <ele>422.17000000000002</ele>
      </trkpt>
      <trkpt lat="48.755142744630575" lon="11.381511054933071">
        <ele>420.98000000000002</ele>
      </trkpt>
      <trkpt lat="48.75504769384861" lon="11.381532261148095">
        <ele>421.75999999999999</ele>
      </trkpt>
      <trkpt lat="48.754959851503372" lon="11.381586156785488">
        <ele>420.5</ele>
      </trkpt>
      <trkpt lat="48.754869997501373" lon="11.381625719368458">
        <ele>419.33999999999997</ele>
      </trkpt>
      <trkpt lat="48.754775868728757" lon="11.381635190919042">
        <ele>419.19999999999999</ele>
      </trkpt>
      <trkpt lat="48.754685847088695" lon="11.381669975817204">
        <ele>418.79000000000002</ele>
      </trkpt>
      <trkpt lat="48.754594484344125" lon="11.381681878119707">
        <ele>419.61000000000001</ele>
      </trkpt>
      <trkpt lat="48.754502953961492" lon="11.381731666624546">
        <ele>419.26999999999998</ele>
      </trkpt>
      <trkpt lat="48.754415949806571" lon="11.381783215329051">
        <ele>419.69</ele>
      </trkpt>
      <trkpt lat="48.754322323948145" lon="11.381841469556093">
        <ele>420.12</ele>
      </trkpt>
      <trkpt lat="48.75422827899456" lon="11.381884971633554">
        <ele>420.92000000000002</ele>
      </trkpt>
      <trkpt lat="48.754144292324781" lon="11.381940711289644">
        <ele>421.04000000000002</ele>
      </trkpt>
      <trkpt lat="48.754058964550495" lon="11.381989158689976">
        <ele>420.63</ele>
      </trkpt>
      <trkpt lat="48.753975983709097" lon="11.382053196430206">
        <ele>419.44999999999999</ele>
      </trkpt>
      <trkpt lat="48.753888979554176" lon="11.382113378494978">
        <ele>419.25</ele>
      </trkpt>
      <trkpt lat="48.753792252391577" lon="11.382141541689634">
        <ele>419.57999999999998</ele>
      </trkpt>
      <trkpt lat="48.75370055437088" lon="11.382165346294641">
        <ele>418.36000000000001</ele>
      </trkpt>
      <trkpt lat="48.753605000674725" lon="11.382202645763755">
        <ele>416.57999999999998</ele>
      </trkpt>
      <trkpt lat="48.753511207178235" lon="11.382241118699312">
        <ele>416.88999999999999</ele>
      </trkpt>
      <trkpt lat="48.753423113375902" lon="11.382288308814168">
        <ele>417.14999999999998</ele>
      </trkpt>
      <trkpt lat="48.753336612135172" lon="11.382358213886619">
        <ele>417.82999999999998</ele>
      </trkpt>
      <trkpt lat="48.753261426463723" lon="11.382445218041539">
        <ele>418.43000000000001</ele>
      </trkpt>
      <trkpt lat="48.753165286034346" lon="11.382475644350052">
        <ele>419.00999999999999</ele>
      </trkpt>
      <trkpt lat="48.753069648519158" lon="11.382491486147046">
        <ele>419.57999999999998</ele>
      </trkpt>
      <trkpt lat="48.752979040145874" lon="11.382495006546378">
        <ele>420.19999999999999</ele>
      </trkpt>
      <trkpt lat="48.752881810069084" lon="11.382515961304307">
        <ele>422.08999999999997</ele>
      </trkpt>
      <trkpt lat="48.752782735973597" lon="11.38255518861115">
        <ele>422.12</ele>
      </trkpt>
      <trkpt lat="48.75268567353487" lon="11.382581423968077">
        <ele>422.10000000000002</ele>
      </trkpt>
      <trkpt lat="48.752594394609332" lon="11.382602462545037">
        <ele>422.13</ele>
      </trkpt>
      <trkpt lat="48.752502780407667" lon="11.382613442838192">
        <ele>420.42000000000002</ele>
      </trkpt>
      <trkpt lat="48.752414435148239" lon="11.382661890238523">
        <ele>421.31</ele>
      </trkpt>
      <trkpt lat="48.752326592803001" lon="11.382713690400124">
        <ele>421.92000000000002</ele>
      </trkpt>
      <trkpt lat="48.752236738801003" lon="11.382761131972075">
        <ele>422.74000000000001</ele>
      </trkpt>
      <trkpt lat="48.752156607806683" lon="11.382826007902622">
        <ele>424.62</ele>
      </trkpt>
      <trkpt lat="48.752059880644083" lon="11.382838496938348">
        <ele>426.01999999999998</ele>
      </trkpt>
      <trkpt lat="48.751963321119547" lon="11.382881412282586">
        <ele>429.72000000000003</ele>
      </trkpt>
      <trkpt lat="48.75188184902072" lon="11.382977720350027">
        <ele>431.38</ele>
      </trkpt>
      <trkpt lat="48.751822672784328" lon="11.383116273209453">
        <ele>429.68000000000001</ele>
      </trkpt>
      <trkpt lat="48.75174262560904" lon="11.383211240172386">
        <ele>429.04000000000002</ele>
      </trkpt>
      <trkpt lat="48.751659225672483" lon="11.383264968171716">
        <ele>427.13</ele>
      </trkpt>
      <trkpt lat="48.751605832949281" lon="11.383392792195082">
        <ele>426.31999999999999</ele>
      </trkpt>
      <trkpt lat="48.751602564007044" lon="11.383537715300918">
        <ele>424.79000000000002</ele>
      </trkpt>
      <trkpt lat="48.751543974503875" lon="11.383671574294567">
        <ele>425.31999999999999</ele>
      </trkpt>
      <trkpt lat="48.751524779945612" lon="11.383826052770019">
        <ele>427.41000000000003</ele>
      </trkpt>
      <trkpt lat="48.751556379720569" lon="11.383955301716924">
        <ele>428.39999999999998</ele>
      </trkpt>
      <trkpt lat="48.75160725787282" lon="11.384078180417418">
        <ele>428.93000000000001</ele>
      </trkpt>
      <trkpt lat="48.751658806577325" lon="11.38419795781374">
        <ele>427.81999999999999</ele>
      </trkpt>
      <trkpt lat="48.751658806577325" lon="11.38419795781374">
        <ele>427.81999999999999</ele>
      </trkpt>
      <trkpt lat="48.751688227057457" lon="11.38432938605547">
        <ele>427.61000000000001</ele>
      </trkpt>
      <trkpt lat="48.751724855974317" lon="11.384461233392358">
        <ele>428.11000000000001</ele>
      </trkpt>
      <trkpt lat="48.751788726076484" lon="11.384561145678163">
        <ele>427.76999999999998</ele>
      </trkpt>
      <trkpt lat="48.751855026930571" lon="11.384661812335253">
        <ele>426.66000000000003</ele>
      </trkpt>
      <trkpt lat="48.75191411934793" lon="11.384767927229404">
        <ele>424.94</ele>
      </trkpt>
      <trkpt lat="48.751977067440748" lon="11.384878316894174">
        <ele>423.50999999999999</ele>
      </trkpt>
      <trkpt lat="48.752035740762949" lon="11.384985437616706">
        <ele>423.72000000000003</ele>
      </trkpt>
      <trkpt lat="48.752103131264448" lon="11.385097755119205">
        <ele>421.25999999999999</ele>
      </trkpt>
      <trkpt lat="48.752159541472793" lon="11.385219292715192">
        <ele>418.52999999999997</ele>
      </trkpt>
      <trkpt lat="48.752207569777966" lon="11.385344015434384">
        <ele>417.81999999999999</ele>
      </trkpt>
      <trkpt lat="48.752261465415359" lon="11.385457841679454">
        <ele>418.81</ele>
      </trkpt>
      <trkpt lat="48.752317121252418" lon="11.385583402588964">
        <ele>418.49000000000001</ele>
      </trkpt>
      <trkpt lat="48.752370346337557" lon="11.38569513335824">
        <ele>418.41000000000003</ele>
      </trkpt>
      <trkpt lat="48.752436814829707" lon="11.385809713974595">
        <ele>418.37</ele>
      </trkpt>
      <trkpt lat="48.752495404332876" lon="11.385935693979263">
        <ele>417.10000000000002</ele>
      </trkpt>
      <trkpt lat="48.752562291920185" lon="11.386043066158891">
        <ele>415.88999999999999</ele>
      </trkpt>
      <trkpt lat="48.752640495076776" lon="11.386117581278086">
        <ele>412.72000000000003</ele>
      </trkpt>
      <trkpt lat="48.752691457048059" lon="11.386238280683756">
        <ele>413.81</ele>
      </trkpt>
      <trkpt lat="48.752715596929193" lon="11.386373061686754">
        <ele>415.77999999999997</ele>
      </trkpt>
      <trkpt lat="48.752728588879108" lon="11.386520499363542">
        <ele>416.88</ele>
      </trkpt>
      <trkpt lat="48.752759015187621" lon="11.38666165061295">
        <ele>416.72000000000003</ele>
      </trkpt>
      <trkpt lat="48.752788519486785" lon="11.386795174330473">
        <ele>416.06999999999999</ele>
      </trkpt>
      <trkpt lat="48.752788435667753" lon="11.386933643370867">
        <ele>417.33999999999997</ele>
      </trkpt>
      <trkpt lat="48.752786172553897" lon="11.387077057734132">
        <ele>415.38999999999999</ele>
      </trkpt>
      <trkpt lat="48.75278240069747" lon="11.387224746868014">
        <ele>417.38999999999999</ele>
      </trkpt>
      <trkpt lat="48.752797739580274" lon="11.387374112382531">
        <ele>418.86000000000001</ele>
      </trkpt>
      <trkpt lat="48.752793883904815" lon="11.387517778202891">
        <ele>420.05000000000001</ele>
      </trkpt>
      <trkpt lat="48.752799835056067" lon="11.387662785127759">
        <ele>419.79000000000002</ele>
      </trkpt>
      <trkpt lat="48.752828501164913" lon="11.387809133157134">
        <ele>417.38999999999999</ele>
      </trkpt>
      <trkpt lat="48.752830009907484" lon="11.387950368225574">
        <ele>411.94999999999999</ele>
      </trkpt>
      <trkpt lat="48.752860687673092" lon="11.388079952448606">
        <ele>412.06999999999999</ele>
      </trkpt>
      <trkpt lat="48.752906620502472" lon="11.388211296871305">
        <ele>412.38</ele>
      </trkpt>
      <trkpt lat="48.752957498654723" lon="11.388331158086658">
        <ele>413.75999999999999</ele>
      </trkpt>
      <trkpt lat="48.752951128408313" lon="11.388468788936734">
        <ele>414.81999999999999</ele>
      </trkpt>
      <trkpt lat="48.752961941063404" lon="11.388605078682303">
        <ele>417.76999999999998</ele>
      </trkpt>
      <trkpt lat="48.75298909842968" lon="11.388735165819526">
        <ele>417.47000000000003</ele>
      </trkpt>
      <trkpt lat="48.753002760931849" lon="11.388871623203158">
        <ele>417.43000000000001</ele>
      </trkpt>
      <trkpt lat="48.753021201118827" lon="11.38901537284255">
        <ele>419.38</ele>
      </trkpt>
      <trkpt lat="48.753027990460396" lon="11.389154344797134">
        <ele>419.32999999999998</ele>
      </trkpt>
      <trkpt lat="48.753071408718824" lon="11.389285186305642">
        <ele>420.48000000000002</ele>
      </trkpt>
      <trkpt lat="48.753065792843699" lon="11.38942826539278">
        <ele>420.13999999999999</ele>
      </trkpt>
      <trkpt lat="48.753033522516489" lon="11.389564387500286">
        <ele>420.05000000000001</ele>
      </trkpt>
      <trkpt lat="48.752990271896124" lon="11.38969698920846">
        <ele>422.75</ele>
      </trkpt>
      <trkpt lat="48.752935035154223" lon="11.389819700270891">
        <ele>422.77999999999997</ele>
      </trkpt>
      <trkpt lat="48.752881893888116" lon="11.389953726902604">
        <ele>421.38</ele>
      </trkpt>
      <trkpt lat="48.75282640568912" lon="11.390065792948008">
        <ele>420.22000000000003</ele>
      </trkpt>
      <trkpt lat="48.752738982439041" lon="11.390128489583731">
        <ele>418.92000000000002</ele>
      </trkpt>
      <trkpt lat="48.752664551138878" lon="11.390227396041155">
        <ele>417.06999999999999</ele>
      </trkpt>
      <trkpt lat="48.752597328275442" lon="11.39032831415534">
        <ele>417.52999999999997</ele>
      </trkpt>
      <trkpt lat="48.75253077596426" lon="11.390421353280544">
        <ele>419.98000000000002</ele>
      </trkpt>
      <trkpt lat="48.752469923347235" lon="11.390525288879871">
        <ele>421.95999999999998</ele>
      </trkpt>
      <trkpt lat="48.752399599179626" lon="11.390627464279532">
        <ele>424.54000000000002</ele>
      </trkpt>
      <trkpt lat="48.752332208678126" lon="11.390728550031781">
        <ele>428.29000000000002</ele>
      </trkpt>
      <trkpt lat="48.752263728529215" lon="11.390822259709239">
        <ele>429.75</ele>
      </trkpt>
      <trkpt lat="48.75218384899199" lon="11.39094203710556">
        <ele>430.75</ele>
      </trkpt>
      <trkpt lat="48.752100951969624" lon="11.391005488112569">
        <ele>430.00999999999999</ele>
      </trkpt>
      <trkpt lat="48.752006320282817" lon="11.391033818945289">
        <ele>429.42000000000002</ele>
      </trkpt>
      <trkpt lat="48.75191462226212" lon="11.390972044318914">
        <ele>429.94</ele>
      </trkpt>
      <trkpt lat="48.75186625868082" lon="11.390841789543629">
        <ele>428.62</ele>
      </trkpt>
      <trkpt lat="48.751828791573644" lon="11.390707343816757">
        <ele>424.81</ele>
      </trkpt>
      <trkpt lat="48.751811189576983" lon="11.390562085434794">
        <ele>424.75</ele>
      </trkpt>
      <trkpt lat="48.751756707206368" lon="11.390447253361344">
        <ele>424.02999999999997</ele>
      </trkpt>
      <trkpt lat="48.751701135188341" lon="11.390337869524956">
        <ele>422.02999999999997</ele>
      </trkpt>
      <trkpt lat="48.751643970608711" lon="11.390229826793075">
        <ele>417.66000000000003</ele>
      </trkpt>
      <trkpt lat="48.751607509329915" lon="11.390097057446837">
        <ele>418.06999999999999</ele>
      </trkpt>
      <trkpt lat="48.751559313386679" lon="11.389976777136326">
        <ele>422.07999999999998</ele>
      </trkpt>
      <trkpt lat="48.751468788832426" lon="11.389946937561035">
        <ele>421.19</ele>
      </trkpt>
      <trkpt lat="48.751371474936604" lon="11.389955654740334">
        <ele>422.61000000000001</ele>
      </trkpt>
      <trkpt lat="48.75127550214529" lon="11.389971245080233">
        <ele>425.18000000000001</ele>
      </trkpt>
      <trkpt lat="48.751182798296213" lon="11.389970406889915">
        <ele>426.11000000000001</ele>
      </trkpt>
      <trkpt lat="48.751092022284865" lon="11.389967054128647">
        <ele>425.98000000000002</ele>
      </trkpt>
      <trkpt lat="48.751028152182698" lon="11.389848282560706">
        <ele>425.73000000000002</ele>
      </trkpt>
      <trkpt lat="48.750997809693217" lon="11.389710148796439">
        <ele>426.06</ele>
      </trkpt>
      <trkpt lat="48.75094810500741" lon="11.389582995325327">
        <ele>425.25999999999999</ele>
      </trkpt>
      <trkpt lat="48.750929245725274" lon="11.38943656347692">
        <ele>424.35000000000002</ele>
      </trkpt>
      <trkpt lat="48.750873506069183" lon="11.389321479946375">
        <ele>421.94999999999999</ele>
      </trkpt>
      <trkpt lat="48.750807456672192" lon="11.389207569882274">
        <ele>420.36000000000001</ele>
      </trkpt>
      <trkpt lat="48.750778120011091" lon="11.389076057821512">
        <ele>421.31</ele>
      </trkpt>
      <trkpt lat="48.750732103362679" lon="11.388953262940049">
        <ele>422.14999999999998</ele>
      </trkpt>
      <trkpt lat="48.750639650970697" lon="11.388902720063925">
        <ele>422.38</ele>
      </trkpt>
      <trkpt lat="48.750529177486897" lon="11.388869695365429">
        <ele>423.49000000000001</ele>
      </trkpt>
      <trkpt lat="48.750434797257185" lon="11.388857876881957">
        <ele>424.41000000000003</ele>
      </trkpt>
      <trkpt lat="48.750342428684235" lon="11.388837425038218">
        <ele>422.94999999999999</ele>
      </trkpt>
      <trkpt lat="48.750257520005107" lon="11.388752600178123">
        <ele>421.07999999999998</ele>
      </trkpt>
      <trkpt lat="48.750196499750018" lon="11.388650089502335">
        <ele>420.04000000000002</ele>
      </trkpt>
      <trkpt lat="48.750230530276895" lon="11.38853358104825">
        <ele>417.38999999999999</ele>
      </trkpt>
      <trkpt lat="48.750143023207784" lon="11.388467447832227">
        <ele>417.43000000000001</ele>
      </trkpt>
      <trkpt lat="48.750050151720643" lon="11.388448169454932">
        <ele>417.10000000000002</ele>
      </trkpt>
      <trkpt lat="48.749960213899612" lon="11.388440458104014">
        <ele>417.00999999999999</ele>
      </trkpt>
      <trkpt lat="48.749865330755711" lon="11.38842461630702">
        <ele>418.56</ele>
      </trkpt>
      <trkpt lat="48.749772878363729" lon="11.388375163078308">
        <ele>419.77999999999997</ele>
      </trkpt>
      <trkpt lat="48.749685538932681" lon="11.388323614373803">
        <ele>420.02999999999997</ele>
      </trkpt>
      <trkpt lat="48.749589649960399" lon="11.388291427865624">
        <ele>418.44</ele>
      </trkpt>
      <trkpt lat="48.7495032325387" lon="11.388233006000519">
        <ele>418.82999999999998</ele>
      </trkpt>
      <trkpt lat="48.749416982755065" lon="11.388166872784495">
        <ele>418.42000000000002</ele>
      </trkpt>
      <trkpt lat="48.749339282512665" lon="11.388096129521728">
        <ele>417.98000000000002</ele>
      </trkpt>
      <trkpt lat="48.749252865090966" lon="11.38805665075779">
        <ele>417.25</ele>
      </trkpt>
      <trkpt lat="48.749156054109335" lon="11.388022787868977">
        <ele>416.44</ele>
      </trkpt>
      <trkpt lat="48.749071480706334" lon="11.387966796755791">
        <ele>416.61000000000001</ele>
      </trkpt>
      <trkpt lat="48.748973915353417" lon="11.38799998909235">
        <ele>415.58999999999997</ele>
      </trkpt>
      <trkpt lat="48.748883306980133" lon="11.3880630210042">
        <ele>415.13</ele>
      </trkpt>
      <trkpt lat="48.74879227951169" lon="11.38812655583024">
        <ele>415.56</ele>
      </trkpt>
      <trkpt lat="48.7487140763551" lon="11.3882115483284">
        <ele>416.85000000000002</ele>
      </trkpt>
      <trkpt lat="48.748628329485655" lon="11.38826334849">
        <ele>417.97000000000003</ele>
      </trkpt>
      <trkpt lat="48.748549036681652" lon="11.388343311846256">
        <ele>417.29000000000002</ele>
      </trkpt>
      <trkpt lat="48.748472258448601" lon="11.388428974896669">
        <ele>416.33999999999997</ele>
      </trkpt>
      <trkpt lat="48.748394725844264" lon="11.388527294620872">
        <ele>415.22000000000003</ele>
      </trkpt>
      <trkpt lat="48.748306715860963" lon="11.388620501384139">
        <ele>414.32999999999998</ele>
      </trkpt>
      <trkpt lat="48.748236391693354" lon="11.388719156384468">
        <ele>414.85000000000002</ele>
      </trkpt>
      <trkpt lat="48.748163552954793" lon="11.388803813606501">
        <ele>414.49000000000001</ele>
      </trkpt>
      <trkpt lat="48.748092306777835" lon="11.388898026198149">
        <ele>415.02999999999997</ele>
      </trkpt>
      <trkpt lat="48.748015277087688" lon="11.388996429741383">
        <ele>415.26999999999998</ele>
      </trkpt>
      <trkpt lat="48.747938247397542" lon="11.389069184660912">
        <ele>417.42000000000002</ele>
      </trkpt>
      <trkpt lat="48.74785702675581" lon="11.389149064198136">
        <ele>418.04000000000002</ele>
      </trkpt>
      <trkpt lat="48.747778153046966" lon="11.389237493276596">
        <ele>417.80000000000001</ele>
      </trkpt>
      <trkpt lat="48.747692741453648" lon="11.389309577643871">
        <ele>419.22000000000003</ele>
      </trkpt>
      <trkpt lat="48.747616717591882" lon="11.389404041692615">
        <ele>419.88</ele>
      </trkpt>
      <trkpt lat="48.747536167502403" lon="11.389480903744698">
        <ele>419.85000000000002</ele>
      </trkpt>
      <trkpt lat="48.747451594099402" lon="11.389557933434844">
        <ele>422.04000000000002</ele>
      </trkpt>
      <trkpt lat="48.747379761189222" lon="11.389645356684923">
        <ele>423.56999999999999</ele>
      </trkpt>
      <trkpt lat="48.747306419536471" lon="11.389736048877239">
        <ele>423.97000000000003</ele>
      </trkpt>
      <trkpt lat="48.747243219986558" lon="11.389835709705949">
        <ele>422.88</ele>
      </trkpt>
      <trkpt lat="48.747196616604924" lon="11.389964455738664">
        <ele>421.27999999999997</ele>
      </trkpt>
      <trkpt lat="48.747133584693074" lon="11.390067720785737">
        <ele>419.12</ele>
      </trkpt>
      <trkpt lat="48.747055381536484" lon="11.390163861215115">
        <ele>416.62</ele>
      </trkpt>
      <trkpt lat="48.746993942186236" lon="11.390266790986061">
        <ele>415.5</ele>
      </trkpt>
      <trkpt lat="48.746914314106107" lon="11.39035027474165">
        <ele>416.17000000000002</ele>
      </trkpt>
      <trkpt lat="48.746850108727813" lon="11.390458988025784">
        <ele>415.91000000000003</ele>
      </trkpt>
      <trkpt lat="48.746836027130485" lon="11.390596702694893">
        <ele>414.80000000000001</ele>
      </trkpt>
      <trkpt lat="48.746857903897762" lon="11.390731986612082">
        <ele>414.75</ele>
      </trkpt>
      <trkpt lat="48.746877182275057" lon="11.390866013243794">
        <ele>413.91000000000003</ele>
      </trkpt>
      <trkpt lat="48.746939543634653" lon="11.390978498384356">
        <ele>413.18000000000001</ele>
      </trkpt>
      <trkpt lat="48.746987152844667" lon="11.391106406226754">
        <ele>410.82999999999998</ele>
      </trkpt>
      <trkpt lat="48.747057896107435" lon="11.391207659617066">
        <ele>409.88</ele>
      </trkpt>
      <trkpt lat="48.747140625491738" lon="11.391277313232422">
        <ele>409.88</ele>
      </trkpt>
      <trkpt lat="48.747201645746827" lon="11.391401281580329">
        <ele>410.27999999999997</ele>
      </trkpt>
      <trkpt lat="48.747268030419946" lon="11.391499517485499">
        <ele>409.97000000000003</ele>
      </trkpt>
      <trkpt lat="48.747330559417605" lon="11.391615942120552">
        <ele>410.76999999999998</ele>
      </trkpt>
      <trkpt lat="48.747400799766183" lon="11.39170914888382">
        <ele>412.35000000000002</ele>
      </trkpt>
      <trkpt lat="48.747452851384878" lon="11.391823310405016">
        <ele>411.75999999999999</ele>
      </trkpt>
      <trkpt lat="48.747536335140467" lon="11.391901094466448">
        <ele>412.24000000000001</ele>
      </trkpt>
      <trkpt lat="48.747615795582533" lon="11.391979129984975">
        <ele>414.94</ele>
      </trkpt>
      <trkpt lat="48.74766843393445" lon="11.392091196030378">
        <ele>414.41000000000003</ele>
      </trkpt>
      <trkpt lat="48.747740602120757" lon="11.392185492441058">
        <ele>415.33999999999997</ele>
      </trkpt>
      <trkpt lat="48.747817883267999" lon="11.392273250967264">
        <ele>414.87</ele>
      </trkpt>
      <trkpt lat="48.747911425307393" lon="11.392317591235042">
        <ele>415.92000000000002</ele>
      </trkpt>
      <trkpt lat="48.747996501624584" lon="11.392371319234371">
        <ele>415.33999999999997</ele>
      </trkpt>
      <trkpt lat="48.748074118047953" lon="11.392454635351896">
        <ele>415.64999999999998</ele>
      </trkpt>
      <trkpt lat="48.748164139688015" lon="11.392528899013996">
        <ele>416.24000000000001</ele>
      </trkpt>
      <trkpt lat="48.748237565159798" lon="11.392616322264075">
        <ele>417.08999999999997</ele>
      </trkpt>
      <trkpt lat="48.748324569314718" lon="11.392668457701802">
        <ele>416.24000000000001</ele>
      </trkpt>
      <trkpt lat="48.748397491872311" lon="11.3927514385432">
        <ele>414.50999999999999</ele>
      </trkpt>
      <trkpt lat="48.748480807989836" lon="11.392829222604632">
        <ele>413.70999999999998</ele>
      </trkpt>
      <trkpt lat="48.748576194047928" lon="11.392868869006634">
        <ele>414.18000000000001</ele>
      </trkpt>
      <trkpt lat="48.748673256486654" lon="11.392885046079755">
        <ele>415.85000000000002</ele>
      </trkpt>
      <trkpt lat="48.748762691393495" lon="11.392866605892777">
        <ele>417.69999999999999</ele>
      </trkpt>
      <trkpt lat="48.748860843479633" lon="11.392842466011643">
        <ele>417.98000000000002</ele>
      </trkpt>
      <trkpt lat="48.748961091041565" lon="11.392829306423664">
        <ele>418.24000000000001</ele>
      </trkpt>
      <trkpt lat="48.749052369967103" lon="11.39283936470747">
        <ele>417.14999999999998</ele>
      </trkpt>
      <trkpt lat="48.749144487082958" lon="11.392877670004964">
        <ele>417.97000000000003</ele>
      </trkpt>
      <trkpt lat="48.749238448217511" lon="11.392883537337184">
        <ele>417.99000000000001</ele>
      </trkpt>
      <trkpt lat="48.749327547848225" lon="11.392923770472407">
        <ele>417.41000000000003</ele>
      </trkpt>
      <trkpt lat="48.749416982755065" lon="11.392940450459719">
        <ele>417.58999999999997</ele>
      </trkpt>
      <trkpt lat="48.74950516037643" lon="11.392992166802287">
        <ele>418.22000000000003</ele>
      </trkpt>
      <trkpt lat="48.749574646353722" lon="11.393094761297107">
        <ele>419.04000000000002</ele>
      </trkpt>
      <trkpt lat="48.749650586396456" lon="11.393169024959207">
        <ele>419.98000000000002</ele>
      </trkpt>
      <trkpt lat="48.749746978282928" lon="11.393209341913462">
        <ele>420.60000000000002</ele>
      </trkpt>
      <trkpt lat="48.749840520322323" lon="11.393240187317133">
        <ele>418.54000000000002</ele>
      </trkpt>
      <trkpt lat="48.749921238049865" lon="11.393314115703106">
        <ele>416.79000000000002</ele>
      </trkpt>
      <trkpt lat="48.750009248033166" lon="11.393383853137493">
        <ele>417.45999999999998</ele>
      </trkpt>
      <trkpt lat="48.750098180025816" lon="11.393437078222632">
        <ele>417.27999999999997</ele>
      </trkpt>
      <trkpt lat="48.750188034027815" lon="11.393475886434317">
        <ele>416.25</ele>
      </trkpt>
      <trkpt lat="48.750281492248178" lon="11.393520478159189">
        <ele>416.08999999999997</ele>
      </trkpt>
      <trkpt lat="48.750369921326637" lon="11.39357378706336">
        <ele>416.52999999999997</ele>
      </trkpt>
      <trkpt lat="48.750448459759355" lon="11.393662551417947">
        <ele>416.87</ele>
      </trkpt>
      <trkpt lat="48.750506797805429" lon="11.393779730424285">
        <ele>418.10000000000002</ele>
      </trkpt>
      <trkpt lat="48.750589191913605" lon="11.39384645037353">
        <ele>417.89999999999998</ele>
      </trkpt>
      <trkpt lat="48.750675860792398" lon="11.393929598852992">
        <ele>417.42000000000002</ele>
      </trkpt>
      <trkpt lat="48.750761188566685" lon="11.393988020718098">
        <ele>416.63999999999999</ele>
      </trkpt>
      <trkpt lat="48.750850539654493" lon="11.394040491431952">
        <ele>415.88999999999999</ele>
      </trkpt>
      <trkpt lat="48.750939723104239" lon="11.394081898033619">
        <ele>416.75</ele>
      </trkpt>
      <trkpt lat="48.751026224344969" lon="11.394139062613249">
        <ele>418.72000000000003</ele>
      </trkpt>
      <trkpt lat="48.751117922365665" lon="11.394192120060325">
        <ele>418.35000000000002</ele>
      </trkpt>
      <trkpt lat="48.751201238483191" lon="11.394244926050305">
        <ele>417.49000000000001</ele>
      </trkpt>
      <trkpt lat="48.751284470781684" lon="11.394303934648633">
        <ele>417.23000000000002</ele>
      </trkpt>
      <trkpt lat="48.751374408602715" lon="11.394371073693037">
        <ele>416.83999999999997</ele>
      </trkpt>
      <trkpt lat="48.751458646729589" lon="11.394442403689027">
        <ele>417</ele>
      </trkpt>
      <trkpt lat="48.75155059620738" lon="11.394504010677338">
        <ele>416.94999999999999</ele>
      </trkpt>
      <trkpt lat="48.751624608412385" lon="11.394588500261307">
        <ele>415.97000000000003</ele>
      </trkpt>
      <trkpt lat="48.751703146845102" lon="11.394668379798532">
        <ele>414.66000000000003</ele>
      </trkpt>
      <trkpt lat="48.751780427992344" lon="11.394742140546441">
        <ele>413.12</ele>
      </trkpt>
      <trkpt lat="48.751870198175311" lon="11.394819421693683">
        <ele>412.81999999999999</ele>
      </trkpt>
      <trkpt lat="48.751951083540916" lon="11.394883207976818">
        <ele>414.45999999999998</ele>
      </trkpt>
      <trkpt lat="48.752026353031397" lon="11.3949722237885">
        <ele>414.81</ele>
      </trkpt>
      <trkpt lat="48.752107908949256" lon="11.395041290670633">
        <ele>415.18000000000001</ele>
      </trkpt>
      <trkpt lat="48.752173036336899" lon="11.395143046975136">
        <ele>416.63</ele>
      </trkpt>
      <trkpt lat="48.752243360504508" lon="11.395228458568454">
        <ele>417.61000000000001</ele>
      </trkpt>
      <trkpt lat="48.752308990806341" lon="11.395329795777798">
        <ele>417.17000000000002</ele>
      </trkpt>
      <trkpt lat="48.752372525632381" lon="11.39545108191669">
        <ele>415.56</ele>
      </trkpt>
      <trkpt lat="48.752453746274114" lon="11.395543282851577">
        <ele>412.73000000000002</ele>
      </trkpt>
      <trkpt lat="48.752519292756915" lon="11.395650571212173">
        <ele>412.56999999999999</ele>
      </trkpt>
      <trkpt lat="48.752577044069767" lon="11.395768756046891">
        <ele>413.47000000000003</ele>
      </trkpt>
      <trkpt lat="48.752640830352902" lon="11.395876463502645">
        <ele>413.93000000000001</ele>
      </trkpt>
      <trkpt lat="48.752730349078774" lon="11.395940165966749">
        <ele>412.23000000000002</ele>
      </trkpt>
      <trkpt lat="48.752803942188621" lon="11.396028678864241">
        <ele>411.75999999999999</ele>
      </trkpt>
      <trkpt lat="48.752876194193959" lon="11.396111827343702">
        <ele>411.04000000000002</ele>
      </trkpt>
      <trkpt lat="48.752948110923171" lon="11.396211069077253">
        <ele>411.72000000000003</ele>
      </trkpt>
      <trkpt lat="48.752999156713486" lon="11.396328583359718">
        <ele>413.37</ele>
      </trkpt>
      <trkpt lat="48.753069816157222" lon="11.396440900862217">
        <ele>413.19999999999999</ele>
      </trkpt>
      <trkpt lat="48.753140140324831" lon="11.39652849175036">
        <ele>411.22000000000003</ele>
      </trkpt>
      <trkpt lat="48.753196885809302" lon="11.396643156185746">
        <ele>407.44</ele>
      </trkpt>
      <trkpt lat="48.753265282139182" lon="11.396748516708612">
        <ele>402.48000000000002</ele>
      </trkpt>
      <trkpt lat="48.753327140584588" lon="11.396858738735318">
        <ele>397.07999999999998</ele>
      </trkpt>
      <trkpt lat="48.753407523036003" lon="11.396944569423795">
        <ele>392.79000000000002</ele>
      </trkpt>
      <trkpt lat="48.753477931022644" lon="11.39703718945384">
        <ele>395.07999999999998</ele>
      </trkpt>
      <trkpt lat="48.753510704264045" lon="11.397164091467857">
        <ele>401.42000000000002</ele>
      </trkpt>
      <trkpt lat="48.753555882722139" lon="11.397294094786048">
        <ele>403.75</ele>
      </trkpt>
      <trkpt lat="48.753580944612622" lon="11.397431641817093">
        <ele>404.79000000000002</ele>
      </trkpt>
      <trkpt lat="48.753599552437663" lon="11.397568434476852">
        <ele>405.69</ele>
      </trkpt>
      <trkpt lat="48.753610113635659" lon="11.397713525220752">
        <ele>406.24000000000001</ele>
      </trkpt>
      <trkpt lat="48.753614220768213" lon="11.397858280688524">
        <ele>407.30000000000001</ele>
      </trkpt>
      <trkpt lat="48.753575077280402" lon="11.397990044206381">
        <ele>412.44</ele>
      </trkpt>
      <trkpt lat="48.753531826660037" lon="11.398132536560297">
        <ele>412.60000000000002</ele>
      </trkpt>
      <trkpt lat="48.753492850810289" lon="11.398257678374648">
        <ele>413.63999999999999</ele>
      </trkpt>
      <trkpt lat="48.753435267135501" lon="11.398374605923891">
        <ele>414.88</ele>
      </trkpt>
      <trkpt lat="48.753373827785254" lon="11.398483403027058">
        <ele>416.26999999999998</ele>
      </trkpt>
      <trkpt lat="48.753302078694105" lon="11.398596726357937">
        <ele>418.69</ele>
      </trkpt>
      <trkpt lat="48.753228904679418" lon="11.398688340559602">
        <ele>419.16000000000003</ele>
      </trkpt>
      <trkpt lat="48.75314399600029" lon="11.398763190954924">
        <ele>419.56999999999999</ele>
      </trkpt>
      <trkpt lat="48.753052549436688" lon="11.398762268945575">
        <ele>417.88999999999999</ele>
      </trkpt>
      <trkpt lat="48.752962360158563" lon="11.39876595698297">
        <ele>417.52999999999997</ele>
      </trkpt>
      <trkpt lat="48.752870075404644" lon="11.398807698860765">
        <ele>417.75</ele>
      </trkpt>
      <trkpt lat="48.752785585820675" lon="11.398864528164268">
        <ele>416.13999999999999</ele>
      </trkpt>
      <trkpt lat="48.752704951912165" lon="11.398930074647069">
        <ele>415.41000000000003</ele>
      </trkpt>
      <trkpt lat="48.752626497298479" lon="11.399009870365262">
        <ele>415.16000000000003</ele>
      </trkpt>
      <trkpt lat="48.752538068220019" lon="11.399049265310168">
        <ele>414.88999999999999</ele>
      </trkpt>
      <trkpt lat="48.752439664676785" lon="11.399059239774942">
        <ele>414.31</ele>
      </trkpt>
      <trkpt lat="48.752351738512516" lon="11.398999812081456">
        <ele>415.85000000000002</ele>
      </trkpt>
      <trkpt lat="48.752264734357595" lon="11.398953376337886">
        <ele>416.87</ele>
      </trkpt>
      <trkpt lat="48.752169767394662" lon="11.398882549256086">
        <ele>415.32999999999998</ele>
      </trkpt>
      <trkpt lat="48.752094078809023" lon="11.398803507909179">
        <ele>416.10000000000002</ele>
      </trkpt>
      <trkpt lat="48.752004476264119" lon="11.398740978911519">
        <ele>416.36000000000001</ele>
      </trkpt>
      <trkpt lat="48.751914454624057" lon="11.398713737726212">
        <ele>417.17000000000002</ele>
      </trkpt>
      <trkpt lat="48.75182325951755" lon="11.398688005283475">
        <ele>415.97000000000003</ele>
      </trkpt>
      <trkpt lat="48.751733154058456" lon="11.398624638095498">
        <ele>418.44</ele>
      </trkpt>
      <trkpt lat="48.751640366390347" lon="11.398585075512528">
        <ele>419.42000000000002</ele>
      </trkpt>
      <trkpt lat="48.751549003645778" lon="11.398545848205686">
        <ele>418.68000000000001</ele>
      </trkpt>
      <trkpt lat="48.751455880701542" lon="11.398541573435068">
        <ele>418.17000000000002</ele>
      </trkpt>
      <trkpt lat="48.751366278156638" lon="11.39852112159133">
        <ele>417.73000000000002</ele>
      </trkpt>
      <trkpt lat="48.751268126070499" lon="11.398524474352598">
        <ele>416.91000000000003</ele>
      </trkpt>
      <trkpt lat="48.751183552667499" lon="11.398571748286486">
        <ele>415.30000000000001</ele>
      </trkpt>
      <trkpt lat="48.751100990921259" lon="11.398629080504179">
        <ele>413.39999999999998</ele>
      </trkpt>
      <trkpt lat="48.751038881018758" lon="11.398742655292153">
        <ele>412.89999999999998</ele>
      </trkpt>
      <trkpt lat="48.750985823571682" lon="11.398854218423367">
        <ele>413.19999999999999</ele>
      </trkpt>
      <trkpt lat="48.750953385606408" lon="11.398984892293811">
        <ele>413.19999999999999</ele>
      </trkpt>
      <trkpt lat="48.750937962904572" lon="11.399126295000315">
        <ele>412.70999999999998</ele>
      </trkpt>
      <trkpt lat="48.75092513859272" lon="11.39926484785974">
        <ele>412.73000000000002</ele>
      </trkpt>
      <trkpt lat="48.750863447785378" lon="11.399380685761571">
        <ele>416.31</ele>
      </trkpt>
      <trkpt lat="48.750844253227115" lon="11.39952577650547">
        <ele>416.91000000000003</ele>
      </trkpt>
      <trkpt lat="48.750829249620438" lon="11.399674639105797">
        <ele>417.25</ele>
      </trkpt>
      <trkpt lat="48.75082547776401" lon="11.399826519191265">
        <ele>417.32999999999998</ele>
      </trkpt>
      <trkpt lat="48.750876355916262" lon="11.399940345436335">
        <ele>417.94999999999999</ele>
      </trkpt>
      <trkpt lat="48.750879960134625" lon="11.400083927437663">
        <ele>418.47000000000003</ele>
      </trkpt>
      <trkpt lat="48.750890605151653" lon="11.400230107828975">
        <ele>417.54000000000002</ele>
      </trkpt>
      <trkpt lat="48.750917930155993" lon="11.400370839983225">
        <ele>417.29000000000002</ele>
      </trkpt>
      <trkpt lat="48.75095154158771" lon="11.400497071444988">
        <ele>415.88999999999999</ele>
      </trkpt>
      <trkpt lat="48.750963108614087" lon="11.400642581284046">
        <ele>415.12</ele>
      </trkpt>
      <trkpt lat="48.751009292900562" lon="11.400774177163839">
        <ele>416.44</ele>
      </trkpt>
      <trkpt lat="48.751053381711245" lon="11.40090468339622">
        <ele>416.85000000000002</ele>
      </trkpt>
      <trkpt lat="48.751007029786706" lon="11.400753306224942">
        <ele>424.30000000000001</ele>
      </trkpt>
      <trkpt lat="48.75105950050056" lon="11.400870820507407">
        <ele>422.29000000000002</ele>
      </trkpt>
      <trkpt lat="48.751029493287206" lon="11.401025718078017">
        <ele>421.12</ele>
      </trkpt>
      <trkpt lat="48.751004934310913" lon="11.401169802993536">
        <ele>420.98000000000002</ele>
      </trkpt>
      <trkpt lat="48.751006191596389" lon="11.401328220963478">
        <ele>419.75999999999999</ele>
      </trkpt>
      <trkpt lat="48.750994121655822" lon="11.401488063856959">
        <ele>420.63</ele>
      </trkpt>
      <trkpt lat="48.750998396426439" lon="11.401629047468305">
        <ele>421.85000000000002</ele>
      </trkpt>
      <trkpt lat="48.7510418985039" lon="11.401757290586829">
        <ele>420.19</ele>
      </trkpt>
      <trkpt lat="48.75101993791759" lon="11.401892742142081">
        <ele>419.44999999999999</ele>
      </trkpt>
      <trkpt lat="48.750984566286206" lon="11.40202609822154">
        <ele>420.88999999999999</ele>
      </trkpt>
      <trkpt lat="48.750927736982703" lon="11.402135230600834">
        <ele>421.18000000000001</ele>
      </trkpt>
      <trkpt lat="48.750937208533287" lon="11.40228115953505">
        <ele>421.25999999999999</ele>
      </trkpt>
      <trkpt lat="48.750951876863837" lon="11.402431279420853">
        <ele>420.87</ele>
      </trkpt>
      <trkpt lat="48.750957576557994" lon="11.402581483125687">
        <ele>420.57999999999998</ele>
      </trkpt>
      <trkpt lat="48.750931425020099" lon="11.402721544727683">
        <ele>419.18000000000001</ele>
      </trkpt>
      <trkpt lat="48.750892449170351" lon="11.402858337387443">
        <ele>421.19999999999999</ele>
      </trkpt>
      <trkpt lat="48.750848276540637" lon="11.402996638789773">
        <ele>419.68000000000001</ele>
      </trkpt>
      <trkpt lat="48.750787507742643" lon="11.403109626844525">
        <ele>421.44999999999999</ele>
      </trkpt>
      <trkpt lat="48.750729840248823" lon="11.40321590937674">
        <ele>423.72000000000003</ele>
      </trkpt>
      <trkpt lat="48.75066177919507" lon="11.403324203565717">
        <ele>426.44</ele>
      </trkpt>
      <trkpt lat="48.750573182478547" lon="11.403379691764712">
        <ele>425.82999999999998</ele>
      </trkpt>
      <trkpt lat="48.750493973493576" lon="11.403455212712288">
        <ele>426.92000000000002</ele>
      </trkpt>
      <trkpt lat="48.750426918268204" lon="11.40356183052063">
        <ele>425.89999999999998</ele>
      </trkpt>
      <trkpt lat="48.750349720939994" lon="11.403657719492912">
        <ele>421.88</ele>
      </trkpt>
      <trkpt lat="48.750287778675556" lon="11.403756877407432">
        <ele>421.33999999999997</ele>
      </trkpt>
      <trkpt lat="48.75018778257072" lon="11.403767438605428">
        <ele>423.24000000000001</ele>
      </trkpt>
      <trkpt lat="48.750092731788754" lon="11.403788980096579">
        <ele>424.25</ele>
      </trkpt>
      <trkpt lat="48.749999105930328" lon="11.403817310929298">
        <ele>422</ele>
      </trkpt>
      <trkpt lat="48.749903300777078" lon="11.403814041987062">
        <ele>419.04000000000002</ele>
      </trkpt>
      <trkpt lat="48.749810596928" lon="11.403776742517948">
        <ele>419.87</ele>
      </trkpt>
      <trkpt lat="48.749748403206468" lon="11.403889143839478">
        <ele>419.07999999999998</ele>
      </trkpt>
      <trkpt lat="48.749759299680591" lon="11.404035659506917">
        <ele>418.14999999999998</ele>
      </trkpt>
      <trkpt lat="48.749732812866569" lon="11.404184270650148">
        <ele>420.36000000000001</ele>
      </trkpt>
      <trkpt lat="48.749767765402794" lon="11.404316117987037">
        <ele>419.72000000000003</ele>
      </trkpt>
      <trkpt lat="48.749824175611138" lon="11.404422232881188">
        <ele>418.31</ele>
      </trkpt>
      <trkpt lat="48.749823337420821" lon="11.404566569253802">
        <ele>417.52999999999997</ele>
      </trkpt>
      <trkpt lat="48.749827360734344" lon="11.40470327809453">
        <ele>415.93000000000001</ele>
      </trkpt>
      <trkpt lat="48.749854434281588" lon="11.404841579496861">
        <ele>417.07999999999998</ele>
      </trkpt>
      <trkpt lat="48.749871449545026" lon="11.404982060194016">
        <ele>417.50999999999999</ele>
      </trkpt>
      <trkpt lat="48.749903049319983" lon="11.405112817883492">
        <ele>417.29000000000002</ele>
      </trkpt>
      <trkpt lat="48.749889889732003" lon="11.405253047123551">
        <ele>416.43000000000001</ele>
      </trkpt>
      <trkpt lat="48.749909084290266" lon="11.405396293848753">
        <ele>413.37</ele>
      </trkpt>
      <trkpt lat="48.74994789250195" lon="11.405530236661434">
        <ele>412.88999999999999</ele>
      </trkpt>
      <trkpt lat="48.749976977705956" lon="11.405676249414682">
        <ele>412.94999999999999</ele>
      </trkpt>
      <trkpt lat="48.749991394579411" lon="11.405822681263089">
        <ele>412.79000000000002</ele>
      </trkpt>
      <trkpt lat="48.750009667128325" lon="11.405971124768257">
        <ele>412.77999999999997</ele>
      </trkpt>
      <trkpt lat="48.750043194741011" lon="11.4061139523983">
        <ele>411.49000000000001</ele>
      </trkpt>
      <trkpt lat="48.750043278560042" lon="11.406257450580597">
        <ele>411</ele>
      </trkpt>
      <trkpt lat="48.750097509473562" lon="11.406383933499455">
        <ele>409.20999999999998</ele>
      </trkpt>
      <trkpt lat="48.750159619376063" lon="11.406487366184592">
        <ele>408.00999999999999</ele>
      </trkpt>
      <trkpt lat="48.75023178756237" lon="11.406596079468727">
        <ele>408.32999999999998</ele>
      </trkpt>
      <trkpt lat="48.750270595774055" lon="11.406738571822643">
        <ele>408.92000000000002</ele>
      </trkpt>
      <trkpt lat="48.750282749533653" lon="11.406881986185908">
        <ele>410.47000000000003</ele>
      </trkpt>
      <trkpt lat="48.750306637957692" lon="11.407018108293414">
        <ele>410.47000000000003</ele>
      </trkpt>
      <trkpt lat="48.750336477532983" lon="11.407164540141821">
        <ele>410.37</ele>
      </trkpt>
      <trkpt lat="48.750361874699593" lon="11.407305188477039">
        <ele>412.62</ele>
      </trkpt>
      <trkpt lat="48.750384757295251" lon="11.407447932288051">
        <ele>412.94999999999999</ele>
      </trkpt>
      <trkpt lat="48.750409567728639" lon="11.407588915899396">
        <ele>413.47000000000003</ele>
      </trkpt>
      <trkpt lat="48.750421134755015" lon="11.4077371917665">
        <ele>413.13999999999999</ele>
      </trkpt>
      <trkpt lat="48.750458853319287" lon="11.407867530360818">
        <ele>413.33999999999997</ele>
      </trkpt>
      <trkpt lat="48.750513000413775" lon="11.407992420718074">
        <ele>412.99000000000001</ele>
      </trkpt>
      <trkpt lat="48.750521801412106" lon="11.408136170357466">
        <ele>411.94</ele>
      </trkpt>
      <trkpt lat="48.750614672899246" lon="11.408193754032254">
        <ele>411.99000000000001</ele>
      </trkpt>
      <trkpt lat="48.750693965703249" lon="11.408264329656959">
        <ele>414.20999999999998</ele>
      </trkpt>
      <trkpt lat="48.750747861340642" lon="11.408377569168806">
        <ele>417.05000000000001</ele>
      </trkpt>
      <trkpt lat="48.750690361484885" lon="11.40849893912673">
        <ele>416.06</ele>
      </trkpt>
      <trkpt lat="48.750649709254503" lon="11.408626846969128">
        <ele>416.18000000000001</ele>
      </trkpt>
      <trkpt lat="48.750639315694571" lon="11.408769506961107">
        <ele>416.49000000000001</ele>
      </trkpt>
      <trkpt lat="48.75064074061811" lon="11.408909652382135">
        <ele>417.41000000000003</ele>
      </trkpt>
      <trkpt lat="48.750629341229796" lon="11.409046445041895">
        <ele>418.66000000000003</ele>
      </trkpt>
      <trkpt lat="48.750683236867189" lon="11.409156331792474">
        <ele>417.97000000000003</ele>
      </trkpt>
      <trkpt lat="48.750742245465517" lon="11.409261608496308">
        <ele>417.47000000000003</ele>
      </trkpt>
      <trkpt lat="48.750768480822444" lon="11.409396640956402">
        <ele>417.73000000000002</ele>
      </trkpt>
      <trkpt lat="48.750774431973696" lon="11.409546425566077">
        <ele>418.92000000000002</ele>
      </trkpt>
      <trkpt lat="48.750827321782708" lon="11.409659245982766">
        <ele>418.26999999999998</ele>
      </trkpt>
      <trkpt lat="48.750857077538967" lon="11.409798888489604">
        <ele>421.00999999999999</ele>
      </trkpt>
      <trkpt lat="48.750908374786377" lon="11.409913217648864">
        <ele>421.12</ele>
      </trkpt>
      <trkpt lat="48.750948691740632" lon="11.410043891519308">
        <ele>418.95999999999998</ele>
      </trkpt>
      <trkpt lat="48.750969562679529" lon="11.410179091617465">
        <ele>416.37</ele>
      </trkpt>
      <trkpt lat="48.751019854098558" lon="11.410310016945004">
        <ele>415.75</ele>
      </trkpt>
      <trkpt lat="48.751063775271177" lon="11.410447061061859">
        <ele>416.99000000000001</ele>
      </trkpt>
      <trkpt lat="48.751100488007069" lon="11.410573292523623">
        <ele>418.01999999999998</ele>
      </trkpt>
      <trkpt lat="48.7511230353266" lon="11.410707822069526">
        <ele>417.06</ele>
      </trkpt>
      <trkpt lat="48.751143990084529" lon="11.4108507335186">
        <ele>416.60000000000002</ele>
      </trkpt>
      <trkpt lat="48.751152036711574" lon="11.410992639139295">
        <ele>416.01999999999998</ele>
      </trkpt>
      <trkpt lat="48.751076096668839" lon="11.411086851730943">
        <ele>414.93000000000001</ele>
      </trkpt>
      <trkpt lat="48.750993618741632" lon="11.411150889471173">
        <ele>416.01999999999998</ele>
      </trkpt>
      <trkpt lat="48.750928491353989" lon="11.411255076527596">
        <ele>416.54000000000002</ele>
      </trkpt>
      <trkpt lat="48.750842828303576" lon="11.411303021013737">
        <ele>415.44999999999999</ele>
      </trkpt>
      <trkpt lat="48.750751717016101" lon="11.411351468414068">
        <ele>416.14999999999998</ele>
      </trkpt>
      <trkpt lat="48.750679632648826" lon="11.411437215283513">
        <ele>417.67000000000002</ele>
      </trkpt>
      <trkpt lat="48.750591119751334" lon="11.4115035161376">
        <ele>417.70999999999998</ele>
      </trkpt>
      <trkpt lat="48.750506211072206" lon="11.411577695980668">
        <ele>419</ele>
      </trkpt>
      <trkpt lat="48.750425074249506" lon="11.411657156422734">
        <ele>421.69</ele>
      </trkpt>
      <trkpt lat="48.750344440340996" lon="11.411748183891177">
        <ele>423.29000000000002</ele>
      </trkpt>
      <trkpt lat="48.750267075374722" lon="11.411823369562626">
        <ele>424.38</ele>
      </trkpt>
      <trkpt lat="48.750190464779735" lon="11.411902662366629">
        <ele>425.64999999999998</ele>
      </trkpt>
      <trkpt lat="48.75010815449059" lon="11.411978015676141">
        <ele>427.94</ele>
      </trkpt>
      <trkpt lat="48.75002115033567" lon="11.412037527188659">
        <ele>430.36000000000001</ele>
      </trkpt>
      <trkpt lat="48.749932553619146" lon="11.412097541615367">
        <ele>428.42000000000002</ele>
      </trkpt>
      <trkpt lat="48.749848650768399" lon="11.412198459729552">
        <ele>426.81999999999999</ele>
      </trkpt>
      <trkpt lat="48.749763239175081" lon="11.412256713956594">
        <ele>424.94</ele>
      </trkpt>
      <trkpt lat="48.749664584174752" lon="11.412301138043404">
        <ele>425.31999999999999</ele>
      </trkpt>
      <trkpt lat="48.749591493979096" lon="11.412395685911179">
        <ele>423.27999999999997</ele>
      </trkpt>
      <trkpt lat="48.749498957768083" lon="11.412465758621693">
        <ele>420.99000000000001</ele>
      </trkpt>
      <trkpt lat="48.749409019947052" lon="11.41252082772553">
        <ele>419.29000000000002</ele>
      </trkpt>
      <trkpt lat="48.749315645545721" lon="11.412588972598314">
        <ele>419.81</ele>
      </trkpt>
      <trkpt lat="48.749227216467261" lon="11.412635408341885">
        <ele>420.44</ele>
      </trkpt>
      <trkpt lat="48.749134764075279" lon="11.412607245147228">
        <ele>420.76999999999998</ele>
      </trkpt>
      <trkpt lat="48.749072654172778" lon="11.41272216103971">
        <ele>420.56</ele>
      </trkpt>
      <trkpt lat="48.749111797660589" lon="11.412868173792958">
        <ele>420.67000000000002</ele>
      </trkpt>
      <trkpt lat="48.749197544530034" lon="11.412959536537528">
        <ele>419.57999999999998</ele>
      </trkpt>
      <trkpt lat="48.749276166781783" lon="11.413050312548876">
        <ele>419.43000000000001</ele>
      </trkpt>
      <trkpt lat="48.749318663030863" lon="11.413171095773578">
        <ele>418.45999999999998</ele>
      </trkpt>
      <trkpt lat="48.749376246705651" lon="11.413288023322821">
        <ele>418.13999999999999</ele>
      </trkpt>
      <trkpt lat="48.749446319416165" lon="11.413394054397941">
        <ele>420.35000000000002</ele>
      </trkpt>
      <trkpt lat="48.749484624713659" lon="11.413527075201273">
        <ele>420.66000000000003</ele>
      </trkpt>
      <trkpt lat="48.749553859233856" lon="11.413644170388579">
        <ele>418.75999999999999</ele>
      </trkpt>
      <trkpt lat="48.749636420980096" lon="11.413744585588574">
        <ele>415.49000000000001</ele>
      </trkpt>
      <trkpt lat="48.74972409568727" lon="11.413830667734146">
        <ele>411.52999999999997</ele>
      </trkpt>
      <trkpt lat="48.749808166176081" lon="11.413917168974876">
        <ele>408.92000000000002</ele>
      </trkpt>
      <trkpt lat="48.749905731528997" lon="11.413951702415943">
        <ele>409.05000000000001</ele>
      </trkpt>
      <trkpt lat="48.749967170879245" lon="11.414059661328793">
        <ele>409.55000000000001</ele>
      </trkpt>
      <trkpt lat="48.750040344893932" lon="11.414165860041976">
        <ele>409.69</ele>
      </trkpt>
      <trkpt lat="48.750102873891592" lon="11.414266945794225">
        <ele>409.63999999999999</ele>
      </trkpt>
      <trkpt lat="48.750165402889252" lon="11.414373647421598">
        <ele>408.81999999999999</ele>
      </trkpt>
      <trkpt lat="48.750224830582738" lon="11.414496023207903">
        <ele>407.92000000000002</ele>
      </trkpt>
      <trkpt lat="48.750233128666878" lon="11.414633234962821">
        <ele>406.93000000000001</ele>
      </trkpt>
      <trkpt lat="48.750340668484569" lon="11.414710599929094">
        <ele>406.57999999999998</ele>
      </trkpt>
      <trkpt lat="48.750420548021793" lon="11.414777571335435">
        <ele>406.35000000000002</ele>
      </trkpt>
      <trkpt lat="48.750474862754345" lon="11.414915453642607">
        <ele>406.04000000000002</ele>
      </trkpt>
      <trkpt lat="48.750531440600753" lon="11.415035231038928">
        <ele>406.61000000000001</ele>
      </trkpt>
      <trkpt lat="48.750608889386058" lon="11.415113601833582">
        <ele>406.85000000000002</ele>
      </trkpt>
      <trkpt lat="48.750673597678542" lon="11.415226925164461">
        <ele>407.10000000000002</ele>
      </trkpt>
      <trkpt lat="48.750727828592062" lon="11.41534460708499">
        <ele>407.52999999999997</ele>
      </trkpt>
      <trkpt lat="48.750824220478535" lon="11.415404621511698">
        <ele>407.26999999999998</ele>
      </trkpt>
      <trkpt lat="48.750904267653823" lon="11.415481399744749">
        <ele>407.95999999999998</ele>
      </trkpt>
      <trkpt lat="48.7509676348418" lon="11.415608301758766">
        <ele>410.19</ele>
      </trkpt>
      <trkpt lat="48.75102044083178" lon="11.415734030306339">
        <ele>410.79000000000002</ele>
      </trkpt>
      <trkpt lat="48.751095961779356" lon="11.415822375565767">
        <ele>412.18000000000001</ele>
      </trkpt>
      <trkpt lat="48.75117240473628" lon="11.415912481024861">
        <ele>410.31999999999999</ele>
      </trkpt>
      <trkpt lat="48.75118019990623" lon="11.416067210957408">
        <ele>410.47000000000003</ele>
      </trkpt>
      <trkpt lat="48.751254798844457" lon="11.416170559823513">
        <ele>408.00999999999999</ele>
      </trkpt>
      <trkpt lat="48.751335265114903" lon="11.416247840970755">
        <ele>409.43000000000001</ele>
      </trkpt>
      <trkpt lat="48.751374743878841" lon="11.416379101574421">
        <ele>413.36000000000001</ele>
      </trkpt>
      <trkpt lat="48.751466777175665" lon="11.416487479582429">
        <ele>414.56</ele>
      </trkpt>
      <trkpt lat="48.751547578722239" lon="11.416564509272575">
        <ele>414.75999999999999</ele>
      </trkpt>
      <trkpt lat="48.751593511551619" lon="11.416682694107294">
        <ele>414.72000000000003</ele>
      </trkpt>
      <trkpt lat="48.751639695838094" lon="11.416810937225819">
        <ele>414.88999999999999</ele>
      </trkpt>
      <trkpt lat="48.751707840710878" lon="11.416934737935662">
        <ele>416.57999999999998</ele>
      </trkpt>
      <trkpt lat="48.751794761046767" lon="11.41699718311429">
        <ele>416.26999999999998</ele>
      </trkpt>
      <trkpt lat="48.751849830150604" lon="11.417115284129977">
        <ele>415.14999999999998</ele>
      </trkpt>
      <trkpt lat="48.751903306692839" lon="11.417224751785398">
        <ele>415.42000000000002</ele>
      </trkpt>
      <trkpt lat="48.751978660002351" lon="11.417308067902923">
        <ele>414.87</ele>
      </trkpt>
      <trkpt lat="48.751998357474804" lon="11.417451901361346">
        <ele>416.17000000000002</ele>
      </trkpt>
      <trkpt lat="48.752055438235402" lon="11.417569248005748">
        <ele>419.14999999999998</ele>
      </trkpt>
      <trkpt lat="48.752136742696166" lon="11.417648205533624">
        <ele>419.64999999999998</ele>
      </trkpt>
      <trkpt lat="48.75214621424675" lon="11.417787931859493">
        <ele>419.97000000000003</ele>
      </trkpt>
      <trkpt lat="48.752191560342908" lon="11.417918941006064">
        <ele>419.12</ele>
      </trkpt>
      <trkpt lat="48.752171946689487" lon="11.418065037578344">
        <ele>420.79000000000002</ele>
      </trkpt>
      <trkpt lat="48.752158954739571" lon="11.418199986219406">
        <ele>419.86000000000001</ele>
      </trkpt>
      <trkpt lat="48.752227770164609" lon="11.418303502723575">
        <ele>419.41000000000003</ele>
      </trkpt>
      <trkpt lat="48.752326676622033" lon="11.418390842154622">
        <ele>421.45999999999998</ele>
      </trkpt>
      <trkpt lat="48.752328269183636" lon="11.418549260124564">
        <ele>424.42000000000002</ele>
      </trkpt>
      <trkpt lat="48.752318881452084" lon="11.418695691972971">
        <ele>424.69</ele>
      </trkpt>
      <trkpt lat="48.752252832055092" lon="11.41880851238966">
        <ele>425.29000000000002</ele>
      </trkpt>
      <trkpt lat="48.752262052148581" lon="11.418953351676464">
        <ele>423.79000000000002</ele>
      </trkpt>
      <trkpt lat="48.75233631581068" lon="11.419030632823706">
        <ele>419.82999999999998</ele>
      </trkpt>
      <trkpt lat="48.752421224489808" lon="11.419093832373619">
        <ele>417.47000000000003</ele>
      </trkpt>
      <trkpt lat="48.752448968589306" lon="11.419227439910173">
        <ele>417.56</ele>
      </trkpt>
      <trkpt lat="48.752476712688804" lon="11.419364735484123">
        <ele>416.79000000000002</ele>
      </trkpt>
      <trkpt lat="48.752534799277782" lon="11.419475376605988">
        <ele>417.06999999999999</ele>
      </trkpt>
      <trkpt lat="48.752589700743556" lon="11.419588113203645">
        <ele>417.25</ele>
      </trkpt>
      <trkpt lat="48.752664299681783" lon="11.419669082388282">
        <ele>418.92000000000002</ele>
      </trkpt>
      <trkpt lat="48.752739736810327" lon="11.419760948047042">
        <ele>420.47000000000003</ele>
      </trkpt>
      <trkpt lat="48.752781059592962" lon="11.419885670766234">
        <ele>420.61000000000001</ele>
      </trkpt>
      <trkpt lat="48.752867141738534" lon="11.419945433735847">
        <ele>422.00999999999999</ele>
      </trkpt>
      <trkpt lat="48.75294853001833" lon="11.42001835629344">
        <ele>419.79000000000002</ele>
      </trkpt>
      <trkpt lat="48.75301499851048" lon="11.420113826170564">
        <ele>419.02999999999997</ele>
      </trkpt>
      <trkpt lat="48.753052381798625" lon="11.420250702649355">
        <ele>419.37</ele>
      </trkpt>
      <trkpt lat="48.753128657117486" lon="11.420338628813624">
        <ele>418.63999999999999</ele>
      </trkpt>
      <trkpt lat="48.753215577453375" lon="11.420463183894753">
        <ele>418.77999999999997</ele>
      </trkpt>
      <trkpt lat="48.753244243562222" lon="11.420597042888403">
        <ele>418.54000000000002</ele>
      </trkpt>
      <trkpt lat="48.753315322101116" lon="11.420696033164859">
        <ele>417.32999999999998</ele>
      </trkpt>
      <trkpt lat="48.753391094505787" lon="11.420784965157509">
        <ele>415.43000000000001</ele>
      </trkpt>
      <trkpt lat="48.753437362611294" lon="11.420916728675365">
        <ele>416.27999999999997</ele>
      </trkpt>
      <trkpt lat="48.753509698435664" lon="11.421028459444642">
        <ele>416.87</ele>
      </trkpt>
      <trkpt lat="48.753596367314458" lon="11.421090736985207">
        <ele>418.92000000000002</ele>
      </trkpt>
      <trkpt lat="48.753663590177894" lon="11.421199114993215">
        <ele>417.32999999999998</ele>
      </trkpt>
      <trkpt lat="48.753712540492415" lon="11.421314952895045">
        <ele>415.63999999999999</ele>
      </trkpt>
      <trkpt lat="48.753772135823965" lon="11.421436741948128">
        <ele>418.68000000000001</ele>
      </trkpt>
      <trkpt lat="48.753837011754513" lon="11.421549897640944">
        <ele>419.32999999999998</ele>
      </trkpt>
      <trkpt lat="48.753854194656014" lon="11.421686606481671">
        <ele>419.30000000000001</ele>
      </trkpt>
      <trkpt lat="48.75376651994884" lon="11.421775873750448">
        <ele>420.70999999999998</ele>
      </trkpt>
      <trkpt lat="48.753673648461699" lon="11.421794146299362">
        <ele>420.43000000000001</ele>
      </trkpt>
      <trkpt lat="48.753587733954191" lon="11.421856256201863">
        <ele>423.48000000000002</ele>
      </trkpt>
      <trkpt lat="48.753537610173225" lon="11.421993048861623">
        <ele>424.06</ele>
      </trkpt>
      <trkpt lat="48.753553871065378" lon="11.422132020816207">
        <ele>424.30000000000001</ele>
      </trkpt>
      <trkpt lat="48.753564683720469" lon="11.42228708602488">
        <ele>423.88</ele>
      </trkpt>
      <trkpt lat="48.753604916855693" lon="11.422415329143405">
        <ele>425.26999999999998</ele>
      </trkpt>
      <trkpt lat="48.753591170534492" lon="11.422551702708006">
        <ele>429.01999999999998</ele>
      </trkpt>
      <trkpt lat="48.75354808755219" lon="11.422686316072941">
        <ele>429.81999999999999</ele>
      </trkpt>
      <trkpt lat="48.753502322360873" lon="11.422806428745389">
        <ele>428.10000000000002</ele>
      </trkpt>
      <trkpt lat="48.753525456413627" lon="11.422947831451893">
        <ele>427.73000000000002</ele>
      </trkpt>
      <trkpt lat="48.753498382866383" lon="11.423095017671585">
        <ele>427.75</ele>
      </trkpt>
      <trkpt lat="48.753517661243677" lon="11.423236923292279">
        <ele>428.35000000000002</ele>
      </trkpt>
      <trkpt lat="48.753478014841676" lon="11.423366675153375">
        <ele>432.83999999999997</ele>
      </trkpt>
      <trkpt lat="48.753420934081078" lon="11.423493577167392">
        <ele>436.26999999999998</ele>
      </trkpt>
      <trkpt lat="48.753382293507457" lon="11.423631627112627">
        <ele>432.42000000000002</ele>
      </trkpt>
      <trkpt lat="48.753315154463053" lon="11.423750231042504">
        <ele>430.75</ele>
      </trkpt>
      <trkpt lat="48.753273077309132" lon="11.423877384513617">
        <ele>433.95999999999998</ele>
      </trkpt>
      <trkpt lat="48.753255726769567" lon="11.424013590440154">
        <ele>435.51999999999998</ele>
      </trkpt>
      <trkpt lat="48.753257235512137" lon="11.424151472747326">
        <ele>435.04000000000002</ele>
      </trkpt>
      <trkpt lat="48.75319579616189" lon="11.424257000908256">
        <ele>435.04000000000002</ele>
      </trkpt>
      <trkpt lat="48.753179032355547" lon="11.424392703920603">
        <ele>436.55000000000001</ele>
      </trkpt>
      <trkpt lat="48.753232089802623" lon="11.424531256780028">
        <ele>436.27999999999997</ele>
      </trkpt>
      <trkpt lat="48.753311382606626" lon="11.424627313390374">
        <ele>432.79000000000002</ele>
      </trkpt>
      <trkpt lat="48.753362344577909" lon="11.424740888178349">
        <ele>431.76999999999998</ele>
      </trkpt>
      <trkpt lat="48.753359159454703" lon="11.424886230379343">
        <ele>432.13</ele>
      </trkpt>
      <trkpt lat="48.753432333469391" lon="11.425002738833427">
        <ele>431.02999999999997</ele>
      </trkpt>
      <trkpt lat="48.753503663465381" lon="11.425128718838096">
        <ele>429.76999999999998</ele>
      </trkpt>
      <trkpt lat="48.753591505810618" lon="11.425158809870481">
        <ele>429.57999999999998</ele>
      </trkpt>
      <trkpt lat="48.75367222353816" lon="11.425237767398357">
        <ele>429.44</ele>
      </trkpt>
      <trkpt lat="48.753758976235986" lon="11.425340194255114">
        <ele>431.44</ele>
      </trkpt>
      <trkpt lat="48.753795856609941" lon="11.425475478172302">
        <ele>429.99000000000001</ele>
      </trkpt>
      <trkpt lat="48.75387598760426" lon="11.425587628036737">
        <ele>426.60000000000002</ele>
      </trkpt>
      <trkpt lat="48.753944300115108" lon="11.425705142319202">
        <ele>426.47000000000003</ele>
      </trkpt>
      <trkpt lat="48.753994926810265" lon="11.425822656601667">
        <ele>425.32999999999998</ele>
      </trkpt>
      <trkpt lat="48.754074051976204" lon="11.425910079851747">
        <ele>424.64999999999998</ele>
      </trkpt>
      <trkpt lat="48.754167091101408" lon="11.425977051258087">
        <ele>425.56</ele>
      </trkpt>
      <trkpt lat="48.754215622320771" lon="11.426106551662087">
        <ele>425.61000000000001</ele>
      </trkpt>
      <trkpt lat="48.754233224317431" lon="11.426243260502815">
        <ele>427.06</ele>
      </trkpt>
      <trkpt lat="48.754320060834289" lon="11.426313165575266">
        <ele>426.32999999999998</ele>
      </trkpt>
      <trkpt lat="48.754380075260997" lon="11.426428332924843">
        <ele>424.75</ele>
      </trkpt>
      <trkpt lat="48.754466827958822" lon="11.42650930210948">
        <ele>419.12</ele>
      </trkpt>
      <trkpt lat="48.754558861255646" lon="11.426547607406974">
        <ele>416.44999999999999</ele>
      </trkpt>
      <trkpt lat="48.754649553447962" lon="11.426591109484434">
        <ele>413.57999999999998</ele>
      </trkpt>
      <trkpt lat="48.754718033596873" lon="11.426683226600289">
        <ele>415.24000000000001</ele>
      </trkpt>
      <trkpt lat="48.754802104085684" lon="11.426732009276748">
        <ele>415.60000000000002</ele>
      </trkpt>
      <trkpt lat="48.7548893596977" lon="11.426767045632005">
        <ele>416.39999999999998</ele>
      </trkpt>
      <trkpt lat="48.754985416308045" lon="11.426832340657711">
        <ele>416.07999999999998</ele>
      </trkpt>
      <trkpt lat="48.7550965603441" lon="11.426869556307793">
        <ele>416.10000000000002</ele>
      </trkpt>
      <trkpt lat="48.755192030221224" lon="11.42693292349577">
        <ele>416.83999999999997</ele>
      </trkpt>
      <trkpt lat="48.755291188135743" lon="11.426995620131493">
        <ele>417.52999999999997</ele>
      </trkpt>
      <trkpt lat="48.755367882549763" lon="11.42709955573082">
        <ele>416.44</ele>
      </trkpt>
      <trkpt lat="48.755432423204184" lon="11.427209861576557">
        <ele>416.32999999999998</ele>
      </trkpt>
      <trkpt lat="48.755461173132062" lon="11.427353862673044">
        <ele>419.27999999999997</ele>
      </trkpt>
      <trkpt lat="48.755556140094995" lon="11.427388060837984">
        <ele>419.85000000000002</ele>
      </trkpt>
      <trkpt lat="48.75565898604691" lon="11.427408512681723">
        <ele>420.75</ele>
      </trkpt>
      <trkpt lat="48.755689160898328" lon="11.427540192380548">
        <ele>423.19</ele>
      </trkpt>
      <trkpt lat="48.755768286064267" lon="11.427629040554166">
        <ele>426.5</ele>
      </trkpt>
      <trkpt lat="48.755844729021192" lon="11.427734568715096">
        <ele>424.38999999999999</ele>
      </trkpt>
      <trkpt lat="48.755916561931372" lon="11.427838420495391">
        <ele>421.98000000000002</ele>
      </trkpt>
      <trkpt lat="48.755955286324024" lon="11.427964651957154">
        <ele>422.91000000000003</ele>
      </trkpt>
      <trkpt lat="48.756017815321684" lon="11.428067497909069">
        <ele>423.12</ele>
      </trkpt>
      <trkpt lat="48.756077662110329" lon="11.428174283355474">
        <ele>423.94999999999999</ele>
      </trkpt>
      <trkpt lat="48.756185453385115" lon="11.428177384659648">
        <ele>423.51999999999998</ele>
      </trkpt>
      <trkpt lat="48.756274888291955" lon="11.428274614736438">
        <ele>422.60000000000002</ele>
      </trkpt>
      <trkpt lat="48.756345128640532" lon="11.428359942510724">
        <ele>422.45999999999998</ele>
      </trkpt>
      <trkpt lat="48.75642173923552" lon="11.42844820395112">
        <ele>422.63</ele>
      </trkpt>
      <trkpt lat="48.756525255739689" lon="11.428394140675664">
        <ele>421.98000000000002</ele>
      </trkpt>
      <trkpt lat="48.756608739495277" lon="11.428334629163146">
        <ele>420.37</ele>
      </trkpt>
      <trkpt lat="48.756703371182084" lon="11.428276961669326">
        <ele>420.51999999999998</ele>
      </trkpt>
      <trkpt lat="48.756799260154366" lon="11.428280398249626">
        <ele>419.94</ele>
      </trkpt>
      <trkpt lat="48.756893137469888" lon="11.428225580602884">
        <ele>419.56999999999999</ele>
      </trkpt>
      <trkpt lat="48.756991205736995" lon="11.428279392421246">
        <ele>418.97000000000003</ele>
      </trkpt>
      <trkpt lat="48.757081730291247" lon="11.428296994417906">
        <ele>417.19999999999999</ele>
      </trkpt>
      <trkpt lat="48.757136715576053" lon="11.428446695208549">
        <ele>414.63</ele>
      </trkpt>
      <trkpt lat="48.757230676710606" lon="11.428493214771152">
        <ele>419.29000000000002</ele>
      </trkpt>
      <trkpt lat="48.757321871817112" lon="11.428552810102701">
        <ele>419.87</ele>
      </trkpt>
      <trkpt lat="48.757367972284555" lon="11.428682142868638">
        <ele>418.75999999999999</ele>
      </trkpt>
      <trkpt lat="48.757400661706924" lon="11.428826227784157">
        <ele>417.62</ele>
      </trkpt>
      <trkpt lat="48.757467214018106" lon="11.428933264687657">
        <ele>414.45999999999998</ele>
      </trkpt>
      <trkpt lat="48.757471321150661" lon="11.429084977135062">
        <ele>413.98000000000002</ele>
      </trkpt>
      <trkpt lat="48.757416922599077" lon="11.429203832522035">
        <ele>414.19999999999999</ele>
      </trkpt>
      <trkpt lat="48.757367134094238" lon="11.42927885055542">
        <ele>367.65625</ele>
      </trkpt>
      <trkpt lat="48.75758171081543" lon="11.429171562194824">
        <ele>367.4296875</ele>
      </trkpt>
      <trkpt lat="48.757646083831787" lon="11.429150104522705">
        <ele>367.3125</ele>
      </trkpt>
      <trkpt lat="48.757731914520264" lon="11.428956985473633">
        <ele>367.12890625</ele>
      </trkpt>
      <trkpt lat="48.757796287536621" lon="11.428849697113037">
        <ele>367.00390625</ele>
      </trkpt>
      <trkpt lat="48.757882118225098" lon="11.428806781768799">
        <ele>367.05078125</ele>
      </trkpt>
      <trkpt lat="48.757946491241455" lon="11.428806781768799">
        <ele>367.08984375</ele>
      </trkpt>
      <trkpt lat="48.758010864257813" lon="11.428828239440918">
        <ele>367.1484375</ele>
      </trkpt>
      <trkpt lat="48.758418560028076" lon="11.429085731506348">
        <ele>367.60546875</ele>
      </trkpt>
      <trkpt lat="48.758869171142578" lon="11.429429054260254">
        <ele>367.12890625</ele>
      </trkpt>
      <trkpt lat="48.759105205535889" lon="11.428699493408203">
        <ele>367.18359375</ele>
      </trkpt>
      <trkpt lat="48.759012836962938" lon="11.428604274988174">
        <ele>413.01999999999998</ele>
      </trkpt>
      <trkpt lat="48.759119706228375" lon="11.428529340773821">
        <ele>410.01999999999998</ele>
      </trkpt>
      <trkpt lat="48.759223474189639" lon="11.428491119295359">
        <ele>408.68000000000001</ele>
      </trkpt>
      <trkpt lat="48.759320117533207" lon="11.428491454571486">
        <ele>407.02999999999997</ele>
      </trkpt>
      <trkpt lat="48.759401254355907" lon="11.428560940548778">
        <ele>404.52999999999997</ele>
      </trkpt>
      <trkpt lat="48.759486917406321" lon="11.428609304130077">
        <ele>403.13999999999999</ele>
      </trkpt>
      <trkpt lat="48.759579956531525" lon="11.428661271929741">
        <ele>402.93000000000001</ele>
      </trkpt>
      <trkpt lat="48.759666793048382" lon="11.428702427074313">
        <ele>402.98000000000002</ele>
      </trkpt>
      <trkpt lat="48.759764023125172" lon="11.428756322711706">
        <ele>402.93000000000001</ele>
      </trkpt>
      <trkpt lat="48.759851446375251" lon="11.428791861981153">
        <ele>402.23000000000002</ele>
      </trkpt>
      <trkpt lat="48.759949849918485" lon="11.42884399741888">
        <ele>401.64999999999998</ele>
      </trkpt>
      <trkpt lat="48.760045235976577" lon="11.42898372374475">
        <ele>403.51999999999998</ele>
      </trkpt>
      <trkpt lat="48.760136850178242" lon="11.429067458957434">
        <ele>402.88999999999999</ele>
      </trkpt>
      <trkpt lat="48.760212957859039" lon="11.429148428142071">
        <ele>407.60000000000002</ele>
      </trkpt>
      <trkpt lat="48.760248078033328" lon="11.429274324327707">
        <ele>409.41000000000003</ele>
      </trkpt>
      <trkpt lat="48.760174904018641" lon="11.429373566061258">
        <ele>410.67000000000002</ele>
      </trkpt>
      <trkpt lat="48.760104747489095" lon="11.429485967382789">
        <ele>412.32999999999998</ele>
      </trkpt>
      <trkpt lat="48.760052863508463" lon="11.429603984579444">
        <ele>413.55000000000001</ele>
      </trkpt>
      <trkpt lat="48.759984718635678" lon="11.429699035361409">
        <ele>416.05000000000001</ele>
      </trkpt>
      <trkpt lat="48.759958818554878" lon="11.42983004450798">
        <ele>416.13</ele>
      </trkpt>
      <trkpt lat="48.759933589026332" lon="11.429966250434518">
        <ele>415.08999999999997</ele>
      </trkpt>
      <trkpt lat="48.75991590321064" lon="11.430118633434176">
        <ele>414.73000000000002</ele>
      </trkpt>
      <trkpt lat="48.75986946746707" lon="11.430242350324988">
        <ele>417.70999999999998</ele>
      </trkpt>
      <trkpt lat="48.759789252653718" lon="11.430315859615803">
        <ele>416.72000000000003</ele>
      </trkpt>
      <trkpt lat="48.759699901565909" lon="11.430386016145349">
        <ele>413.24000000000001</ele>
      </trkpt>
      <trkpt lat="48.759630331769586" lon="11.43048383295536">
        <ele>417.37</ele>
      </trkpt>
      <trkpt lat="48.759695123881102" lon="11.430587852373719">
        <ele>420.69</ele>
      </trkpt>
      <trkpt lat="48.75974633730948" lon="11.430721543729305">
        <ele>420.94999999999999</ele>
      </trkpt>
      <trkpt lat="48.759821355342865" lon="11.430801590904593">
        <ele>416.75999999999999</ele>
      </trkpt>
      <trkpt lat="48.759905928745866" lon="11.43087518401444">
        <ele>414.56</ele>
      </trkpt>
      <trkpt lat="48.760003075003624" lon="11.430889265611768">
        <ele>413.54000000000002</ele>
      </trkpt>
      <trkpt lat="48.760095778852701" lon="11.430935030803084">
        <ele>411.67000000000002</ele>
      </trkpt>
      <trkpt lat="48.760163504630327" lon="11.431033769622445">
        <ele>410.25999999999999</ele>
      </trkpt>
      <trkpt lat="48.7601562961936" lon="11.431178692728281">
        <ele>407.13999999999999</ele>
      </trkpt>
      <trkpt lat="48.760071890428662" lon="11.431159833446145">
        <ele>404.54000000000002</ele>
      </trkpt>
      <trkpt lat="48.760035764425993" lon="11.431296793743968">
        <ele>405.44999999999999</ele>
      </trkpt>
      <trkpt lat="48.760003242641687" lon="11.431439956650138">
        <ele>404.89999999999998</ele>
      </trkpt>
      <trkpt lat="48.760019922628999" lon="11.431587813422084">
        <ele>404.93000000000001</ele>
      </trkpt>
      <trkpt lat="48.760061329230666" lon="11.431716391816735">
        <ele>401.36000000000001</ele>
      </trkpt>
      <trkpt lat="48.760032914578915" lon="11.431853016838431">
        <ele>400.37</ele>
      </trkpt>
      <trkpt lat="48.760008439421654" lon="11.431992156431079">
        <ele>398.82999999999998</ele>
      </trkpt>
      <trkpt lat="48.760015647858381" lon="11.432130038738251">
        <ele>400.14999999999998</ele>
      </trkpt>
      <trkpt lat="48.760043308138847" lon="11.432276973500848">
        <ele>402.00999999999999</ele>
      </trkpt>
      <trkpt lat="48.760051773861051" lon="11.432422986254096">
        <ele>399.94999999999999</ele>
      </trkpt>
      <trkpt lat="48.760062083601952" lon="11.432570004835725">
        <ele>402.42000000000002</ele>
      </trkpt>
      <trkpt lat="48.760076081380248" lon="11.432711323723197">
        <ele>402.91000000000003</ele>
      </trkpt>
      <trkpt lat="48.76011430285871" lon="11.432848870754242">
        <ele>400.51999999999998</ele>
      </trkpt>
      <trkpt lat="48.760127210989594" lon="11.432987842708826">
        <ele>400.54000000000002</ele>
      </trkpt>
      <trkpt lat="48.760129222646356" lon="11.433124719187617">
        <ele>400.70999999999998</ele>
      </trkpt>
      <trkpt lat="48.760165181010962" lon="11.433263691142201">
        <ele>400.99000000000001</ele>
      </trkpt>
      <trkpt lat="48.760164510458708" lon="11.433413978666067">
        <ele>400.39999999999998</ele>
      </trkpt>
      <trkpt lat="48.760189656168222" lon="11.433560075238347">
        <ele>399.81999999999999</ele>
      </trkpt>
      <trkpt lat="48.760206755250692" lon="11.433707261458039">
        <ele>400.29000000000002</ele>
      </trkpt>
      <trkpt lat="48.760215891525149" lon="11.433843467384577">
        <ele>400.11000000000001</ele>
      </trkpt>
      <trkpt lat="48.760124109685421" lon="11.433895099908113">
        <ele>400.58999999999997</ele>
      </trkpt>
      <trkpt lat="48.760092677548528" lon="11.434042705222964">
        <ele>400.5</ele>
      </trkpt>
      <trkpt lat="48.760063424706459" lon="11.434187209233642">
        <ele>401.22000000000003</ele>
      </trkpt>
      <trkpt lat="48.760048002004623" lon="11.434324001893401">
        <ele>402.16000000000003</ele>
      </trkpt>
      <trkpt lat="48.760081781074405" lon="11.434461213648319">
        <ele>400.35000000000002</ele>
      </trkpt>
      <trkpt lat="48.760035177692771" lon="11.434581074863672">
        <ele>400.06</ele>
      </trkpt>
      <trkpt lat="48.760029729455709" lon="11.434733290225267">
        <ele>400.61000000000001</ele>
      </trkpt>
      <trkpt lat="48.760057473555207" lon="11.434869915246964">
        <ele>400.67000000000002</ele>
      </trkpt>
      <trkpt lat="48.760042721405625" lon="11.435007294639945">
        <ele>401.45999999999998</ele>
      </trkpt>
      <trkpt lat="48.760034255683422" lon="11.435143500566483">
        <ele>400.57999999999998</ele>
      </trkpt>
      <trkpt lat="48.760037021711469" lon="11.435289764776826">
        <ele>398.14999999999998</ele>
      </trkpt>
      <trkpt lat="48.759984970092773" lon="11.435416163876653">
        <ele>396.66000000000003</ele>
      </trkpt>
      <trkpt lat="48.760010534897447" lon="11.435561338439584">
        <ele>395.25</ele>
      </trkpt>
      <trkpt lat="48.759977761656046" lon="11.435696119442582">
        <ele>394.83999999999997</ele>
      </trkpt>
      <trkpt lat="48.759933756664395" lon="11.435828553512692">
        <ele>393.98000000000002</ele>
      </trkpt>
      <trkpt lat="48.759920848533511" lon="11.435975404456258">
        <ele>396.74000000000001</ele>
      </trkpt>
      <trkpt lat="48.759940797463059" lon="11.436110269278288">
        <ele>402.04000000000002</ele>
      </trkpt>
      <trkpt lat="48.760011121630669" lon="11.436199955642223">
        <ele>401.22000000000003</ele>
      </trkpt>
      <trkpt lat="48.760078512132168" lon="11.436292659491301">
        <ele>403.02999999999997</ele>
      </trkpt>
      <trkpt lat="48.760129557922482" lon="11.436432804912329">
        <ele>404.80000000000001</ele>
      </trkpt>
      <trkpt lat="48.760175490751863" lon="11.436553923413157">
        <ele>405.06999999999999</ele>
      </trkpt>
      <trkpt lat="48.760175658389926" lon="11.436708318069577">
        <ele>405.06999999999999</ele>
      </trkpt>
      <trkpt lat="48.760213125497103" lon="11.436835136264563">
        <ele>406.10000000000002</ele>
      </trkpt>
      <trkpt lat="48.760311529040337" lon="11.436853995546699">
        <ele>407.56</ele>
      </trkpt>
      <trkpt lat="48.760409345850348" lon="11.436851061880589">
        <ele>407.54000000000002</ele>
      </trkpt>
      <trkpt lat="48.760510180145502" lon="11.436825580894947">
        <ele>408.79000000000002</ele>
      </trkpt>
      <trkpt lat="48.760597016662359" lon="11.436747461557388">
        <ele>414.47000000000003</ele>
      </trkpt>
      <trkpt lat="48.760695001110435" lon="11.436741258949041">
        <ele>415.95999999999998</ele>
      </trkpt>
      <trkpt lat="48.760788040235639" lon="11.436725920066237">
        <ele>414.62</ele>
      </trkpt>
      <trkpt lat="48.760849228128791" lon="11.436610417440534">
        <ele>413.64999999999998</ele>
      </trkpt>
      <trkpt lat="48.760887198150158" lon="11.436473624780774">
        <ele>415.99000000000001</ele>
      </trkpt>
      <trkpt lat="48.760980069637299" lon="11.436417130753398">
        <ele>417.47000000000003</ele>
      </trkpt>
      <trkpt lat="48.761081239208579" lon="11.436478402465582">
        <ele>413.93000000000001</ele>
      </trkpt>
      <trkpt lat="48.761176960542798" lon="11.436499105766416">
        <ele>414.41000000000003</ele>
      </trkpt>
      <trkpt lat="48.76127134077251" lon="11.436432972550392">
        <ele>416.91000000000003</ele>
      </trkpt>
      <trkpt lat="48.761351807042956" lon="11.436367426067591">
        <ele>417.29000000000002</ele>
      </trkpt>
      <trkpt lat="48.761446941643953" lon="11.436395086348057">
        <ele>418.58999999999997</ele>
      </trkpt>
      <trkpt lat="48.761551799252629" lon="11.436430374160409">
        <ele>419.44999999999999</ele>
      </trkpt>
      <trkpt lat="48.761636540293694" lon="11.436494160443544">
        <ele>418.66000000000003</ele>
      </trkpt>
      <trkpt lat="48.761740811169147" lon="11.436467422172427">
        <ele>420.05000000000001</ele>
      </trkpt>
      <trkpt lat="48.761839047074318" lon="11.436487790197134">
        <ele>420.37</ele>
      </trkpt>
      <trkpt lat="48.761939378455281" lon="11.436509750783443">
        <ele>419.31999999999999</ele>
      </trkpt>
      <trkpt lat="48.762020682916045" lon="11.436583679169416">
        <ele>419.05000000000001</ele>
      </trkpt>
      <trkpt lat="48.76210986636579" lon="11.436642771586776">
        <ele>419.35000000000002</ele>
      </trkpt>
      <trkpt lat="48.762207180261612" lon="11.436671940609813">
        <ele>417.01999999999998</ele>
      </trkpt>
      <trkpt lat="48.762298878282309" lon="11.436695661395788">
        <ele>415.89999999999998</ele>
      </trkpt>
      <trkpt lat="48.762394180521369" lon="11.436742348596454">
        <ele>415.85000000000002</ele>
      </trkpt>
      <trkpt lat="48.76247338950634" lon="11.436809320002794">
        <ele>416.94999999999999</ele>
      </trkpt>
      <trkpt lat="48.762566344812512" lon="11.436821473762393">
        <ele>417.24000000000001</ele>
      </trkpt>
      <trkpt lat="48.762658126652241" lon="11.436811415478587">
        <ele>417.75</ele>
      </trkpt>
      <trkpt lat="48.76275678165257" lon="11.436806973069906">
        <ele>418.70999999999998</ele>
      </trkpt>
      <trkpt lat="48.762847641482949" lon="11.436779731884599">
        <ele>422.68000000000001</ele>
      </trkpt>
      <trkpt lat="48.762945039197803" lon="11.436724914237857">
        <ele>421.70999999999998</ele>
      </trkpt>
      <trkpt lat="48.763033300638199" lon="11.436652662232518">
        <ele>422.33999999999997</ele>
      </trkpt>
      <trkpt lat="48.763124663382769" lon="11.436592061072588">
        <ele>422.94</ele>
      </trkpt>
      <trkpt lat="48.763210326433182" lon="11.436542691662908">
        <ele>422.79000000000002</ele>
      </trkpt>
      <trkpt lat="48.763301270082593" lon="11.436598179861903">
        <ele>421.89999999999998</ele>
      </trkpt>
      <trkpt lat="48.763383245095611" lon="11.436530537903309">
        <ele>419.91000000000003</ele>
      </trkpt>
      <trkpt lat="48.763404954224825" lon="11.436390308663249">
        <ele>420.86000000000001</ele>
      </trkpt>
      <trkpt lat="48.763475865125656" lon="11.436508493497968">
        <ele>424.12</ele>
      </trkpt>
      <trkpt lat="48.763511320576072" lon="11.436655009165406">
        <ele>415.66000000000003</ele>
      </trkpt>
      <trkpt lat="48.763594469055533" lon="11.436756681650877">
        <ele>415.49000000000001</ele>
      </trkpt>
      <trkpt lat="48.763651046901941" lon="11.436866316944361">
        <ele>414.88999999999999</ele>
      </trkpt>
      <trkpt lat="48.763652639463544" lon="11.437019538134336">
        <ele>415.75999999999999</ele>
      </trkpt>
      <trkpt lat="48.763658590614796" lon="11.437177872285247">
        <ele>415.12</ele>
      </trkpt>
      <trkpt lat="48.763656495139003" lon="11.437324639409781">
        <ele>418.88</ele>
      </trkpt>
      <trkpt lat="48.763663116842508" lon="11.437464114278555">
        <ele>416.86000000000001</ele>
      </trkpt>
      <trkpt lat="48.763733021914959" lon="11.437558410689235">
        <ele>415.44</ele>
      </trkpt>
      <trkpt lat="48.763803262263536" lon="11.437663268297911">
        <ele>414.62</ele>
      </trkpt>
      <trkpt lat="48.763804100453854" lon="11.43782495521009">
        <ele>416.51999999999998</ele>
      </trkpt>
      <trkpt lat="48.763799490407109" lon="11.437964765354991">
        <ele>414.94999999999999</ele>
      </trkpt>
      <trkpt lat="48.763804938644171" lon="11.438122093677521">
        <ele>413.05000000000001</ele>
      </trkpt>
      <trkpt lat="48.763804519549012" lon="11.438261903822422">
        <ele>410.81</ele>
      </trkpt>
      <trkpt lat="48.763804938644171" lon="11.438414538279176">
        <ele>411.42000000000002</ele>
      </trkpt>
      <trkpt lat="48.763797981664538" lon="11.438564239069819">
        <ele>412.44999999999999</ele>
      </trkpt>
      <trkpt lat="48.763832515105605" lon="11.438699355348945">
        <ele>411.56999999999999</ele>
      </trkpt>
      <trkpt lat="48.763834275305271" lon="11.438844026997685">
        <ele>409.41000000000003</ele>
      </trkpt>
      <trkpt lat="48.763808375224471" lon="11.43897470086813">
        <ele>411.37</ele>
      </trkpt>
      <trkpt lat="48.763813320547342" lon="11.439127754420042">
        <ele>414.13999999999999</ele>
      </trkpt>
      <trkpt lat="48.763807117938995" lon="11.439279215410352">
        <ele>413.13</ele>
      </trkpt>
      <trkpt lat="48.763808961957693" lon="11.439427156001329">
        <ele>413.14999999999998</ele>
      </trkpt>
      <trkpt lat="48.763832515105605" lon="11.439571660012007">
        <ele>413.81</ele>
      </trkpt>
      <trkpt lat="48.763802591711283" lon="11.439709039404988">
        <ele>416.54000000000002</ele>
      </trkpt>
      <trkpt lat="48.763750791549683" lon="11.439828565344214">
        <ele>416.39999999999998</ele>
      </trkpt>
      <trkpt lat="48.763763951137662" lon="11.439973739907146">
        <ele>415.69999999999999</ele>
      </trkpt>
      <trkpt lat="48.763773841783404" lon="11.440122602507472">
        <ele>407.88999999999999</ele>
      </trkpt>
      <trkpt lat="48.763766633346677" lon="11.440261239185929">
        <ele>406.35000000000002</ele>
      </trkpt>
      <trkpt lat="48.763779792934656" lon="11.440396439284086">
        <ele>411.72000000000003</ele>
      </trkpt>
      <trkpt lat="48.763810722157359" lon="11.440535495057702">
        <ele>411.51999999999998</ele>
      </trkpt>
      <trkpt lat="48.763750707730651" lon="11.440657451748848">
        <ele>414.19999999999999</ele>
      </trkpt>
      <trkpt lat="48.763713492080569" lon="11.440797345712781">
        <ele>417.38</ele>
      </trkpt>
      <trkpt lat="48.763638641685247" lon="11.440914189442992">
        <ele>420.20999999999998</ele>
      </trkpt>
      <trkpt lat="48.763636378571391" lon="11.441058274358511">
        <ele>422.77999999999997</ele>
      </trkpt>
      <trkpt lat="48.76362657174468" lon="11.441195402294397">
        <ele>423.14999999999998</ele>
      </trkpt>
      <trkpt lat="48.763594720512629" lon="11.441336469724774">
        <ele>420.13999999999999</ele>
      </trkpt>
      <trkpt lat="48.763542082160711" lon="11.44145842641592">
        <ele>417.44999999999999</ele>
      </trkpt>
      <trkpt lat="48.763521043583751" lon="11.441608043387532">
        <ele>417.25999999999999</ele>
      </trkpt>
      <trkpt lat="48.76342280767858" lon="11.44163629040122">
        <ele>414.48000000000002</ele>
      </trkpt>
      <trkpt lat="48.763333959504962" lon="11.441572420299053">
        <ele>412.38</ele>
      </trkpt>
      <trkpt lat="48.763270424678922" lon="11.441683564335108">
        <ele>410.12</ele>
      </trkpt>
      <trkpt lat="48.763232454657555" lon="11.441546604037285">
        <ele>410.08999999999997</ele>
      </trkpt>
      <trkpt lat="48.763154754415154" lon="11.441634111106396">
        <ele>412.06</ele>
      </trkpt>
      <trkpt lat="48.763060625642538" lon="11.441697394475341">
        <ele>415.11000000000001</ele>
      </trkpt>
      <trkpt lat="48.762961970642209" lon="11.441719271242619">
        <ele>417.23000000000002</ele>
      </trkpt>
      <trkpt lat="48.762880582362413" lon="11.441817758604884">
        <ele>416.25999999999999</ele>
      </trkpt>
      <trkpt lat="48.76280958764255" lon="11.441906103864312">
        <ele>417.79000000000002</ele>
      </trkpt>
      <trkpt lat="48.762735659256577" lon="11.441992437466979">
        <ele>419.25999999999999</ele>
      </trkpt>
      <trkpt lat="48.762658881023526" lon="11.442088326439261">
        <ele>420.26999999999998</ele>
      </trkpt>
      <trkpt lat="48.76260188408196" lon="11.442212713882327">
        <ele>420.54000000000002</ele>
      </trkpt>
      <trkpt lat="48.762518065050244" lon="11.442293180152774">
        <ele>419.18000000000001</ele>
      </trkpt>
      <trkpt lat="48.76243525184691" lon="11.442353278398514">
        <ele>418.26999999999998</ele>
      </trkpt>
      <trkpt lat="48.762371046468616" lon="11.442451681941748">
        <ele>420.37</ele>
      </trkpt>
      <trkpt lat="48.762298207730055" lon="11.442560814321041">
        <ele>423.5</ele>
      </trkpt>
      <trkpt lat="48.762212377041578" lon="11.442616889253259">
        <ele>422.75</ele>
      </trkpt>
      <trkpt lat="48.76212595961988" lon="11.442658044397831">
        <ele>420.69999999999999</ele>
      </trkpt>
      <trkpt lat="48.762041637673974" lon="11.442726859822869">
        <ele>421.55000000000001</ele>
      </trkpt>
      <trkpt lat="48.761954717338085" lon="11.442780839279294">
        <ele>420.98000000000002</ele>
      </trkpt>
      <trkpt lat="48.761854721233249" lon="11.44279676489532">
        <ele>420.14999999999998</ele>
      </trkpt>
      <trkpt lat="48.761763442307711" lon="11.442826269194484">
        <ele>414.93000000000001</ele>
      </trkpt>
      <trkpt lat="48.761673755943775" lon="11.442901790142059">
        <ele>414.31999999999999</ele>
      </trkpt>
      <trkpt lat="48.761577531695366" lon="11.442950069904327">
        <ele>414.94999999999999</ele>
      </trkpt>
      <trkpt lat="48.761480720713735" lon="11.442980077117682">
        <ele>416.99000000000001</ele>
      </trkpt>
      <trkpt lat="48.761393297463655" lon="11.443027518689632">
        <ele>417.85000000000002</ele>
      </trkpt>
      <trkpt lat="48.761361697688699" lon="11.443159282207489">
        <ele>419.05000000000001</ele>
      </trkpt>
      <trkpt lat="48.761276621371508" lon="11.443248968571424">
        <ele>420.31</ele>
      </trkpt>
      <trkpt lat="48.761207219213247" lon="11.443354999646544">
        <ele>422.81999999999999</ele>
      </trkpt>
      <trkpt lat="48.761126920580864" lon="11.443444266915321">
        <ele>423.25</ele>
      </trkpt>
      <trkpt lat="48.761044694110751" lon="11.443529929965734">
        <ele>425.72000000000003</ele>
      </trkpt>
      <trkpt lat="48.760974202305079" lon="11.443615509197116">
        <ele>424.86000000000001</ele>
      </trkpt>
      <trkpt lat="48.760904129594564" lon="11.443707291036844">
        <ele>426.08999999999997</ele>
      </trkpt>
      <trkpt lat="48.76083355396986" lon="11.443801084533334">
        <ele>426.55000000000001</ele>
      </trkpt>
      <trkpt lat="48.760759877040982" lon="11.443880377337337">
        <ele>425.10000000000002</ele>
      </trkpt>
      <trkpt lat="48.76068108715117" lon="11.443952126428485">
        <ele>424.00999999999999</ele>
      </trkpt>
      <trkpt lat="48.760602297261357" lon="11.44404030404985">
        <ele>424.60000000000002</ele>
      </trkpt>
      <trkpt lat="48.760518562048674" lon="11.444106772542">
        <ele>426.30000000000001</ele>
      </trkpt>
      <trkpt lat="48.760461481288075" lon="11.444223448634148">
        <ele>424.60000000000002</ele>
      </trkpt>
      <trkpt lat="48.760429294779897" lon="11.444354709237814">
        <ele>423.12</ele>
      </trkpt>
      <trkpt lat="48.76046072691679" lon="11.444486975669861">
        <ele>421.31999999999999</ele>
      </trkpt>
      <trkpt lat="48.760497523471713" lon="11.444622259587049">
        <ele>422.93000000000001</ele>
      </trkpt>
      <trkpt lat="48.760480424389243" lon="11.444759136065841">
        <ele>424.43000000000001</ele>
      </trkpt>
      <trkpt lat="48.76040892675519" lon="11.444849912077188">
        <ele>425.69</ele>
      </trkpt>
      <trkpt lat="48.760416973382235" lon="11.445003636181355">
        <ele>425.19</ele>
      </trkpt>
      <trkpt lat="48.760425355285406" lon="11.44514269195497">
        <ele>424.41000000000003</ele>
      </trkpt>
      <trkpt lat="48.760364754125476" lon="11.445252494886518">
        <ele>424.41000000000003</ele>
      </trkpt>
      <trkpt lat="48.760376572608948" lon="11.445391466841102">
        <ele>421.22000000000003</ele>
      </trkpt>
      <trkpt lat="48.760304907336831" lon="11.445488529279828">
        <ele>417.5</ele>
      </trkpt>
      <trkpt lat="48.76027213409543" lon="11.445634961128235">
        <ele>416.06</ele>
      </trkpt>
      <trkpt lat="48.760226787999272" lon="11.445778626948595">
        <ele>415.25999999999999</ele>
      </trkpt>
      <trkpt lat="48.76019393093884" lon="11.445906534790993">
        <ele>416.05000000000001</ele>
      </trkpt>
      <trkpt lat="48.760126372799277" lon="11.446027904748917">
        <ele>416.95999999999998</ele>
      </trkpt>
      <trkpt lat="48.760109944269061" lon="11.446162099018693">
        <ele>417.11000000000001</ele>
      </trkpt>
      <trkpt lat="48.760052025318146" lon="11.4462860673666">
        <ele>415.08999999999997</ele>
      </trkpt>
      <trkpt lat="48.760057222098112" lon="11.446358989924192">
        <ele>413.62</ele>
      </trkpt>
      <trkpt lat="48.759930487722158" lon="11.446545990183949">
        <ele>415.88</ele>
      </trkpt>
      <trkpt lat="48.759859660640359" lon="11.446640957146883">
        <ele>421.11000000000001</ele>
      </trkpt>
      <trkpt lat="48.759832084178925" lon="11.446783030405641">
        <ele>419.13999999999999</ele>
      </trkpt>
      <trkpt lat="48.759791264310479" lon="11.446925522759557">
        <ele>416.66000000000003</ele>
      </trkpt>
      <trkpt lat="48.759735357016325" lon="11.447055945172906">
        <ele>416</ele>
      </trkpt>
      <trkpt lat="48.75967743806541" lon="11.447167424485087">
        <ele>415.35000000000002</ele>
      </trkpt>
      <trkpt lat="48.7596779409796" lon="11.447304217144847">
        <ele>416.22000000000003</ele>
      </trkpt>
      <trkpt lat="48.759629158303142" lon="11.447420306503773">
        <ele>418.81999999999999</ele>
      </trkpt>
      <trkpt lat="48.759569143876433" lon="11.447544861584902">
        <ele>418.86000000000001</ele>
      </trkpt>
      <trkpt lat="48.7595000769943" lon="11.447650054469705">
        <ele>418.82999999999998</ele>
      </trkpt>
      <trkpt lat="48.759415419772267" lon="11.447725156322122">
        <ele>419.44999999999999</ele>
      </trkpt>
      <trkpt lat="48.759326320141554" lon="11.447777040302753">
        <ele>419.89999999999998</ele>
      </trkpt>
      <trkpt lat="48.759238813072443" lon="11.447856752201915">
        <ele>419.55000000000001</ele>
      </trkpt>
      <trkpt lat="48.759147869423032" lon="11.447937218472362">
        <ele>420.33999999999997</ele>
      </trkpt>
      <trkpt lat="48.759058685973287" lon="11.447995556518435">
        <ele>420.36000000000001</ele>
      </trkpt>
      <trkpt lat="48.758986433967948" lon="11.448091445490718">
        <ele>421.44999999999999</ele>
      </trkpt>
      <trkpt lat="48.758936980739236" lon="11.448206696659327">
        <ele>423.88</ele>
      </trkpt>
      <trkpt lat="48.758909655734897" lon="11.448359917849302">
        <ele>426.88999999999999</ele>
      </trkpt>
      <trkpt lat="48.758867913857102" lon="11.448485730215907">
        <ele>425.66000000000003</ele>
      </trkpt>
      <trkpt lat="48.758838912472129" lon="11.448626630008221">
        <ele>424.38999999999999</ele>
      </trkpt>
      <trkpt lat="48.758843103423715" lon="11.448782701045275">
        <ele>422.97000000000003</ele>
      </trkpt>
      <trkpt lat="48.758821059018373" lon="11.448928713798523">
        <ele>421.63999999999999</ele>
      </trkpt>
      <trkpt lat="48.758867410942912" lon="11.449060728773475">
        <ele>421.69999999999999</ele>
      </trkpt>
      <trkpt lat="48.758862800896168" lon="11.449222331866622">
        <ele>422.12</ele>
      </trkpt>
      <trkpt lat="48.758826088160276" lon="11.449363147839904">
        <ele>423.56</ele>
      </trkpt>
      <trkpt lat="48.758865399286151" lon="11.449493234977126">
        <ele>423.32999999999998</ele>
      </trkpt>
      <trkpt lat="48.758865147829056" lon="11.449633631855249">
        <ele>423.93000000000001</ele>
      </trkpt>
      <trkpt lat="48.758836733177304" lon="11.449769753962755">
        <ele>423.77999999999997</ele>
      </trkpt>
      <trkpt lat="48.758835978806019" lon="11.449923729524016">
        <ele>422.01999999999998</ele>
      </trkpt>
      <trkpt lat="48.758797505870461" lon="11.450060941278934">
        <ele>421.06</ele>
      </trkpt>
      <trkpt lat="48.758799098432064" lon="11.450204690918326">
        <ele>421.24000000000001</ele>
      </trkpt>
      <trkpt lat="48.758802702650428" lon="11.450349111109972">
        <ele>420.94999999999999</ele>
      </trkpt>
      <trkpt lat="48.758819634094834" lon="11.450498308986425">
        <ele>421.88999999999999</ele>
      </trkpt>
      <trkpt lat="48.758787699043751" lon="11.450625546276569">
        <ele>424.72000000000003</ele>
      </trkpt>
      <trkpt lat="48.758818879723549" lon="11.450757309794426">
        <ele>427.41000000000003</ele>
      </trkpt>
      <trkpt lat="48.758879732340574" lon="11.450862251222134">
        <ele>429.04000000000002</ele>
      </trkpt>
      <trkpt lat="48.758925497531891" lon="11.450999546796083">
        <ele>431.42000000000002</ele>
      </trkpt>
      <trkpt lat="48.758948547765613" lon="11.451139524579048">
        <ele>432.02999999999997</ele>
      </trkpt>
      <trkpt lat="48.758906302973628" lon="11.451269360259175">
        <ele>432.91000000000003</ele>
      </trkpt>
      <trkpt lat="48.758899429813027" lon="11.451420988887548">
        <ele>432.38</ele>
      </trkpt>
      <trkpt lat="48.758845450356603" lon="11.4515495672822">
        <ele>434.14999999999998</ele>
      </trkpt>
      <trkpt lat="48.758796416223049" lon="11.451669009402394">
        <ele>433.69999999999999</ele>
      </trkpt>
      <trkpt lat="48.758774204179645" lon="11.451807813718915">
        <ele>434.30000000000001</ele>
      </trkpt>
      <trkpt lat="48.758702706545591" lon="11.451912838965654">
        <ele>433.06999999999999</ele>
      </trkpt>
      <trkpt lat="48.758639758452773" lon="11.452013254165649">
        <ele>430.13999999999999</ele>
      </trkpt>
      <trkpt lat="48.758577480912209" lon="11.452118279412389">
        <ele>428.24000000000001</ele>
      </trkpt>
      <trkpt lat="48.758494919165969" lon="11.452176198363304">
        <ele>425.50999999999999</ele>
      </trkpt>
      <trkpt lat="48.758395258337259" lon="11.452227160334587">
        <ele>424</ele>
      </trkpt>
      <trkpt lat="48.758304482325912" lon="11.452280385419726">
        <ele>423.19</ele>
      </trkpt>
      <trkpt lat="48.758219489827752" lon="11.452345931902528">
        <ele>423.02999999999997</ele>
      </trkpt>
      <trkpt lat="48.758132318034768" lon="11.452394714578986">
        <ele>422.74000000000001</ele>
      </trkpt>
      <trkpt lat="48.758038273081183" lon="11.45245355553925">
        <ele>422.13999999999999</ele>
      </trkpt>
      <trkpt lat="48.757953951135278" lon="11.452513989061117">
        <ele>424.57999999999998</ele>
      </trkpt>
      <trkpt lat="48.757868707180023" lon="11.452566962689161">
        <ele>424.87</ele>
      </trkpt>
      <trkpt lat="48.757763346657157" lon="11.452581211924553">
        <ele>424.48000000000002</ele>
      </trkpt>
      <trkpt lat="48.757657231763005" lon="11.452582720667124">
        <ele>424.81999999999999</ele>
      </trkpt>
      <trkpt lat="48.757604341953993" lon="11.452700402587652">
        <ele>424.11000000000001</ele>
      </trkpt>
      <trkpt lat="48.757600486278534" lon="11.452854545786977">
        <ele>425.30000000000001</ele>
      </trkpt>
      <trkpt lat="48.757517673075199" lon="11.452944064512849">
        <ele>425.91000000000003</ele>
      </trkpt>
      <trkpt lat="48.757460927590728" lon="11.45307507365942">
        <ele>428.45999999999998</ele>
      </trkpt>
      <trkpt lat="48.757409043610096" lon="11.453190241008997">
        <ele>430.12</ele>
      </trkpt>
      <trkpt lat="48.757330169901252" lon="11.453301217406988">
        <ele>428.89999999999998</ele>
      </trkpt>
      <trkpt lat="48.757263785228133" lon="11.453428287059069">
        <ele>426.79000000000002</ele>
      </trkpt>
      <trkpt lat="48.757196730002761" lon="11.453557284548879">
        <ele>425.06</ele>
      </trkpt>
      <trkpt lat="48.757181810215116" lon="11.453703381121159">
        <ele>422.27999999999997</ele>
      </trkpt>
      <trkpt lat="48.75717518851161" lon="11.453854087740183">
        <ele>422.01999999999998</ele>
      </trkpt>
      <trkpt lat="48.757148534059525" lon="11.454004207625985">
        <ele>422.74000000000001</ele>
      </trkpt>
      <trkpt lat="48.757144259288907" lon="11.454145358875394">
        <ele>422.05000000000001</ele>
      </trkpt>
      <trkpt lat="48.7571014277637" lon="11.454283325001597">
        <ele>423.05000000000001</ele>
      </trkpt>
      <trkpt lat="48.757041664794087" lon="11.454391032457352">
        <ele>423.22000000000003</ele>
      </trkpt>
      <trkpt lat="48.757024146616459" lon="11.45453754812479">
        <ele>421.79000000000002</ele>
      </trkpt>
      <trkpt lat="48.75700956210494" lon="11.454690769314766">
        <ele>424.99000000000001</ele>
      </trkpt>
      <trkpt lat="48.75694208778441" lon="11.45480920560658">
        <ele>426.20999999999998</ele>
      </trkpt>
      <trkpt lat="48.756872182711959" lon="11.454923115670681">
        <ele>426.30000000000001</ele>
      </trkpt>
      <trkpt lat="48.756830189377069" lon="11.455060578882694">
        <ele>424.85000000000002</ele>
      </trkpt>
      <trkpt lat="48.756797583773732" lon="11.455193432047963">
        <ele>425.98000000000002</ele>
      </trkpt>
      <trkpt lat="48.756759613752365" lon="11.45533055998385">
        <ele>427.97000000000003</ele>
      </trkpt>
      <trkpt lat="48.756775036454201" lon="11.455491576343775">
        <ele>428.38999999999999</ele>
      </trkpt>
      <trkpt lat="48.75674712471664" lon="11.455621831119061">
        <ele>422.39999999999998</ele>
      </trkpt>
      <trkpt lat="48.756724074482918" lon="11.455768849700689">
        <ele>418.48000000000002</ele>
      </trkpt>
      <trkpt lat="48.756691133603454" lon="11.455898182466626">
        <ele>419.19</ele>
      </trkpt>
      <trkpt lat="48.756605889648199" lon="11.45596775226295">
        <ele>420.58999999999997</ele>
      </trkpt>
      <trkpt lat="48.75653020106256" lon="11.456056768074632">
        <ele>421.00999999999999</ele>
      </trkpt>
      <trkpt lat="48.756444873288274" lon="11.456120721995831">
        <ele>421.08999999999997</ele>
      </trkpt>
      <trkpt lat="48.756374465301633" lon="11.456222645938396">
        <ele>418.87</ele>
      </trkpt>
      <trkpt lat="48.756295926868916" lon="11.456302274018526">
        <ele>415.42000000000002</ele>
      </trkpt>
      <trkpt lat="48.756214203312993" lon="11.456387769430876">
        <ele>413.06</ele>
      </trkpt>
      <trkpt lat="48.75615444034338" lon="11.456497823819518">
        <ele>411.66000000000003</ele>
      </trkpt>
      <trkpt lat="48.756067436188459" lon="11.456620199605823"/>
      <trkpt lat="48.756067603826523" lon="11.456631347537041">
        <ele>411.69999999999999</ele>
      </trkpt>
      <trkpt lat="48.756045894697309" lon="11.456653391942382">
        <ele>410.26999999999998</ele>
      </trkpt>
      <trkpt lat="48.756350576877594" lon="11.45676713436842">
        <ele>409.11000000000001</ele>
      </trkpt>
      <trkpt lat="48.756597172468901" lon="11.456884061917663">
        <ele>407.88999999999999</ele>
      </trkpt>
      <trkpt lat="48.755987053737044" lon="11.456689769402146">
        <ele>409.72000000000003</ele>
      </trkpt>
      <trkpt lat="48.755720006301999" lon="11.456752130761743">
        <ele>413.05000000000001</ele>
      </trkpt>
      <trkpt lat="48.755642222240567" lon="11.456980369985104">
        <ele>417.63</ele>
      </trkpt>
      <trkpt lat="48.755630906671286" lon="11.457708170637488">
        <ele>422.17000000000002</ele>
      </trkpt>
      <trkpt lat="48.755638115108013" lon="11.457761647179723">
        <ele>413.68000000000001</ele>
      </trkpt>
      <trkpt lat="48.755622692406178" lon="11.457872455939651">
        <ele>413.88999999999999</ele>
      </trkpt>
      <trkpt lat="48.755606431514025" lon="11.458019893616438">
        <ele>407.17000000000002</ele>
      </trkpt>
      <trkpt lat="48.755556559190154" lon="11.458148388192058">
        <ele>411.63</ele>
      </trkpt>
      <trkpt lat="48.755535185337067" lon="11.458291383460164">
        <ele>416.88</ele>
      </trkpt>
      <trkpt lat="48.755462178960443" lon="11.458386434242129">
        <ele>415.91000000000003</ele>
      </trkpt>
      <trkpt lat="48.755398644134402" lon="11.458496572449803">
        <ele>417.91000000000003</ele>
      </trkpt>
      <trkpt lat="48.755441894754767" lon="11.458618361502886">
        <ele>415.00999999999999</ele>
      </trkpt>
      <trkpt lat="48.755432842299342" lon="11.458955565467477">
        <ele>407</ele>
      </trkpt>
      <trkpt lat="48.75538338907063" lon="11.459070229902864">
        <ele>407.64999999999998</ele>
      </trkpt>
      <trkpt lat="48.755287081003189" lon="11.459130831062794">
        <ele>408.47000000000003</ele>
      </trkpt>
      <trkpt lat="48.75521482899785" lon="11.459226468577981">
        <ele>409.31</ele>
      </trkpt>
      <trkpt lat="48.755166381597519" lon="11.459343312308192">
        <ele>410.97000000000003</ele>
      </trkpt>
      <trkpt lat="48.755149701610208" lon="11.459495276212692">
        <ele>413.42000000000002</ele>
      </trkpt>
      <trkpt lat="48.75510192476213" lon="11.459629805758595">
        <ele>415.38</ele>
      </trkpt>
      <trkpt lat="48.755076108500361" lon="11.459767268970609">
        <ele>415.85000000000002</ele>
      </trkpt>
      <trkpt lat="48.755035288631916" lon="11.459898026660085">
        <ele>418.91000000000003</ele>
      </trkpt>
      <trkpt lat="48.754979129880667" lon="11.460012020543218">
        <ele>420.38</ele>
      </trkpt>
      <trkpt lat="48.754896065220237" lon="11.460079159587622">
        <ele>418.22000000000003</ele>
      </trkpt>
      <trkpt lat="48.754806127399206" lon="11.460102964192629">
        <ele>416.25999999999999</ele>
      </trkpt>
      <trkpt lat="48.754715770483017" lon="11.460065999999642">
        <ele>415.73000000000002</ele>
      </trkpt>
      <trkpt lat="48.754616696387529" lon="11.460083853453398">
        <ele>414.85000000000002</ele>
      </trkpt>
      <trkpt lat="48.754523070529103" lon="11.460073376074433">
        <ele>414.36000000000001</ele>
      </trkpt>
      <trkpt lat="48.754442017525434" lon="11.460000118240714">
        <ele>414.95999999999998</ele>
      </trkpt>
      <trkpt lat="48.754357360303402" lon="11.459934404119849">
        <ele>414.94</ele>
      </trkpt>
      <trkpt lat="48.754258956760168" lon="11.459928452968597">
        <ele>414.31999999999999</ele>
      </trkpt>
      <trkpt lat="48.754166252911091" lon="11.459968099370599">
        <ele>414.44999999999999</ele>
      </trkpt>
      <trkpt lat="48.754062820225954" lon="11.460002046078444">
        <ele>414.11000000000001</ele>
      </trkpt>
      <trkpt lat="48.753969613462687" lon="11.460050493478775">
        <ele>414.56999999999999</ele>
      </trkpt>
      <trkpt lat="48.753879759460688" lon="11.460081171244383">
        <ele>414</ele>
      </trkpt>
      <trkpt lat="48.753784792497754" lon="11.460088798776269">
        <ele>413.04000000000002</ele>
      </trkpt>
      <trkpt lat="48.753714635968208" lon="11.460175216197968">
        <ele>413.39999999999998</ele>
      </trkpt>
      <trkpt lat="48.753656214103103" lon="11.460281582549214">
        <ele>414.39999999999998</ele>
      </trkpt>
      <trkpt lat="48.753578094765544" lon="11.46036783233285">
        <ele>413.39999999999998</ele>
      </trkpt>
      <trkpt lat="48.753499891608953" lon="11.460479898378253">
        <ele>415.43000000000001</ele>
      </trkpt>
      <trkpt lat="48.753456557169557" lon="11.460625659674406">
        <ele>415.19</ele>
      </trkpt>
      <trkpt lat="48.753420012071729" lon="11.460763290524483">
        <ele>415.24000000000001</ele>
      </trkpt>
      <trkpt lat="48.753418335691094" lon="11.460909638553858">
        <ele>414.14999999999998</ele>
      </trkpt>
      <trkpt lat="48.753372905775905" lon="11.461032852530479">
        <ele>412.44</ele>
      </trkpt>
      <trkpt lat="48.753322530537844" lon="11.461145505309105">
        <ele>411.91000000000003</ele>
      </trkpt>
      <trkpt lat="48.753288500010967" lon="11.461276011541486">
        <ele>411.41000000000003</ele>
      </trkpt>
      <trkpt lat="48.753250949084759" lon="11.461402243003249">
        <ele>410.87</ele>
      </trkpt>
      <trkpt lat="48.753197221085429" lon="11.461534928530455">
        <ele>408.77999999999997</ele>
      </trkpt>
      <trkpt lat="48.753166040405631" lon="11.461663758382201">
        <ele>407.67000000000002</ele>
      </trkpt>
      <trkpt lat="48.753124214708805" lon="11.461799377575517">
        <ele>407.18000000000001</ele>
      </trkpt>
      <trkpt lat="48.753075180575252" lon="11.46192317828536">
        <ele>406.5</ele>
      </trkpt>
      <trkpt lat="48.753006448969245" lon="11.462027868255973">
        <ele>405.51999999999998</ele>
      </trkpt>
      <trkpt lat="48.752967556938529" lon="11.46215183660388">
        <ele>405.58999999999997</ele>
      </trkpt>
      <trkpt lat="48.752924557775259" lon="11.462272955104709">
        <ele>405.31999999999999</ele>
      </trkpt>
      <trkpt lat="48.752858759835362" lon="11.4623804949224">
        <ele>405.38999999999999</ele>
      </trkpt>
      <trkpt lat="48.752793297171593" lon="11.462476048618555">
        <ele>406.22000000000003</ele>
      </trkpt>
      <trkpt lat="48.752744095399976" lon="11.462597502395511">
        <ele>408.16000000000003</ele>
      </trkpt>
      <trkpt lat="48.752700258046389" lon="11.462722392752767">
        <ele>406.47000000000003</ele>
      </trkpt>
      <trkpt lat="48.75270327553153" lon="11.46286522038281">
        <ele>408.13999999999999</ele>
      </trkpt>
      <trkpt lat="48.752706712111831" lon="11.463029254227877">
        <ele>410.07999999999998</ele>
      </trkpt>
      <trkpt lat="48.752670167014003" lon="11.463156491518021">
        <ele>411.75999999999999</ele>
      </trkpt>
      <trkpt lat="48.75259724445641" lon="11.463250201195478">
        <ele>413.02999999999997</ele>
      </trkpt>
      <trkpt lat="48.752533625811338" lon="11.463360255584121">
        <ele>412</ele>
      </trkpt>
      <trkpt lat="48.752470510080457" lon="11.463471064344049">
        <ele>410.13</ele>
      </trkpt>
      <trkpt lat="48.752421392127872" lon="11.463585058227181">
        <ele>408.54000000000002</ele>
      </trkpt>
      <trkpt lat="48.752383757382631" lon="11.46372520364821">
        <ele>408.44999999999999</ele>
      </trkpt>
      <trkpt lat="48.75232751481235" lon="11.463842131197453">
        <ele>409.17000000000002</ele>
      </trkpt>
      <trkpt lat="48.752256603911519" lon="11.463953359052539">
        <ele>407.05000000000001</ele>
      </trkpt>
      <trkpt lat="48.752195499837399" lon="11.464076740667224">
        <ele>406.23000000000002</ele>
      </trkpt>
      <trkpt lat="48.752122242003679" lon="11.464159302413464">
        <ele>406.29000000000002</ele>
      </trkpt>
      <trkpt lat="48.752077482640743" lon="11.464286874979734">
        <ele>407.86000000000001</ele>
      </trkpt>
      <trkpt lat="48.752016294747591" lon="11.464393744245172">
        <ele>406.80000000000001</ele>
      </trkpt>
      <trkpt lat="48.751939935609698" lon="11.464494159445167">
        <ele>403.82999999999998</ele>
      </trkpt>
      <trkpt lat="48.751844633370638" lon="11.464493656530976">
        <ele>400</ele>
      </trkpt>
      <trkpt lat="48.751761401072145" lon="11.464555347338319">
        <ele>398.02999999999997</ele>
      </trkpt>
      <trkpt lat="48.751684706658125" lon="11.464632712304592">
        <ele>399.06999999999999</ele>
      </trkpt>
      <trkpt lat="48.751599211245775" lon="11.464701695367694">
        <ele>401.69</ele>
      </trkpt>
      <trkpt lat="48.751504328101873" lon="11.464735893532634">
        <ele>404.87</ele>
      </trkpt>
      <trkpt lat="48.751418748870492" lon="11.464824238792062">
        <ele>407.16000000000003</ele>
      </trkpt>
      <trkpt lat="48.751335851848125" lon="11.46489062346518">
        <ele>407.83999999999997</ele>
      </trkpt>
      <trkpt lat="48.751263432204723" lon="11.464978130534291">
        <ele>409.39999999999998</ele>
      </trkpt>
      <trkpt lat="48.751178439706564" lon="11.465053986757994">
        <ele>410.61000000000001</ele>
      </trkpt>
      <trkpt lat="48.751101912930608" lon="11.465126071125269">
        <ele>410.85000000000002</ele>
      </trkpt>
      <trkpt lat="48.751017088070512" lon="11.465193377807736">
        <ele>409.87</ele>
      </trkpt>
      <trkpt lat="48.750938214361668" lon="11.465262277051806">
        <ele>408.42000000000002</ele>
      </trkpt>
      <trkpt lat="48.750844588503242" lon="11.465312736108899">
        <ele>410.87</ele>
      </trkpt>
      <trkpt lat="48.750769486650825" lon="11.465410133823752">
        <ele>412.23000000000002</ele>
      </trkpt>
      <trkpt lat="48.750699330121279" lon="11.465504765510559">
        <ele>412.73000000000002</ele>
      </trkpt>
      <trkpt lat="48.750648032873869" lon="11.465619765222073">
        <ele>413.61000000000001</ele>
      </trkpt>
      <trkpt lat="48.750572763383389" lon="11.465697465464473">
        <ele>415.75</ele>
      </trkpt>
      <trkpt lat="48.750522220507264" lon="11.465817242860794">
        <ele>416.13</ele>
      </trkpt>
      <trkpt lat="48.750448795035481" lon="11.465915394946933">
        <ele>411.63</ele>
      </trkpt>
      <trkpt lat="48.75036858022213" lon="11.466010110452771">
        <ele>410.72000000000003</ele>
      </trkpt>
      <trkpt lat="48.75029087997973" lon="11.466095857322216">
        <ele>412.62</ele>
      </trkpt>
      <trkpt lat="48.750210497528315" lon="11.466174814850092">
        <ele>411.92000000000002</ele>
      </trkpt>
      <trkpt lat="48.750164564698935" lon="11.466297442093492">
        <ele>409.41000000000003</ele>
      </trkpt>
      <trkpt lat="48.750114105641842" lon="11.466428535059094">
        <ele>410.06</ele>
      </trkpt>
      <trkpt lat="48.750055097043514" lon="11.466555269435048">
        <ele>411.44</ele>
      </trkpt>
      <trkpt lat="48.750018803402781" lon="11.466686278581619">
        <ele>412.80000000000001</ele>
      </trkpt>
      <trkpt lat="48.74999918974936" lon="11.46682751365006">
        <ele>411.87</ele>
      </trkpt>
      <trkpt lat="48.74993909150362" lon="11.466945027932525">
        <ele>409.88</ele>
      </trkpt>
      <trkpt lat="48.749911515042186" lon="11.467087268829346">
        <ele>410.55000000000001</ele>
      </trkpt>
      <trkpt lat="48.749868599697948" lon="11.467213584110141">
        <ele>411.97000000000003</ele>
      </trkpt>
      <trkpt lat="48.749819900840521" lon="11.467337133362889">
        <ele>411.44999999999999</ele>
      </trkpt>
      <trkpt lat="48.749802801758051" lon="11.467479458078742">
        <ele>411.00999999999999</ele>
      </trkpt>
      <trkpt lat="48.749795677140355" lon="11.467620357871056">
        <ele>410.49000000000001</ele>
      </trkpt>
      <trkpt lat="48.749801376834512" lon="11.467758910730481">
        <ele>408.24000000000001</ele>
      </trkpt>
      <trkpt lat="48.749815626069903" lon="11.467898469418287">
        <ele>408.56999999999999</ele>
      </trkpt>
      <trkpt lat="48.749775141477585" lon="11.468030149117112">
        <ele>408.70999999999998</ele>
      </trkpt>
      <trkpt lat="48.749783020466566" lon="11.468171551823616">
        <ele>409.51999999999998</ele>
      </trkpt>
      <trkpt lat="48.749839598312974" lon="11.468283869326115">
        <ele>410.44</ele>
      </trkpt>
      <trkpt lat="48.749898858368397" lon="11.468390906229615">
        <ele>409.12</ele>
      </trkpt>
      <trkpt lat="48.749968176707625" lon="11.46848788484931">
        <ele>409.16000000000003</ele>
      </trkpt>
      <trkpt lat="48.750047804787755" lon="11.468596765771508">
        <ele>409.24000000000001</ele>
      </trkpt>
      <trkpt lat="48.750094072893262" lon="11.468723751604557">
        <ele>408.89999999999998</ele>
      </trkpt>
      <trkpt lat="48.750152662396431" lon="11.46884998306632">
        <ele>409.56</ele>
      </trkpt>
      <trkpt lat="48.750179735943675" lon="11.468987194821239">
        <ele>408.95999999999998</ele>
      </trkpt>
      <trkpt lat="48.750183088704944" lon="11.469130860641599">
        <ele>406.58999999999997</ele>
      </trkpt>
      <trkpt lat="48.750163055956364" lon="11.469274777919054">
        <ele>407.76999999999998</ele>
      </trkpt>
      <trkpt lat="48.750126762315631" lon="11.469403523951769">
        <ele>406.82999999999998</ele>
      </trkpt>
      <trkpt lat="48.750109495595098" lon="11.469539729878306">
        <ele>404.60000000000002</ele>
      </trkpt>
      <trkpt lat="48.750101029872894" lon="11.469686580821872">
        <ele>406.44</ele>
      </trkpt>
      <trkpt lat="48.750151740387082" lon="11.469818763434887">
        <ele>407.57999999999998</ele>
      </trkpt>
      <trkpt lat="48.75021074898541" lon="11.469937451183796">
        <ele>408.63</ele>
      </trkpt>
      <trkpt lat="48.750201445072889" lon="11.470083631575108">
        <ele>408.39999999999998</ele>
      </trkpt>
      <trkpt lat="48.750167414546013" lon="11.470210617408156">
        <ele>408.72000000000003</ele>
      </trkpt>
      <trkpt lat="48.750213515013456" lon="11.470331065356731">
        <ele>409.66000000000003</ele>
      </trkpt>
      <trkpt lat="48.750256178900599" lon="11.47046291269362">
        <ele>411.04000000000002</ele>
      </trkpt>
      <trkpt lat="48.75030068680644" lon="11.470591994002461">
        <ele>412.35000000000002</ele>
      </trkpt>
      <trkpt lat="48.750371346250176" lon="11.470709089189768">
        <ele>414.16000000000003</ele>
      </trkpt>
      <trkpt lat="48.750418871641159" lon="11.470837751403451">
        <ele>415.70999999999998</ele>
      </trkpt>
      <trkpt lat="48.750396659597754" lon="11.47098233923316">
        <ele>412.61000000000001</ele>
      </trkpt>
      <trkpt lat="48.750403532758355" lon="11.471124244853854">
        <ele>412.93000000000001</ele>
      </trkpt>
      <trkpt lat="48.750430857762694" lon="11.471255756914616">
        <ele>414.56</ele>
      </trkpt>
      <trkpt lat="48.750454830005765" lon="11.471388945356011">
        <ele>414.26999999999998</ele>
      </trkpt>
      <trkpt lat="48.750448375940323" lon="11.47152716293931">
        <ele>414.88</ele>
      </trkpt>
      <trkpt lat="48.750477125868201" lon="11.471665380522609">
        <ele>417.31</ele>
      </trkpt>
      <trkpt lat="48.750505121424794" lon="11.471798904240131">
        <ele>416.36000000000001</ele>
      </trkpt>
      <trkpt lat="48.75057821162045" lon="11.471913736313581">
        <ele>413.00999999999999</ele>
      </trkpt>
      <trkpt lat="48.750641830265522" lon="11.472026221454144">
        <ele>412.17000000000002</ele>
      </trkpt>
      <trkpt lat="48.750727996230125" lon="11.472087157890201">
        <ele>412.75999999999999</ele>
      </trkpt>
      <trkpt lat="48.750815754756331" lon="11.472123367711902">
        <ele>411.67000000000002</ele>
      </trkpt>
      <trkpt lat="48.750900411978364" lon="11.472179191187024">
        <ele>409.19999999999999</ele>
      </trkpt>
      <trkpt lat="48.750982638448477" lon="11.472247671335936">
        <ele>408.44</ele>
      </trkpt>
      <trkpt lat="48.751068133860826" lon="11.472298800945282">
        <ele>406.66000000000003</ele>
      </trkpt>
      <trkpt lat="48.75116259790957" lon="11.472303746268153">
        <ele>406.75999999999999</ele>
      </trkpt>
      <trkpt lat="48.751263683661819" lon="11.472288994118571">
        <ele>406.26999999999998</ele>
      </trkpt>
      <trkpt lat="48.751353705301881" lon="11.47224985063076">
        <ele>406.30000000000001</ele>
      </trkpt>
      <trkpt lat="48.751439200714231" lon="11.472201906144619">
        <ele>406.13</ele>
      </trkpt>
      <trkpt lat="48.751529892906547" lon="11.472137784585357">
        <ele>403.55000000000001</ele>
      </trkpt>
      <trkpt lat="48.751614466309547" lon="11.472078189253807">
        <ele>405.05000000000001</ele>
      </trkpt>
      <trkpt lat="48.751717982813716" lon="11.472083972766995">
        <ele>404.97000000000003</ele>
      </trkpt>
      <trkpt lat="48.751810938119888" lon="11.472139460965991">
        <ele>405.35000000000002</ele>
      </trkpt>
      <trkpt lat="48.751896852627397" lon="11.472182543948293">
        <ele>406.19999999999999</ele>
      </trkpt>
      <trkpt lat="48.751978660002351" lon="11.472258064895868">
        <ele>407.88</ele>
      </trkpt>
      <trkpt lat="48.752050576731563" lon="11.47235001437366">
        <ele>409.37</ele>
      </trkpt>
      <trkpt lat="48.752128025516868" lon="11.472419165074825">
        <ele>410.31</ele>
      </trkpt>
      <trkpt lat="48.752229027450085" lon="11.472447663545609">
        <ele>410.16000000000003</ele>
      </trkpt>
      <trkpt lat="48.752320557832718" lon="11.472503067925572">
        <ele>408.58999999999997</ele>
      </trkpt>
      <trkpt lat="48.752406220883131" lon="11.472568027675152">
        <ele>409.83999999999997</ele>
      </trkpt>
      <trkpt lat="48.752498589456081" lon="11.472622090950608">
        <ele>410.41000000000003</ele>
      </trkpt>
      <trkpt lat="48.752577798441052" lon="11.472696103155613">
        <ele>412.80000000000001</ele>
      </trkpt>
      <trkpt lat="48.752675279974937" lon="11.472699707373977">
        <ele>413.39999999999998</ele>
      </trkpt>
      <trkpt lat="48.752767145633698" lon="11.472662324085832">
        <ele>411.47000000000003</ele>
      </trkpt>
      <trkpt lat="48.752865297719836" lon="11.472679590806365">
        <ele>410.27999999999997</ele>
      </trkpt>
      <trkpt lat="48.75295246951282" lon="11.472619073465466">
        <ele>408.85000000000002</ele>
      </trkpt>
      <trkpt lat="48.753044670447707" lon="11.47257967852056">
        <ele>409.58999999999997</ele>
      </trkpt>
      <trkpt lat="48.75314206816256" lon="11.472566602751613">
        <ele>407.13999999999999</ele>
      </trkpt>
      <trkpt lat="48.753226893022656" lon="11.472519999369979">
        <ele>407.63999999999999</ele>
      </trkpt>
      <trkpt lat="48.753323452547193" lon="11.472524022683501">
        <ele>408.13999999999999</ele>
      </trkpt>
      <trkpt lat="48.75342009589076" lon="11.472492171451449">
        <ele>407.55000000000001</ele>
      </trkpt>
      <trkpt lat="48.75352025963366" lon="11.472470043227077">
        <ele>404.67000000000002</ele>
      </trkpt>
      <trkpt lat="48.753616400063038" lon="11.472466606646776">
        <ele>403.69</ele>
      </trkpt>
      <trkpt lat="48.753712205216289" lon="11.472508935257792">
        <ele>405.12</ele>
      </trkpt>
      <trkpt lat="48.753807004541159" lon="11.472544725984335">
        <ele>407.33999999999997</ele>
      </trkpt>
      <trkpt lat="48.753907419741154" lon="11.472566686570644">
        <ele>408.94999999999999</ele>
      </trkpt>
      <trkpt lat="48.753999201580882" lon="11.472605662420392">
        <ele>407.04000000000002</ele>
      </trkpt>
      <trkpt lat="48.754089055582881" lon="11.472662994638085">
        <ele>408.74000000000001</ele>
      </trkpt>
      <trkpt lat="48.754172790795565" lon="11.47273750975728">
        <ele>410.97000000000003</ele>
      </trkpt>
      <trkpt lat="48.754251329228282" lon="11.472805235534906">
        <ele>410.61000000000001</ele>
      </trkpt>
      <trkpt lat="48.754345290362835" lon="11.472846977412701">
        <ele>408.60000000000002</ele>
      </trkpt>
      <trkpt lat="48.754435479640961" lon="11.472856951877475">
        <ele>407.19999999999999</ele>
      </trkpt>
      <trkpt lat="48.754526423290372" lon="11.472833817824721">
        <ele>407.10000000000002</ele>
      </trkpt>
      <trkpt lat="48.754615858197212" lon="11.472799619659781">
        <ele>407.22000000000003</ele>
      </trkpt>
      <trkpt lat="48.754715351387858" lon="11.472848234698176">
        <ele>409.13999999999999</ele>
      </trkpt>
      <trkpt lat="48.754802020266652" lon="11.472909757867455">
        <ele>410.55000000000001</ele>
      </trkpt>
      <trkpt lat="48.754906039685011" lon="11.47289827466011">
        <ele>411.44999999999999</ele>
      </trkpt>
      <trkpt lat="48.754996731877327" lon="11.472906153649092">
        <ele>408.85000000000002</ele>
      </trkpt>
      <trkpt lat="48.755083316937089" lon="11.472973795607686">
        <ele>409.35000000000002</ele>
      </trkpt>
      <trkpt lat="48.755174595862627" lon="11.473018806427717">
        <ele>408.72000000000003</ele>
      </trkpt>
      <trkpt lat="48.755265707150102" lon="11.473062643781304">
        <ele>406.68000000000001</ele>
      </trkpt>
      <trkpt lat="48.755360087379813" lon="11.473094327375293">
        <ele>405.14999999999998</ele>
      </trkpt>
      <trkpt lat="48.755428399890661" lon="11.473197676241398">
        <ele>403.20999999999998</ele>
      </trkpt>
      <trkpt lat="48.75551582314074" lon="11.473236987367272">
        <ele>401.64999999999998</ele>
      </trkpt>
      <trkpt lat="48.755605928599834" lon="11.473289793357253">
        <ele>403.35000000000002</ele>
      </trkpt>
      <trkpt lat="48.755685137584805" lon="11.473375037312508">
        <ele>404.35000000000002</ele>
      </trkpt>
      <trkpt lat="48.75576401129365" lon="11.47346262820065">
        <ele>405.97000000000003</ele>
      </trkpt>
      <trkpt lat="48.755850428715348" lon="11.473517613485456">
        <ele>406.64999999999998</ele>
      </trkpt>
      <trkpt lat="48.755934163928032" lon="11.473570084199309">
        <ele>405.20999999999998</ele>
      </trkpt>
      <trkpt lat="48.756003230810165" lon="11.473677372559905">
        <ele>402.67000000000002</ele>
      </trkpt>
      <trkpt lat="48.756085289642215" lon="11.473774099722505">
        <ele>400.19999999999999</ele>
      </trkpt>
      <trkpt lat="48.756168354302645" lon="11.473857667297125">
        <ele>403.72000000000003</ele>
      </trkpt>
      <trkpt lat="48.756249910220504" lon="11.473917094990611">
        <ele>405.29000000000002</ele>
      </trkpt>
      <trkpt lat="48.756325012072921" lon="11.474007284268737">
        <ele>405.30000000000001</ele>
      </trkpt>
      <trkpt lat="48.756389049813151" lon="11.474105771631002">
        <ele>404.37</ele>
      </trkpt>
      <trkpt lat="48.75646373257041" lon="11.474184896796942">
        <ele>405.24000000000001</ele>
      </trkpt>
      <trkpt lat="48.756549144163728" lon="11.474264692515135">
        <ele>404.36000000000001</ele>
      </trkpt>
      <trkpt lat="48.756630280986428" lon="11.474349768832326">
        <ele>404.75999999999999</ele>
      </trkpt>
      <trkpt lat="48.756696414202452" lon="11.474447585642338">
        <ele>406.31</ele>
      </trkpt>
      <trkpt lat="48.756752070039511" lon="11.474556718021631">
        <ele>408.27999999999997</ele>
      </trkpt>
      <trkpt lat="48.756813174113631" lon="11.474672639742494">
        <ele>411.85000000000002</ele>
      </trkpt>
      <trkpt lat="48.756887773051858" lon="11.474791662767529">
        <ele>411.41000000000003</ele>
      </trkpt>
      <trkpt lat="48.756968155503273" lon="11.474871039390564">
        <ele>412.64999999999998</ele>
      </trkpt>
      <trkpt lat="48.757049040868878" lon="11.474949158728123">
        <ele>412.48000000000002</ele>
      </trkpt>
      <trkpt lat="48.75714048743248" lon="11.474998192861676">
        <ele>415.18000000000001</ele>
      </trkpt>
      <trkpt lat="48.757233107462525" lon="11.474972125142813">
        <ele>417.86000000000001</ele>
      </trkpt>
      <trkpt lat="48.757304605096579" lon="11.474857376888394">
        <ele>417.11000000000001</ele>
      </trkpt>
      <trkpt lat="48.757402841001749" lon="11.474869698286057">
        <ele>408.38999999999999</ele>
      </trkpt>
      <trkpt lat="48.757490683346987" lon="11.474823346361518">
        <ele>405.56</ele>
      </trkpt>
      <trkpt lat="48.75755094923079" lon="11.474702646955848">
        <ele>405.60000000000002</ele>
      </trkpt>
      <trkpt lat="48.757593696936965" lon="11.474577086046338">
        <ele>406.19</ele>
      </trkpt>
      <trkpt lat="48.757616830989718" lon="11.474444316700101">
        <ele>408.63999999999999</ele>
      </trkpt>
      <trkpt lat="48.757611634209752" lon="11.474305847659707">
        <ele>408.57999999999998</ele>
      </trkpt>
      <trkpt lat="48.757632421329618" lon="11.474161930382252">
        <ele>409.87</ele>
      </trkpt>
      <trkpt lat="48.757648263126612" lon="11.47401574999094">
        <ele>409.13</ele>
      </trkpt>
      <trkpt lat="48.757657986134291" lon="11.473868899047375">
        <ele>409.38</ele>
      </trkpt>
      <trkpt lat="48.757687155157328" lon="11.473735626786947">
        <ele>406.17000000000002</ele>
      </trkpt>
      <trkpt lat="48.757703248411417" lon="11.473592044785619">
        <ele>406.05000000000001</ele>
      </trkpt>
      <trkpt lat="48.757730489596725" lon="11.473449468612671">
        <ele>406.11000000000001</ele>
      </trkpt>
      <trkpt lat="48.757745493203402" lon="11.473300606012344">
        <ele>406.14999999999998</ele>
      </trkpt>
      <trkpt lat="48.757762424647808" lon="11.473163058981299">
        <ele>405.69</ele>
      </trkpt>
      <trkpt lat="48.757772902026772" lon="11.473016878589988">
        <ele>404.72000000000003</ele>
      </trkpt>
      <trkpt lat="48.757785139605403" lon="11.472880253568292">
        <ele>405.39999999999998</ele>
      </trkpt>
      <trkpt lat="48.757790001109242" lon="11.472740359604359">
        <ele>407.62</ele>
      </trkpt>
      <trkpt lat="48.757795868441463" lon="11.472600717097521">
        <ele>410.08999999999997</ele>
      </trkpt>
      <trkpt lat="48.757802741602063" lon="11.472455291077495">
        <ele>413.99000000000001</ele>
      </trkpt>
      <trkpt lat="48.757826630026102" lon="11.472316738218069">
        <ele>414.51999999999998</ele>
      </trkpt>
      <trkpt lat="48.757862923666835" lon="11.472188830375671">
        <ele>411.38999999999999</ele>
      </trkpt>
      <trkpt lat="48.757885051891208" lon="11.472055306658149">
        <ele>410.43000000000001</ele>
      </trkpt>
      <trkpt lat="48.757878681644797" lon="11.471904935315251">
        <ele>410.83999999999997</ele>
      </trkpt>
      <trkpt lat="48.757911371067166" lon="11.471758503466845">
        <ele>410.82999999999998</ele>
      </trkpt>
      <trkpt lat="48.75792964361608" lon="11.471609557047486">
        <ele>412.39999999999998</ele>
      </trkpt>
      <trkpt lat="48.757943054661155" lon="11.471469160169363">
        <ele>412.01999999999998</ele>
      </trkpt>
      <trkpt lat="48.757953280583024" lon="11.471316274255514">
        <ele>411.64999999999998</ele>
      </trkpt>
      <trkpt lat="48.757970463484526" lon="11.471165483817458">
        <ele>414.94</ele>
      </trkpt>
      <trkpt lat="48.757966440171003" lon="11.471022237092257">
        <ele>417.13</ele>
      </trkpt>
      <trkpt lat="48.757977001368999" lon="11.470877984538674">
        <ele>418.64999999999998</ele>
      </trkpt>
      <trkpt lat="48.757998207584023" lon="11.47073364816606">
        <ele>419.44999999999999</ele>
      </trkpt>
      <trkpt lat="48.758014468476176" lon="11.470595514401793">
        <ele>420.07999999999998</ele>
      </trkpt>
      <trkpt lat="48.758043721318245" lon="11.470450088381767">
        <ele>420.26999999999998</ele>
      </trkpt>
      <trkpt lat="48.758073477074504" lon="11.470318743959069">
        <ele>418.08999999999997</ele>
      </trkpt>
      <trkpt lat="48.758103903383017" lon="11.470178849995136">
        <ele>415.89999999999998</ele>
      </trkpt>
      <trkpt lat="48.758119326084852" lon="11.470040213316679">
        <ele>415.43000000000001</ele>
      </trkpt>
      <trkpt lat="48.75813634134829" lon="11.469818260520697">
        <ele>416.10000000000002</ele>
      </trkpt>
      <trkpt lat="48.758151847869158" lon="11.46966839209199">
        <ele>415.33999999999997</ele>
      </trkpt>
      <trkpt lat="48.758177580311894" lon="11.469529336318374">
        <ele>411.98000000000002</ele>
      </trkpt>
      <trkpt lat="48.75819350592792" lon="11.469390280544758">
        <ele>408.05000000000001</ele>
      </trkpt>
      <trkpt lat="48.758216137066483" lon="11.469241417944431">
        <ele>406.47000000000003</ele>
      </trkpt>
      <trkpt lat="48.758243881165981" lon="11.469101021066308">
        <ele>404.50999999999999</ele>
      </trkpt>
      <trkpt lat="48.758268523961306" lon="11.468958193436265">
        <ele>404.31999999999999</ele>
      </trkpt>
      <trkpt lat="48.758292412385345" lon="11.468816539272666">
        <ele>403.82999999999998</ele>
      </trkpt>
      <trkpt lat="48.758316887542605" lon="11.468683769926429">
        <ele>405.29000000000002</ele>
      </trkpt>
      <trkpt lat="48.758316216990352" lon="11.468547228723764">
        <ele>406.10000000000002</ele>
      </trkpt>
      <trkpt lat="48.758334573358297" lon="11.468402640894055">
        <ele>403.82999999999998</ele>
      </trkpt>
      <trkpt lat="48.758363658562303" lon="11.468263166025281">
        <ele>405.00999999999999</ele>
      </trkpt>
      <trkpt lat="48.75838503241539" lon="11.468124026432633">
        <ele>406.31999999999999</ele>
      </trkpt>
      <trkpt lat="48.758396431803703" lon="11.46798606030643">
        <ele>405</ele>
      </trkpt>
      <trkpt lat="48.758417218923569" lon="11.467848848551512">
        <ele>404.75999999999999</ele>
      </trkpt>
      <trkpt lat="48.758425349369645" lon="11.467701829969883">
        <ele>404.41000000000003</ele>
      </trkpt>
      <trkpt lat="48.758426774293184" lon="11.467548022046685">
        <ele>404.42000000000002</ele>
      </trkpt>
      <trkpt lat="48.758435742929578" lon="11.467404775321484">
        <ele>404.88999999999999</ele>
      </trkpt>
      <trkpt lat="48.758467342704535" lon="11.467277118936181">
        <ele>406.31999999999999</ele>
      </trkpt>
      <trkpt lat="48.758475389331579" lon="11.467130687087774">
        <ele>407.38</ele>
      </trkpt>
      <trkpt lat="48.758467929437757" lon="11.466989535838366">
        <ele>410.19</ele>
      </trkpt>
      <trkpt lat="48.758500618860126" lon="11.466852575540543">
        <ele>412.24000000000001</ele>
      </trkpt>
      <trkpt lat="48.758526016026735" lon="11.466701114550233">
        <ele>412.47000000000003</ele>
      </trkpt>
      <trkpt lat="48.758556861430407" lon="11.466572117060423">
        <ele>411.58999999999997</ele>
      </trkpt>
      <trkpt lat="48.758585695177317" lon="11.46644052118063">
        <ele>409.54000000000002</ele>
      </trkpt>
      <trkpt lat="48.75858343206346" lon="11.466292580589652">
        <ele>408.66000000000003</ele>
      </trkpt>
      <trkpt lat="48.758599860593677" lon="11.466147406026721">
        <ele>408.07999999999998</ele>
      </trkpt>
      <trkpt lat="48.75862592831254" lon="11.466006338596344">
        <ele>407.80000000000001</ele>
      </trkpt>
      <trkpt lat="48.758643362671137" lon="11.465867115184665">
        <ele>409.25999999999999</ele>
      </trkpt>
      <trkpt lat="48.758652834221721" lon="11.465721018612385">
        <ele>410.17000000000002</ele>
      </trkpt>
      <trkpt lat="48.758667418733239" lon="11.465575089678168">
        <ele>410.89999999999998</ele>
      </trkpt>
      <trkpt lat="48.758678650483489" lon="11.465435363352299">
        <ele>412.56</ele>
      </trkpt>
      <trkpt lat="48.758713016286492" lon="11.465296726673841">
        <ele>412.82999999999998</ele>
      </trkpt>
      <trkpt lat="48.758750986307859" lon="11.465158341452479">
        <ele>411.37</ele>
      </trkpt>
      <trkpt lat="48.758773617446423" lon="11.465018447488546">
        <ele>411.72000000000003</ele>
      </trkpt>
      <trkpt lat="48.758802032098174" lon="11.464888025075197">
        <ele>412.54000000000002</ele>
      </trkpt>
      <trkpt lat="48.758830698207021" lon="11.464759111404419">
        <ele>411.51999999999998</ele>
      </trkpt>
      <trkpt lat="48.758847964927554" lon="11.464611925184727">
        <ele>410.60000000000002</ele>
      </trkpt>
      <trkpt lat="48.758880738168955" lon="11.464480413123965">
        <ele>410.48000000000002</ele>
      </trkpt>
      <trkpt lat="48.758903201669455" lon="11.464329203590751">
        <ele>410.01999999999998</ele>
      </trkpt>
      <trkpt lat="48.758912840858102" lon="11.464184196665883">
        <ele>408.83999999999997</ele>
      </trkpt>
      <trkpt lat="48.758942093700171" lon="11.464046984910965">
        <ele>409.44999999999999</ele>
      </trkpt>
      <trkpt lat="48.758970089256763" lon="11.463899882510304">
        <ele>411.47000000000003</ele>
      </trkpt>
      <trkpt lat="48.759015267714858" lon="11.463773902505636">
        <ele>411.30000000000001</ele>
      </trkpt>
      <trkpt lat="48.759045023471117" lon="11.463639875873923">
        <ele>411.25999999999999</ele>
      </trkpt>
      <trkpt lat="48.75907301902771" lon="11.463500987738371">
        <ele>409</ele>
      </trkpt>
      <trkpt lat="48.759099002927542" lon="11.463351873680949">
        <ele>409.55000000000001</ele>
      </trkpt>
      <trkpt lat="48.759126411750913" lon="11.463197143748403">
        <ele>413.69</ele>
      </trkpt>
      <trkpt lat="48.759153988212347" lon="11.463060602545738">
        <ele>412.02999999999997</ele>
      </trkpt>
      <trkpt lat="48.759203357622027" lon="11.462940573692322">
        <ele>409.51999999999998</ele>
      </trkpt>
      <trkpt lat="48.759240573272109" lon="11.462805457413197">
        <ele>408.42000000000002</ele>
      </trkpt>
      <trkpt lat="48.759265299886465" lon="11.462669586762786">
        <ele>408.88999999999999</ele>
      </trkpt>
      <trkpt lat="48.759299665689468" lon="11.462532626464963">
        <ele>410.19</ele>
      </trkpt>
      <trkpt lat="48.759334785863757" lon="11.462404299527407">
        <ele>410.76999999999998</ele>
      </trkpt>
      <trkpt lat="48.759348867461085" lon="11.462266417220235">
        <ele>411.58999999999997</ele>
      </trkpt>
      <trkpt lat="48.75937351025641" lon="11.462132390588522">
        <ele>413.86000000000001</ele>
      </trkpt>
      <trkpt lat="48.759386083111167" lon="11.461996771395206">
        <ele>413.45999999999998</ele>
      </trkpt>
      <trkpt lat="48.759414246305823" lon="11.461860733106732">
        <ele>412.20999999999998</ele>
      </trkpt>
      <trkpt lat="48.759441068395972" lon="11.46172528155148">
        <ele>412.01999999999998</ele>
      </trkpt>
      <trkpt lat="48.759490940719843" lon="11.46159578114748">
        <ele>412.18000000000001</ele>
      </trkpt>
      <trkpt lat="48.759539052844048" lon="11.461473992094398">
        <ele>412.35000000000002</ele>
      </trkpt>
      <trkpt lat="48.759576017037034" lon="11.461342060938478">
        <ele>415.48000000000002</ele>
      </trkpt>
      <trkpt lat="48.759610382840037" lon="11.461208537220955">
        <ele>416.11000000000001</ele>
      </trkpt>
      <trkpt lat="48.759674252942204" lon="11.461095381528139">
        <ele>416.39999999999998</ele>
      </trkpt>
      <trkpt lat="48.759732339531183" lon="11.460970155894756">
        <ele>416.38</ele>
      </trkpt>
      <trkpt lat="48.759771231561899" lon="11.46084669046104">
        <ele>416.26999999999998</ele>
      </trkpt>
      <trkpt lat="48.759831078350544" lon="11.460743760690093">
        <ele>414.86000000000001</ele>
      </trkpt>
      <trkpt lat="48.759874328970909" lon="11.460620043799281">
        <ele>415.48000000000002</ele>
      </trkpt>
      <trkpt lat="48.759937947615981" lon="11.460507642477751">
        <ele>414.07999999999998</ele>
      </trkpt>
      <trkpt lat="48.760008607059717" lon="11.460408736020327">
        <ele>414.94999999999999</ele>
      </trkpt>
      <trkpt lat="48.760091587901115" lon="11.460324749350548">
        <ele>414.81</ele>
      </trkpt>
      <trkpt lat="48.760174987837672" lon="11.460266746580601">
        <ele>414.06999999999999</ele>
      </trkpt>
      <trkpt lat="48.760256376117468" lon="11.460183346644044">
        <ele>413.31</ele>
      </trkpt>
      <trkpt lat="48.760328628122807" lon="11.460083685815334">
        <ele>411.97000000000003</ele>
      </trkpt>
      <trkpt lat="48.760394174605608" lon="11.459978744387627">
        <ele>413.47000000000003</ele>
      </trkpt>
      <trkpt lat="48.760476903989911" lon="11.459893835708499">
        <ele>415.94</ele>
      </trkpt>
      <trkpt lat="48.760553011670709" lon="11.459807250648737">
        <ele>415.69999999999999</ele>
      </trkpt>
      <trkpt lat="48.76062978990376" lon="11.459735250100493">
        <ele>415</ele>
      </trkpt>
      <trkpt lat="48.760704388841987" lon="11.459627123549581">
        <ele>415.56</ele>
      </trkpt>
      <trkpt lat="48.760792231187224" lon="11.459568198770285">
        <ele>415.26999999999998</ele>
      </trkpt>
      <trkpt lat="48.760855766013265" lon="11.45946484990418">
        <ele>414.64999999999998</ele>
      </trkpt>
      <trkpt lat="48.760914858430624" lon="11.459359657019377">
        <ele>414.54000000000002</ele>
      </trkpt>
      <trkpt lat="48.760980488732457" lon="11.459247758612037">
        <ele>414.11000000000001</ele>
      </trkpt>
      <trkpt lat="48.761035809293389" lon="11.45913309417665">
        <ele>413.88999999999999</ele>
      </trkpt>
      <trkpt lat="48.761080736294389" lon="11.459010383114219">
        <ele>412.42000000000002</ele>
      </trkpt>
      <trkpt lat="48.761143600568175" lon="11.458884654566646">
        <ele>411.72000000000003</ele>
      </trkpt>
      <trkpt lat="48.761272933334112" lon="11.458339998498559">
        <ele>368.68359375</ele>
      </trkpt>
      <trkpt lat="48.761214260011911" lon="11.45832784473896">
        <ele>368.66796875</ele>
      </trkpt>
      <trkpt lat="48.761229515075684" lon="11.458160877227783">
        <ele>368.8515625</ele>
      </trkpt>
      <trkpt lat="48.761229515075684" lon="11.458075046539307">
        <ele>368.94140625</ele>
      </trkpt>
      <trkpt lat="48.761165142059326" lon="11.457924842834473">
        <ele>369.00390625</ele>
      </trkpt>
      <trkpt lat="48.761422634124756" lon="11.456294059753418">
        <ele>368.359375</ele>
      </trkpt>
      <trkpt lat="48.761508464813232" lon="11.456036567687988">
        <ele>368.3203125</ele>
      </trkpt>
      <trkpt lat="48.761680126190186" lon="11.455607414245605">
        <ele>367.87890625</ele>
      </trkpt>
      <trkpt lat="48.761851787567139" lon="11.455156803131104">
        <ele>367.109375</ele>
      </trkpt>
      <trkpt lat="48.761980533599854" lon="11.454877853393555">
        <ele>366.43359375</ele>
      </trkpt>
      <trkpt lat="48.762087821960449" lon="11.454620361328125">
        <ele>365.8984375</ele>
      </trkpt>
      <trkpt lat="48.762109279632568" lon="11.454470157623291">
        <ele>365.98046875</ele>
      </trkpt>
      <trkpt lat="48.762280941009521" lon="11.45399808883667">
        <ele>365.79296875</ele>
      </trkpt>
      <trkpt lat="48.762302398681641" lon="11.453890800476074">
        <ele>365.74609375</ele>
      </trkpt>
      <trkpt lat="48.762431144714355" lon="11.453762054443359">
        <ele>365.48046875</ele>
      </trkpt>
      <trkpt lat="48.76255989074707" lon="11.453332901000977">
        <ele>366.1875</ele>
      </trkpt>
      <trkpt lat="48.7628173828125" lon="11.452345848083496">
        <ele>366.9921875</ele>
      </trkpt>
      <trkpt lat="48.762838840484619" lon="11.452195644378662">
        <ele>367</ele>
      </trkpt>
      <trkpt lat="48.762946128845215" lon="11.451680660247803">
        <ele>367</ele>
      </trkpt>
      <trkpt lat="48.762989044189453" lon="11.451530456542969">
        <ele>367</ele>
      </trkpt>
      <trkpt lat="48.763117790222168" lon="11.450350284576416">
        <ele>366.60546875</ele>
      </trkpt>
      <trkpt lat="48.763139247894287" lon="11.449878215789795">
        <ele>366.578125</ele>
      </trkpt>
      <trkpt lat="48.763117790222168" lon="11.448311805725098">
        <ele>367.26171875</ele>
      </trkpt>
      <trkpt lat="48.763053417205811" lon="11.445865631103516">
        <ele>367.27734375</ele>
      </trkpt>
      <trkpt lat="48.763053417205811" lon="11.445693969726563">
        <ele>367.13671875</ele>
      </trkpt>
      <trkpt lat="48.76307487487793" lon="11.445071697235107">
        <ele>366.453125</ele>
      </trkpt>
      <trkpt lat="48.763225078582764" lon="11.44324779510498">
        <ele>366.703125</ele>
      </trkpt>
      <trkpt lat="48.76331090927124" lon="11.442453861236572">
        <ele>367.26171875</ele>
      </trkpt>
      <trkpt lat="48.763461112976074" lon="11.441853046417236">
        <ele>367.765625</ele>
      </trkpt>
      <trkpt lat="48.763718605041504" lon="11.440865993499756">
        <ele>369.24609375</ele>
      </trkpt>
      <trkpt lat="48.76380443572998" lon="11.440200805664063">
        <ele>368.94921875</ele>
      </trkpt>
      <trkpt lat="48.76380443572998" lon="11.439449787139893">
        <ele>367.87890625</ele>
      </trkpt>
      <trkpt lat="48.763782978057861" lon="11.439363956451416">
        <ele>367.77734375</ele>
      </trkpt>
      <trkpt lat="48.76380443572998" lon="11.43876314163208">
        <ele>366.75390625</ele>
      </trkpt>
      <trkpt lat="48.76380443572998" lon="11.438205242156982">
        <ele>366.609375</ele>
      </trkpt>
      <trkpt lat="48.76380443572998" lon="11.437797546386719">
        <ele>367.21875</ele>
      </trkpt>
      <trkpt lat="48.76380443572998" lon="11.437067985534668">
        <ele>368.81640625</ele>
      </trkpt>
      <trkpt lat="48.763761520385742" lon="11.436853408813477">
        <ele>368.88671875</ele>
      </trkpt>
      <trkpt lat="48.763718605041504" lon="11.436660289764404">
        <ele>368.92578125</ele>
      </trkpt>
      <trkpt lat="48.763589859008789" lon="11.435823440551758">
        <ele>367.8515625</ele>
      </trkpt>
      <trkpt lat="48.763504028320313" lon="11.435244083404541">
        <ele>367.12109375</ele>
      </trkpt>
      <trkpt lat="48.763396739959717" lon="11.43477201461792">
        <ele>366.67578125</ele>
      </trkpt>
      <trkpt lat="48.763225078582764" lon="11.434149742126465">
        <ele>366.984375</ele>
      </trkpt>
      <trkpt lat="48.76307487487793" lon="11.433677673339844">
        <ele>366.7734375</ele>
      </trkpt>
      <trkpt lat="48.762753009796143" lon="11.432733535766602">
        <ele>365.69921875</ele>
      </trkpt>
      <trkpt lat="48.762688636779785" lon="11.432604789733887">
        <ele>365.66796875</ele>
      </trkpt>
      <trkpt lat="48.762667179107666" lon="11.432540416717529">
        <ele>365.640625</ele>
      </trkpt>
      <trkpt lat="48.762602806091309" lon="11.432390213012695">
        <ele>365.625</ele>
      </trkpt>
      <trkpt lat="48.76255989074707" lon="11.432304382324219">
        <ele>365.640625</ele>
      </trkpt>
      <trkpt lat="48.762495517730713" lon="11.432240009307861">
        <ele>365.734375</ele>
      </trkpt>
      <trkpt lat="48.762366771697998" lon="11.43226146697998">
        <ele>366.05078125</ele>
      </trkpt>
      <trkpt lat="48.762366771697998" lon="11.432411670684814">
        <ele>366.140625</ele>
      </trkpt>
      <trkpt lat="48.762366771697998" lon="11.432540416717529">
        <ele>366.21484375</ele>
      </trkpt>
      <trkpt lat="48.762366771697998" lon="11.432669162750244">
        <ele>366.29296875</ele>
      </trkpt>
      <trkpt lat="48.762366771697998" lon="11.43277645111084">
        <ele>366.35546875</ele>
      </trkpt>
      <trkpt lat="48.762366771697998" lon="11.432883739471436">
        <ele>366.41796875</ele>
      </trkpt>
      <trkpt lat="48.762474060058594" lon="11.432797908782959">
        <ele>366.203125</ele>
      </trkpt>
      <trkpt lat="48.762581348419189" lon="11.432690620422363">
        <ele>365.94140625</ele>
      </trkpt>
      <trkpt lat="48.763439655303955" lon="11.431703567504883">
        <ele>365.93359375</ele>
      </trkpt>
      <trkpt lat="48.763439655303955" lon="11.431703567504883">
        <ele>365.93359375</ele>
      </trkpt>
      <trkpt lat="48.763401433825493" lon="11.43166484311223">
        <ele>411.14999999999998</ele>
      </trkpt>
      <trkpt lat="48.763341503217816" lon="11.431542299687862">
        <ele>411.38</ele>
      </trkpt>
      <trkpt lat="48.763298504054546" lon="11.431404752656817">
        <ele>414.64999999999998</ele>
      </trkpt>
      <trkpt lat="48.763239160180092" lon="11.431301152333617">
        <ele>410.64999999999998</ele>
      </trkpt>
      <trkpt lat="48.763226084411144" lon="11.431160252541304">
        <ele>409.69</ele>
      </trkpt>
      <trkpt lat="48.763141259551048" lon="11.431079618632793">
        <ele>408.00999999999999</ele>
      </trkpt>
      <trkpt lat="48.763124160468578" lon="11.430934695526958">
        <ele>406.83999999999997</ele>
      </trkpt>
      <trkpt lat="48.763129860162735" lon="11.430990686640143"/>
      <trkpt lat="48.763158610090613" lon="11.430998314172029">
        <ele>409.50999999999999</ele>
      </trkpt>
      <trkpt lat="48.763154419139028" lon="11.430946597829461">
        <ele>410.73000000000002</ele>
      </trkpt>
      <trkpt lat="48.76306758262217" lon="11.430899491533637">
        <ele>410.50999999999999</ele>
      </trkpt>
      <trkpt lat="48.763034474104643" lon="11.430771667510271">
        <ele>411.54000000000002</ele>
      </trkpt>
      <trkpt lat="48.763010501861572" lon="11.430620206519961">
        <ele>411.47000000000003</ele>
      </trkpt>
      <trkpt lat="48.76295811496675" lon="11.430495148524642">
        <ele>410.17000000000002</ele>
      </trkpt>
      <trkpt lat="48.762894412502646" lon="11.43039339222014">
        <ele>411.17000000000002</ele>
      </trkpt>
      <trkpt lat="48.762824675068259" lon="11.430291887372732">
        <ele>409.94</ele>
      </trkpt>
      <trkpt lat="48.762757955119014" lon="11.430175881832838">
        <ele>408.64999999999998</ele>
      </trkpt>
      <trkpt lat="48.762692408636212" lon="11.430066665634513">
        <ele>408.29000000000002</ele>
      </trkpt>
      <trkpt lat="48.76266298815608" lon="11.429934147745371">
        <ele>405.56999999999999</ele>
      </trkpt>
      <trkpt lat="48.762609008699656" lon="11.429818561300635">
        <ele>406.75999999999999</ele>
      </trkpt>
      <trkpt lat="48.762521417811513" lon="11.429745806381106">
        <ele>408.64999999999998</ele>
      </trkpt>
      <trkpt lat="48.762450506910682" lon="11.429644050076604">
        <ele>411.25</ele>
      </trkpt>
      <trkpt lat="48.762384708970785" lon="11.42954908311367">
        <ele>410.76999999999998</ele>
      </trkpt>
      <trkpt lat="48.76262485049665" lon="11.429157396778464">
        <ele>411.88</ele>
      </trkpt>
      <trkpt lat="48.762624766677618" lon="11.429003421217203">
        <ele>400.02999999999997</ele>
      </trkpt>
      <trkpt lat="48.762572295963764" lon="11.42887425608933">
        <ele>408.45999999999998</ele>
      </trkpt>
      <trkpt lat="48.762582521885633" lon="11.428726818412542">
        <ele>410.13999999999999</ele>
      </trkpt>
      <trkpt lat="48.762554777786136" lon="11.428592288866639">
        <ele>412.20999999999998</ele>
      </trkpt>
      <trkpt lat="48.762575481086969" lon="11.428445857018232">
        <ele>410.91000000000003</ele>
      </trkpt>
      <trkpt lat="48.762590819969773" lon="11.428300179541111">
        <ele>411.66000000000003</ele>
      </trkpt>
      <trkpt lat="48.762650331482291" lon="11.428186353296041">
        <ele>409.69999999999999</ele>
      </trkpt>
      <trkpt lat="48.762692660093307" lon="11.42805827781558">
        <ele>413.76999999999998</ele>
      </trkpt>
      <trkpt lat="48.762786956503987" lon="11.428052829578519">
        <ele>414.73000000000002</ele>
      </trkpt>
      <trkpt lat="48.762890053912997" lon="11.428053583949804">
        <ele>410.88999999999999</ele>
      </trkpt>
      <trkpt lat="48.76298694871366" lon="11.428091302514076">
        <ele>405.97000000000003</ele>
      </trkpt>
      <trkpt lat="48.76307881437242" lon="11.428141761571169">
        <ele>405.55000000000001</ele>
      </trkpt>
      <trkpt lat="48.763173026964068" lon="11.428124159574509">
        <ele>403.30000000000001</ele>
      </trkpt>
      <trkpt lat="48.763267155736685" lon="11.428084261715412">
        <ele>401.80000000000001</ele>
      </trkpt>
      <trkpt lat="48.76335927285254" lon="11.428112089633942">
        <ele>402.43000000000001</ele>
      </trkpt>
      <trkpt lat="48.763433704152703" lon="11.428199177607894">
        <ele>406.11000000000001</ele>
      </trkpt>
      <trkpt lat="48.763512913137674" lon="11.428277045488358">
        <ele>409.35000000000002</ele>
      </trkpt>
      <trkpt lat="48.763584159314632" lon="11.428376035764813">
        <ele>409.98000000000002</ele>
      </trkpt>
      <trkpt lat="48.763679880648851" lon="11.42837930470705">
        <ele>410.17000000000002</ele>
      </trkpt>
      <trkpt lat="48.763741487637162" lon="11.428496902808547">
        <ele>411.18000000000001</ele>
      </trkpt>
      <trkpt lat="48.763810135424137" lon="11.428590612486005">
        <ele>412.67000000000002</ele>
      </trkpt>
      <trkpt lat="48.763869814574718" lon="11.428672252222896"/>
      <trkpt lat="48.763879286125302" lon="11.428699493408203">
        <ele>419.73000000000002</ele>
      </trkpt>
      <trkpt lat="48.76391239464283" lon="11.428833268582821">
        <ele>421.33999999999997</ele>
      </trkpt>
      <trkpt lat="48.763949610292912" lon="11.428971569985151">
        <ele>419.94999999999999</ele>
      </trkpt>
      <trkpt lat="48.763968637213111" lon="11.429124372079968">
        <ele>421.19</ele>
      </trkpt>
      <trkpt lat="48.764033345505595" lon="11.429236773401499">
        <ele>421.5</ele>
      </trkpt>
      <trkpt lat="48.764212466776371" lon="11.429125042632222">
        <ele>422.88999999999999</ele>
      </trkpt>
      <trkpt lat="48.764271140098572" lon="11.429249178618193">
        <ele>423.70999999999998</ele>
      </trkpt>
      <trkpt lat="48.764328639954329" lon="11.429363591596484">
        <ele>423.52999999999997</ele>
      </trkpt>
      <trkpt lat="48.764331573620439" lon="11.429514465853572">
        <ele>424.43000000000001</ele>
      </trkpt>
      <trkpt lat="48.764426037669182" lon="11.429590741172433">
        <ele>424.81999999999999</ele>
      </trkpt>
      <trkpt lat="48.764493176713586" lon="11.429694509133697">
        <ele>425.95999999999998</ele>
      </trkpt>
      <trkpt lat="48.764556376263499" lon="11.429804647341371">
        <ele>426.31</ele>
      </trkpt>
      <trkpt lat="48.764648577198386" lon="11.429808419197798">
        <ele>425.56</ele>
      </trkpt>
      <trkpt lat="48.764745471999049" lon="11.429835157468915">
        <ele>426.45999999999998</ele>
      </trkpt>
      <trkpt lat="48.764759553596377" lon="11.429970525205135">
        <ele>424.44</ele>
      </trkpt>
      <trkpt lat="48.764800038188696" lon="11.430103294551373">
        <ele>424.81</ele>
      </trkpt>
      <trkpt lat="48.764863908290863" lon="11.430219803005457">
        <ele>423.38</ele>
      </trkpt>
      <trkpt lat="48.764901626855135" lon="11.430355003103614">
        <ele>422.83999999999997</ele>
      </trkpt>
      <trkpt lat="48.764978908002377" lon="11.430427338927984">
        <ele>421.25</ele>
      </trkpt>
      <trkpt lat="48.765041185542941" lon="11.430536052212119">
        <ele>421.51999999999998</ele>
      </trkpt>
      <trkpt lat="48.765050824731588" lon="11.430682651698589">
        <ele>423.07999999999998</ele>
      </trkpt>
      <trkpt lat="48.765120059251785" lon="11.430789604783058">
        <ele>422.27999999999997</ele>
      </trkpt>
      <trkpt lat="48.765343269333243" lon="11.43111364915967">
        <ele>421.38999999999999</ele>
      </trkpt>
      <trkpt lat="48.765410659834743" lon="11.430978365242481">
        <ele>445.42000000000002</ele>
      </trkpt>
      <trkpt lat="48.765518702566624" lon="11.430911310017109">
        <ele>437.5</ele>
      </trkpt>
      <trkpt lat="48.765668151900172" lon="11.43087618984282">
        <ele>431.31</ele>
      </trkpt>
      <trkpt lat="48.765764040872455" lon="11.430788012221456">
        <ele>431.07999999999998</ele>
      </trkpt>
      <trkpt lat="48.765789940953255" lon="11.430643424391747">
        <ele>427.10000000000002</ele>
      </trkpt>
      <trkpt lat="48.765897061675787" lon="11.430591121315956">
        <ele>424.61000000000001</ele>
      </trkpt>
      <trkpt lat="48.765987921506166" lon="11.430602604523301">
        <ele>424.48000000000002</ele>
      </trkpt>
      <trkpt lat="48.766088839620352" lon="11.430603442713618">
        <ele>424.04000000000002</ele>
      </trkpt>
      <trkpt lat="48.766203336417675" lon="11.430541668087244">
        <ele>424.10000000000002</ele>
      </trkpt>
      <trkpt lat="48.766275504603982" lon="11.4304368942976">
        <ele>418.91000000000003</ele>
      </trkpt>
      <trkpt lat="48.766431994736195" lon="11.430317452177405">
        <ele>421.86000000000001</ele>
      </trkpt>
      <trkpt lat="48.76649578101933" lon="11.430218294262886">
        <ele>420.87</ele>
      </trkpt>
      <trkpt lat="48.766568787395954" lon="11.430116621777415">
        <ele>421.06999999999999</ele>
      </trkpt>
      <trkpt lat="48.766579180955887" lon="11.430045291781425">
        <ele>424.02999999999997</ele>
      </trkpt>
      <trkpt lat="48.766685128211975" lon="11.429997766390443">
        <ele>422.67000000000002</ele>
      </trkpt>
      <trkpt lat="48.766813036054373" lon="11.429968513548374">
        <ele>421.58999999999997</ele>
      </trkpt>
      <trkpt lat="48.766930885612965" lon="11.429977649822831">
        <ele>420.07999999999998</ele>
      </trkpt>
      <trkpt lat="48.767022248357534" lon="11.430009165778756">
        <ele>420.16000000000003</ele>
      </trkpt>
      <trkpt lat="48.767106905579567" lon="11.430094074457884">
        <ele>422.97000000000003</ele>
      </trkpt>
      <trkpt lat="48.767153760418296" lon="11.430213265120983">
        <ele>424.98000000000002</ele>
      </trkpt>
      <trkpt lat="48.767146216705441" lon="11.43028006888926">
        <ele>425.94</ele>
      </trkpt>
      <trkpt lat="48.767107659950852" lon="11.430387021973729">
        <ele>423.16000000000003</ele>
      </trkpt>
      <trkpt lat="48.767077820375562" lon="11.430521635338664">
        <ele>421.54000000000002</ele>
      </trkpt>
      <trkpt lat="48.766989223659039" lon="11.430564969778061">
        <ele>420.86000000000001</ele>
      </trkpt>
      <trkpt lat="48.766984278336167" lon="11.430704779922962">
        <ele>421.72000000000003</ele>
      </trkpt>
      <trkpt lat="48.767025098204613" lon="11.430839477106929">
        <ele>420.82999999999998</ele>
      </trkpt>
      <trkpt lat="48.767041862010956" lon="11.430982556194067">
        <ele>421.25</ele>
      </trkpt>
      <trkpt lat="48.767056530341506" lon="11.431126222014427">
        <ele>421.14999999999998</ele>
      </trkpt>
      <trkpt lat="48.767152670770884" lon="11.431135358288884">
        <ele>418.61000000000001</ele>
      </trkpt>
      <trkpt lat="48.767260378226638" lon="11.431078361347318">
        <ele>415.68000000000001</ele>
      </trkpt>
      <trkpt lat="48.767350986599922" lon="11.431062100455165">
        <ele>416.20999999999998</ele>
      </trkpt>
      <trkpt lat="48.767450731247663" lon="11.431036284193397">
        <ele>416.20999999999998</ele>
      </trkpt>
      <trkpt lat="48.76752725802362" lon="11.430957075208426">
        <ele>416.74000000000001</ele>
      </trkpt>
      <trkpt lat="48.767612082883716" lon="11.430897731333971">
        <ele>416.39999999999998</ele>
      </trkpt>
      <trkpt lat="48.767683580517769" lon="11.430806955322623">
        <ele>416.25999999999999</ele>
      </trkpt>
      <trkpt lat="48.767762957140803" lon="11.430741660296917">
        <ele>415.44999999999999</ele>
      </trkpt>
      <trkpt lat="48.767838729545474" lon="11.430658176541328">
        <ele>415.06999999999999</ele>
      </trkpt>
      <trkpt lat="48.767936797812581" lon="11.430587014183402">
        <ele>414.33999999999997</ele>
      </trkpt>
      <trkpt lat="48.768024053424597" lon="11.430630180984735">
        <ele>421.23000000000002</ele>
      </trkpt>
      <trkpt lat="48.768090102821589" lon="11.430753478780389">
        <ele>423.67000000000002</ele>
      </trkpt>
      <trkpt lat="48.768152380362153" lon="11.430884404107928">
        <ele>422.75</ele>
      </trkpt>
      <trkpt lat="48.768228907138109" lon="11.430986663326621">
        <ele>422.48000000000002</ele>
      </trkpt>
      <trkpt lat="48.768312809988856" lon="11.431055646389723">
        <ele>423.62</ele>
      </trkpt>
      <trkpt lat="48.768383050337434" lon="11.431141393259168">
        <ele>425.04000000000002</ele>
      </trkpt>
      <trkpt lat="48.768441723659635" lon="11.431255219504237">
        <ele>426.50999999999999</ele>
      </trkpt>
      <trkpt lat="48.768470222130418" lon="11.431386647745967">
        <ele>425.30000000000001</ele>
      </trkpt>
      <trkpt lat="48.76858321018517" lon="11.431723516434431">
        <ele>427.57999999999998</ele>
      </trkpt>
      <trkpt lat="48.768626293167472" lon="11.431848490610719">
        <ele>427.35000000000002</ele>
      </trkpt>
      <trkpt lat="48.768697455525398" lon="11.431975560262799">
        <ele>426.24000000000001</ele>
      </trkpt>
      <trkpt lat="48.768774485215545" lon="11.432080417871475">
        <ele>424.16000000000003</ele>
      </trkpt>
      <trkpt lat="48.768839444965124" lon="11.432199692353606">
        <ele>424.24000000000001</ele>
      </trkpt>
      <trkpt lat="48.768923934549093" lon="11.432292815297842">
        <ele>424.54000000000002</ele>
      </trkpt>
      <trkpt lat="48.769000545144081" lon="11.432386608794332">
        <ele>423.87</ele>
      </trkpt>
      <trkpt lat="48.76904203556478" lon="11.432521557435393">
        <ele>424.70999999999998</ele>
      </trkpt>
      <trkpt lat="48.769126106053591" lon="11.432450478896499">
        <ele>422.12</ele>
      </trkpt>
      <trkpt lat="48.769187964498997" lon="11.432342184707522">
        <ele>419.30000000000001</ele>
      </trkpt>
      <trkpt lat="48.769221156835556" lon="11.432194830849767">
        <ele>416.33999999999997</ele>
      </trkpt>
      <trkpt lat="48.76926289871335" lon="11.432061307132244">
        <ele>415.19</ele>
      </trkpt>
      <trkpt lat="48.769336240366101" lon="11.431957958266139">
        <ele>415.72000000000003</ele>
      </trkpt>
      <trkpt lat="48.769390638917685" lon="11.431848155334592">
        <ele>415.36000000000001</ele>
      </trkpt>
      <trkpt lat="48.769482672214508" lon="11.431796019896865">
        <ele>414.01999999999998</ele>
      </trkpt>
      <trkpt lat="48.769576298072934" lon="11.431752098724246">
        <ele>413.73000000000002</ele>
      </trkpt>
      <trkpt lat="48.769675455987453" lon="11.431778417900205">
        <ele>413.72000000000003</ele>
      </trkpt>
      <trkpt lat="48.769774865359068" lon="11.431804234161973">
        <ele>413.92000000000002</ele>
      </trkpt>
      <trkpt lat="48.769863294437528" lon="11.431895093992352">
        <ele>414.22000000000003</ele>
      </trkpt>
      <trkpt lat="48.769952561706305" lon="11.431942954659462">
        <ele>414.91000000000003</ele>
      </trkpt>
      <trkpt lat="48.770051803439856" lon="11.431950163096189">
        <ele>414.73000000000002</ele>
      </trkpt>
      <trkpt lat="48.770151883363724" lon="11.431966172531247">
        <ele>415.11000000000001</ele>
      </trkpt>
      <trkpt lat="48.770221956074238" lon="11.431874893605709">
        <ele>415.38999999999999</ele>
      </trkpt>
      <trkpt lat="48.770267888903618" lon="11.431755032390356">
        <ele>414.52999999999997</ele>
      </trkpt>
      <trkpt lat="48.770302506163716" lon="11.431619580835104">
        <ele>414.60000000000002</ele>
      </trkpt>
      <trkpt lat="48.770278701558709" lon="11.431482369080186">
        <ele>416.73000000000002</ele>
      </trkpt>
      <trkpt lat="48.770309630781412" lon="11.431422187015414">
        <ele>372.16796875</ele>
      </trkpt>
      <trkpt lat="48.770395880565047" lon="11.431101076304913">
        <ele>372.90625</ele>
      </trkpt>
    </trkseg>
  </trk>
</gpx>