<?xml version="1.0" encoding="UTF-8"?>
<gpx version="1.1" creator="iVelo GPX Cleaner v5.8 (https://ivelo.de)" xmlns="http://www.topografix.com/GPX/1/1" xmlns:xsi="http://www.w3.org/2001/XMLSchema-instance" xsi:schemaLocation="http://www.topografix.com/GPX/1/1 http://www.topografix.com/GPX/1/1/gpx.xsd">
  <metadata>
    <link href="https://ivelo.de">
      <text>iVelo GPX Cleaner</text>
    </link>
  </metadata>
  <trk>
    <name>WT_2026_21km_C</name>
    <trkseg>
      <trkpt lat="48.770448016002774" lon="11.431058077141643">
        <ele>373.3671875</ele>
      </trkpt>
      <trkpt lat="48.770688744261861" lon="11.431012228131294">
        <ele>375.46875</ele>
      </trkpt>
      <trkpt lat="48.770717494189739" lon="11.430825898423791">
        <ele>375.7890625</ele>
      </trkpt>
      <trkpt lat="48.770794775336981" lon="11.430808631703258">
        <ele>375.95703125</ele>
      </trkpt>
      <trkpt lat="48.770824782550335" lon="11.430818187072873">
        <ele>430.06</ele>
      </trkpt>
      <trkpt lat="48.770828219130635" lon="11.430675946176052">
        <ele>430.55000000000001</ele>
      </trkpt>
      <trkpt lat="48.770893681794405" lon="11.430560275912285">
        <ele>429.06999999999999</ele>
      </trkpt>
      <trkpt lat="48.770955121144652" lon="11.430458603426814">
        <ele>427.32999999999998</ele>
      </trkpt>
      <trkpt lat="48.771058050915599" lon="11.430269088596106">
        <ele>416.88</ele>
      </trkpt>
      <trkpt lat="48.771022679284215" lon="11.43014227040112">
        <ele>422.31</ele>
      </trkpt>
      <trkpt lat="48.771028462797403" lon="11.429986786097288">
        <ele>421.68000000000001</ele>
      </trkpt>
      <trkpt lat="48.771059811115265" lon="11.429856196045876">
        <ele>420.29000000000002</ele>
      </trkpt>
      <trkpt lat="48.771092165261507" lon="11.429723342880607">
        <ele>418.5</ele>
      </trkpt>
      <trkpt lat="48.771115969866514" lon="11.429588226601481">
        <ele>418.48000000000002</ele>
      </trkpt>
      <trkpt lat="48.771114461123943" lon="11.429437855258584">
        <ele>418.45999999999998</ele>
      </trkpt>
      <trkpt lat="48.771134410053492" lon="11.429300224408507">
        <ele>418.92000000000002</ele>
      </trkpt>
      <trkpt lat="48.771141031756997" lon="11.429147338494658">
        <ele>419.44</ele>
      </trkpt>
      <trkpt lat="48.771153185516596" lon="11.42900719307363">
        <ele>420.94999999999999</ele>
      </trkpt>
      <trkpt lat="48.771161651238799" lon="11.428849948570132">
        <ele>423.06999999999999</ele>
      </trkpt>
      <trkpt lat="48.771183360368013" lon="11.428709467872977">
        <ele>425.31</ele>
      </trkpt>
      <trkpt lat="48.771193334832788" lon="11.428561192005873">
        <ele>425.80000000000001</ele>
      </trkpt>
      <trkpt lat="48.771209511905909" lon="11.428426997736096">
        <ele>428.60000000000002</ele>
      </trkpt>
      <trkpt lat="48.771197609603405" lon="11.42828986980021">
        <ele>431.12</ele>
      </trkpt>
      <trkpt lat="48.771149916574359" lon="11.428170595318079">
        <ele>428.52999999999997</ele>
      </trkpt>
      <trkpt lat="48.771142791956663" lon="11.428016871213913">
        <ele>427.70999999999998</ele>
      </trkpt>
      <trkpt lat="48.771189311519265" lon="11.427899273112416">
        <ele>425.80000000000001</ele>
      </trkpt>
      <trkpt lat="48.771253181621432" lon="11.427789805456996">
        <ele>421.36000000000001</ele>
      </trkpt>
      <trkpt lat="48.771319063380361" lon="11.427683942019939">
        <ele>417.81999999999999</ele>
      </trkpt>
      <trkpt lat="48.771342616528273" lon="11.427540108561516">
        <ele>417.35000000000002</ele>
      </trkpt>
      <trkpt lat="48.771360050886869" lon="11.427386552095413">
        <ele>419.54000000000002</ele>
      </trkpt>
      <trkpt lat="48.771408749744296" lon="11.427267361432314">
        <ele>421.05000000000001</ele>
      </trkpt>
      <trkpt lat="48.771453257650137" lon="11.42713082022965">
        <ele>421.75999999999999</ele>
      </trkpt>
      <trkpt lat="48.771509919315577" lon="11.427013808861375">
        <ele>421.89999999999998</ele>
      </trkpt>
      <trkpt lat="48.771525090560317" lon="11.426863269880414">
        <ele>421.74000000000001</ele>
      </trkpt>
      <trkpt lat="48.771483600139618" lon="11.426715916022658">
        <ele>423.24000000000001</ele>
      </trkpt>
      <trkpt lat="48.771483767777681" lon="11.426565712317824">
        <ele>421.51999999999998</ele>
      </trkpt>
      <trkpt lat="48.771494412794709" lon="11.426418358460069">
        <ele>422.97000000000003</ele>
      </trkpt>
      <trkpt lat="48.77142945304513" lon="11.426301850005984">
        <ele>425.86000000000001</ele>
      </trkpt>
      <trkpt lat="48.771430961787701" lon="11.426154244691133">
        <ele>420.82999999999998</ele>
      </trkpt>
      <trkpt lat="48.771436410024762" lon="11.426015943288803">
        <ele>417.61000000000001</ele>
      </trkpt>
      <trkpt lat="48.771520061418414" lon="11.425892561674118">
        <ele>417.26999999999998</ele>
      </trkpt>
      <trkpt lat="48.771592481061816" lon="11.425789212808013">
        <ele>419.73000000000002</ele>
      </trkpt>
      <trkpt lat="48.771643778309226" lon="11.425673626363277">
        <ele>420.86000000000001</ele>
      </trkpt>
      <trkpt lat="48.771696081385016" lon="11.425559800118208">
        <ele>420.16000000000003</ele>
      </trkpt>
      <trkpt lat="48.771787779405713" lon="11.425487129017711">
        <ele>421.89999999999998</ele>
      </trkpt>
      <trkpt lat="48.771881572902203" lon="11.425492828711867">
        <ele>425.30000000000001</ele>
      </trkpt>
      <trkpt lat="48.771986849606037" lon="11.425494840368629">
        <ele>424.43000000000001</ele>
      </trkpt>
      <trkpt lat="48.772066058591008" lon="11.42557698301971">
        <ele>426.50999999999999</ele>
      </trkpt>
      <trkpt lat="48.772143507376313" lon="11.425661975517869">
        <ele>427.14999999999998</ele>
      </trkpt>
      <trkpt lat="48.772240485996008" lon="11.425667842850089">
        <ele>428.10000000000002</ele>
      </trkpt>
      <trkpt lat="48.772310893982649" lon="11.42557849176228">
        <ele>428.31</ele>
      </trkpt>
      <trkpt lat="48.772333106026053" lon="11.425443878397346">
        <ele>430.76999999999998</ele>
      </trkpt>
      <trkpt lat="48.772290358319879" lon="11.425319910049438">
        <ele>432.85000000000002</ele>
      </trkpt>
      <trkpt lat="48.772277869284153" lon="11.425173059105873">
        <ele>436.27999999999997</ele>
      </trkpt>
      <trkpt lat="48.772250125184655" lon="11.425037104636431">
        <ele>438.31999999999999</ele>
      </trkpt>
      <trkpt lat="48.772231349721551" lon="11.42490022815764">
        <ele>435.06999999999999</ele>
      </trkpt>
      <trkpt lat="48.77216923981905" lon="11.424777684733272">
        <ele>434.83999999999997</ele>
      </trkpt>
      <trkpt lat="48.77212380990386" lon="11.42465103417635">
        <ele>435.43000000000001</ele>
      </trkpt>
      <trkpt lat="48.772118110209703" lon="11.424512146040797">
        <ele>434.18000000000001</ele>
      </trkpt>
      <trkpt lat="48.772148871794343" lon="11.424363031983376">
        <ele>434.57999999999998</ele>
      </trkpt>
      <trkpt lat="48.772197151556611" lon="11.424240907654166">
        <ele>432.54000000000002</ele>
      </trkpt>
      <trkpt lat="48.772260770201683" lon="11.424144683405757">
        <ele>434.61000000000001</ele>
      </trkpt>
      <trkpt lat="48.772316845133901" lon="11.42401585355401">
        <ele>434.38999999999999</ele>
      </trkpt>
      <trkpt lat="48.772410806268454" lon="11.424003783613443">
        <ele>435.75</ele>
      </trkpt>
      <trkpt lat="48.772500911727548" lon="11.423943601548672">
        <ele>431.44999999999999</ele>
      </trkpt>
      <trkpt lat="48.772582467645407" lon="11.423865063115954">
        <ele>430.83999999999997</ele>
      </trkpt>
      <trkpt lat="48.772615659981966" lon="11.423736987635493">
        <ele>430.18000000000001</ele>
      </trkpt>
      <trkpt lat="48.772654635831714" lon="11.423596926033497">
        <ele>429</ele>
      </trkpt>
      <trkpt lat="48.772655809298158" lon="11.423444207757711">
        <ele>429.37</ele>
      </trkpt>
      <trkpt lat="48.772626053541899" lon="11.423301212489605">
        <ele>432.58999999999997</ele>
      </trkpt>
      <trkpt lat="48.772570649161935" lon="11.423165006563067">
        <ele>431.69999999999999</ele>
      </trkpt>
      <trkpt lat="48.772493787109852" lon="11.423084959387779">
        <ele>435.32999999999998</ele>
      </trkpt>
      <trkpt lat="48.772448105737567" lon="11.422965601086617">
        <ele>432.75</ele>
      </trkpt>
      <trkpt lat="48.772397730499506" lon="11.422840794548392">
        <ele>431.05000000000001</ele>
      </trkpt>
      <trkpt lat="48.772324221208692" lon="11.422738870605826">
        <ele>432.69999999999999</ele>
      </trkpt>
      <trkpt lat="48.772256411612034" lon="11.422641556710005">
        <ele>433.20999999999998</ele>
      </trkpt>
      <trkpt lat="48.772171502932906" lon="11.422587661072612">
        <ele>432.35000000000002</ele>
      </trkpt>
      <trkpt lat="48.772132191807032" lon="11.4224414806813">
        <ele>432.32999999999998</ele>
      </trkpt>
      <trkpt lat="48.772121630609035" lon="11.422301586717367">
        <ele>432.69</ele>
      </trkpt>
      <trkpt lat="48.772115260362625" lon="11.42215758562088">
        <ele>431.98000000000002</ele>
      </trkpt>
      <trkpt lat="48.772108471021056" lon="11.422013668343425">
        <ele>432.24000000000001</ele>
      </trkpt>
      <trkpt lat="48.772063544020057" lon="11.421879641711712">
        <ele>432.58999999999997</ele>
      </trkpt>
      <trkpt lat="48.772028004750609" lon="11.421754164621234">
        <ele>431.88</ele>
      </trkpt>
      <trkpt lat="48.772014258429408" lon="11.421609995886683">
        <ele>429.57999999999998</ele>
      </trkpt>
      <trkpt lat="48.772008558735251" lon="11.421459456905723">
        <ele>429.94999999999999</ele>
      </trkpt>
      <trkpt lat="48.771995566785336" lon="11.421281928196549">
        <ele>429.47000000000003</ele>
      </trkpt>
      <trkpt lat="48.77196254208684" lon="11.421133484691381">
        <ele>430.32999999999998</ele>
      </trkpt>
      <trkpt lat="48.771971510723233" lon="11.420985292643309">
        <ele>429.30000000000001</ele>
      </trkpt>
      <trkpt lat="48.772016437724233" lon="11.420849589630961">
        <ele>426.98000000000002</ele>
      </trkpt>
      <trkpt lat="48.772009564563632" lon="11.420710450038314">
        <ele>427.01999999999998</ele>
      </trkpt>
      <trkpt lat="48.771997913718224" lon="11.420561671257019">
        <ele>428.82999999999998</ele>
      </trkpt>
      <trkpt lat="48.771962458267808" lon="11.420419933274388">
        <ele>429.29000000000002</ele>
      </trkpt>
      <trkpt lat="48.771893056109548" lon="11.420318093150854">
        <ele>429.98000000000002</ele>
      </trkpt>
      <trkpt lat="48.771800771355629" lon="11.420253049582243">
        <ele>429.64999999999998</ele>
      </trkpt>
      <trkpt lat="48.771717874333262" lon="11.420187586918473">
        <ele>428.73000000000002</ele>
      </trkpt>
      <trkpt lat="48.771673869341612" lon="11.420061020180583">
        <ele>424.48000000000002</ele>
      </trkpt>
      <trkpt lat="48.771631205454469" lon="11.419917270541191">
        <ele>426.22000000000003</ele>
      </trkpt>
      <trkpt lat="48.771607149392366" lon="11.419779304414988">
        <ele>425.27999999999997</ele>
      </trkpt>
      <trkpt lat="48.771650567650795" lon="11.419656090438366">
        <ele>423.41000000000003</ele>
      </trkpt>
      <trkpt lat="48.771648975089192" lon="11.419512592256069">
        <ele>423.16000000000003</ele>
      </trkpt>
      <trkpt lat="48.771595414727926" lon="11.419388707727194">
        <ele>421.08999999999997</ele>
      </trkpt>
      <trkpt lat="48.771531544625759" lon="11.419291310012341">
        <ele>422.38</ele>
      </trkpt>
      <trkpt lat="48.771457448601723" lon="11.41919014044106">
        <ele>425.24000000000001</ele>
      </trkpt>
      <trkpt lat="48.77140891738236" lon="11.419068183749914">
        <ele>427.38999999999999</ele>
      </trkpt>
      <trkpt lat="48.771337503567338" lon="11.41896684654057">
        <ele>428.16000000000003</ele>
      </trkpt>
      <trkpt lat="48.771283440291882" lon="11.41884665004909">
        <ele>427.43000000000001</ele>
      </trkpt>
      <trkpt lat="48.771251924335957" lon="11.418715892359614">
        <ele>428.19</ele>
      </trkpt>
      <trkpt lat="48.771231807768345" lon="11.418577004224062">
        <ele>429.49000000000001</ele>
      </trkpt>
      <trkpt lat="48.771241279318929" lon="11.4184386190027">
        <ele>430.87</ele>
      </trkpt>
      <trkpt lat="48.771185120567679" lon="11.418315405026078">
        <ele>431.31</ele>
      </trkpt>
      <trkpt lat="48.771121669560671" lon="11.418215911835432">
        <ele>431.79000000000002</ele>
      </trkpt>
      <trkpt lat="48.771058637648821" lon="11.418103845790029">
        <ele>433.75</ele>
      </trkpt>
      <trkpt lat="48.770969454199076" lon="11.418049279600382">
        <ele>435.49000000000001</ele>
      </trkpt>
      <trkpt lat="48.770898459479213" lon="11.417961940169334">
        <ele>436.27999999999997</ele>
      </trkpt>
      <trkpt lat="48.770803827792406" lon="11.417854567989707">
        <ele>434.66000000000003</ele>
      </trkpt>
      <trkpt lat="48.770759738981724" lon="11.417717691510916">
        <ele>434.07999999999998</ele>
      </trkpt>
      <trkpt lat="48.770706010982394" lon="11.417605793103576">
        <ele>435.10000000000002</ele>
      </trkpt>
      <trkpt lat="48.770704083144665" lon="11.417457181960344">
        <ele>434.24000000000001</ele>
      </trkpt>
      <trkpt lat="48.770731743425131" lon="11.417316282168031">
        <ele>435.68000000000001</ele>
      </trkpt>
      <trkpt lat="48.770782118663192" lon="11.417171945795417">
        <ele>436.75999999999999</ele>
      </trkpt>
      <trkpt lat="48.770801899954677" lon="11.417026771232486">
        <ele>439.20999999999998</ele>
      </trkpt>
      <trkpt lat="48.770824111998081" lon="11.416890230029821">
        <ele>438.66000000000003</ele>
      </trkpt>
      <trkpt lat="48.77082260325551" lon="11.416740948334336">
        <ele>435.83999999999997</ele>
      </trkpt>
      <trkpt lat="48.770828386768699" lon="11.416590576991439">
        <ele>434.45999999999998</ele>
      </trkpt>
      <trkpt lat="48.77081086859107" lon="11.416444815695286">
        <ele>438</ele>
      </trkpt>
      <trkpt lat="48.770747417584062" lon="11.416324367746711">
        <ele>436.05000000000001</ele>
      </trkpt>
      <trkpt lat="48.770685810595751" lon="11.416215738281608">
        <ele>435.92000000000002</ele>
      </trkpt>
      <trkpt lat="48.770588412880898" lon="11.416159914806485">
        <ele>435.92000000000002</ele>
      </trkpt>
      <trkpt lat="48.770489087328315" lon="11.416176091879606">
        <ele>433.50999999999999</ele>
      </trkpt>
      <trkpt lat="48.770393198356032" lon="11.416162177920341">
        <ele>431.63</ele>
      </trkpt>
      <trkpt lat="48.770295465365052" lon="11.416178187355399">
        <ele>433.55000000000001</ele>
      </trkpt>
      <trkpt lat="48.770199911668897" lon="11.416198471561074">
        <ele>433.69999999999999</ele>
      </trkpt>
      <trkpt lat="48.77011064440012" lon="11.416179444640875">
        <ele>431.82999999999998</ele>
      </trkpt>
      <trkpt lat="48.770011821761727" lon="11.416130578145385">
        <ele>426.63999999999999</ele>
      </trkpt>
      <trkpt lat="48.769926745444536" lon="11.41607316210866">
        <ele>424.13999999999999</ele>
      </trkpt>
      <trkpt lat="48.769863042980433" lon="11.415947685018182">
        <ele>422.57999999999998</ele>
      </trkpt>
      <trkpt lat="48.769812248647213" lon="11.415815753862262">
        <ele>423.19999999999999</ele>
      </trkpt>
      <trkpt lat="48.769761035218835" lon="11.415700502693653">
        <ele>425.74000000000001</ele>
      </trkpt>
      <trkpt lat="48.769701272249222" lon="11.415572930127382">
        <ele>427.31999999999999</ele>
      </trkpt>
      <trkpt lat="48.7696229852736" lon="11.415476035326719">
        <ele>429.69</ele>
      </trkpt>
      <trkpt lat="48.769530281424522" lon="11.415460947901011">
        <ele>429.42000000000002</ele>
      </trkpt>
      <trkpt lat="48.76943975687027" lon="11.415523141622543">
        <ele>430.68000000000001</ele>
      </trkpt>
      <trkpt lat="48.76936063170433" lon="11.41561483964324">
        <ele>431.00999999999999</ele>
      </trkpt>
      <trkpt lat="48.769273208454251" lon="11.415692875161767">
        <ele>429.77999999999997</ele>
      </trkpt>
      <trkpt lat="48.769201710820198" lon="11.415790440514684">
        <ele>426.89999999999998</ele>
      </trkpt>
      <trkpt lat="48.769108168780804" lon="11.415802929550409">
        <ele>425.12</ele>
      </trkpt>
      <trkpt lat="48.769027451053262" lon="11.415893454104662">
        <ele>422.92000000000002</ele>
      </trkpt>
      <trkpt lat="48.768940614536405" lon="11.415949948132038">
        <ele>423.26999999999998</ele>
      </trkpt>
      <trkpt lat="48.768880348652601" lon="11.416057907044888">
        <ele>426.17000000000002</ele>
      </trkpt>
      <trkpt lat="48.768822764977813" lon="11.416182294487953">
        <ele>424.00999999999999</ele>
      </trkpt>
      <trkpt lat="48.768776999786496" lon="11.416326211765409">
        <ele>424.01999999999998</ele>
      </trkpt>
      <trkpt lat="48.768733832985163" lon="11.416447916999459">
        <ele>422.23000000000002</ele>
      </trkpt>
      <trkpt lat="48.768683793023229" lon="11.416573226451874">
        <ele>421.29000000000002</ele>
      </trkpt>
      <trkpt lat="48.768649259582162" lon="11.416699290275574">
        <ele>421.05000000000001</ele>
      </trkpt>
      <trkpt lat="48.768571726977825" lon="11.416777828708291">
        <ele>421.44999999999999</ele>
      </trkpt>
      <trkpt lat="48.768485225737095" lon="11.416858127340674">
        <ele>422.13</ele>
      </trkpt>
      <trkpt lat="48.768391683697701" lon="11.416891235858202">
        <ele>421.61000000000001</ele>
      </trkpt>
      <trkpt lat="48.768297974020243" lon="11.416897354647517">
        <ele>421.07999999999998</ele>
      </trkpt>
      <trkpt lat="48.768200324848294" lon="11.416872963309288">
        <ele>420.74000000000001</ele>
      </trkpt>
      <trkpt lat="48.768101669847965" lon="11.416847063228488">
        <ele>422.12</ele>
      </trkpt>
      <trkpt lat="48.768006283789873" lon="11.416882099583745">
        <ele>422.14999999999998</ele>
      </trkpt>
      <trkpt lat="48.767926152795553" lon="11.416813032701612">
        <ele>422.56</ele>
      </trkpt>
      <trkpt lat="48.767837891355157" lon="11.416784450411797">
        <ele>425.72000000000003</ele>
      </trkpt>
      <trkpt lat="48.767748288810253" lon="11.416740864515305">
        <ele>424.85000000000002</ele>
      </trkpt>
      <trkpt lat="48.76765675842762" lon="11.416713874787092">
        <ele>421.61000000000001</ele>
      </trkpt>
      <trkpt lat="48.767564306035638" lon="11.416635839268565">
        <ele>420</ele>
      </trkpt>
      <trkpt lat="48.767484342679381" lon="11.416543051600456">
        <ele>419.05000000000001</ele>
      </trkpt>
      <trkpt lat="48.767430614680052" lon="11.416429309174418">
        <ele>423.44</ele>
      </trkpt>
      <trkpt lat="48.767385687679052" lon="11.416301317512989">
        <ele>423.81</ele>
      </trkpt>
      <trkpt lat="48.767360290512443" lon="11.416169553995132">
        <ele>424.01999999999998</ele>
      </trkpt>
      <trkpt lat="48.767359619960189" lon="11.416324200108647">
        <ele>419.75</ele>
      </trkpt>
      <trkpt lat="48.767440253868699" lon="11.416387148201466">
        <ele>418.93000000000001</ele>
      </trkpt>
      <trkpt lat="48.76749305985868" lon="11.416524695232511">
        <ele>419.55000000000001</ele>
      </trkpt>
      <trkpt lat="48.767579309642315" lon="11.416564676910639">
        <ele>418.94999999999999</ele>
      </trkpt>
      <trkpt lat="48.767629852518439" lon="11.416451521217823">
        <ele>418.04000000000002</ele>
      </trkpt>
      <trkpt lat="48.767675282433629" lon="11.416301401332021">
        <ele>417.27999999999997</ele>
      </trkpt>
      <trkpt lat="48.767819870263338" lon="11.415832685306668">
        <ele>410.75999999999999</ele>
      </trkpt>
      <trkpt lat="48.767717611044645" lon="11.4157291688025">
        <ele>409.39999999999998</ele>
      </trkpt>
      <trkpt lat="48.767798999324441" lon="11.415809383615851">
        <ele>417.23000000000002</ele>
      </trkpt>
      <trkpt lat="48.767797071486712" lon="11.415668902918696">
        <ele>421.97000000000003</ele>
      </trkpt>
      <trkpt lat="48.767790198326111" lon="11.415522554889321">
        <ele>423.36000000000001</ele>
      </trkpt>
      <trkpt lat="48.767771925777197" lon="11.415383415296674">
        <ele>424.44999999999999</ele>
      </trkpt>
      <trkpt lat="48.767890026792884" lon="11.414768770337105">
        <ele>420.92000000000002</ele>
      </trkpt>
      <trkpt lat="48.767787851393223" lon="11.414918135851622">
        <ele>418.22000000000003</ele>
      </trkpt>
      <trkpt lat="48.767741080373526" lon="11.414773212745786">
        <ele>414.25999999999999</ele>
      </trkpt>
      <trkpt lat="48.767825402319431" lon="11.414687214419246">
        <ele>420.77999999999997</ele>
      </trkpt>
      <trkpt lat="48.767916429787874" lon="11.414666846394539">
        <ele>415.26999999999998</ele>
      </trkpt>
      <trkpt lat="48.767922213301063" lon="11.414525276049972">
        <ele>413.72000000000003</ele>
      </trkpt>
      <trkpt lat="48.767951214686036" lon="11.414380017668009">
        <ele>415.56999999999999</ele>
      </trkpt>
      <trkpt lat="48.76794995740056" lon="11.414221348240972">
        <ele>415.12</ele>
      </trkpt>
      <trkpt lat="48.768033776432276" lon="11.414112383499742">
        <ele>418.25</ele>
      </trkpt>
      <trkpt lat="48.768120110034943" lon="11.414074078202248">
        <ele>420.66000000000003</ele>
      </trkpt>
      <trkpt lat="48.76819378696382" lon="11.413987074047327">
        <ele>424.56</ele>
      </trkpt>
      <trkpt lat="48.768260339275002" lon="11.41388364136219">
        <ele>428.23000000000002</ele>
      </trkpt>
      <trkpt lat="48.768339548259974" lon="11.413805019110441">
        <ele>424.31999999999999</ele>
      </trkpt>
      <trkpt lat="48.768292693421245" lon="11.41368473879993">
        <ele>422.29000000000002</ele>
      </trkpt>
      <trkpt lat="48.768194373697042" lon="11.41366814263165">
        <ele>423.13</ele>
      </trkpt>
      <trkpt lat="48.768097311258316" lon="11.413673758506775">
        <ele>421.23000000000002</ele>
      </trkpt>
      <trkpt lat="48.768002092838287" lon="11.413606284186244">
        <ele>421.75</ele>
      </trkpt>
      <trkpt lat="48.767902851104736" lon="11.413589688017964">
        <ele>421.42000000000002</ele>
      </trkpt>
      <trkpt lat="48.767809644341469" lon="11.413552220910788">
        <ele>422.86000000000001</ele>
      </trkpt>
      <trkpt lat="48.767724735662341" lon="11.413493296131492">
        <ele>423.97000000000003</ele>
      </trkpt>
      <trkpt lat="48.767649466171861" lon="11.413411321118474">
        <ele>428.52999999999997</ele>
      </trkpt>
      <trkpt lat="48.767557684332132" lon="11.41338131390512">
        <ele>430.95999999999998</ele>
      </trkpt>
      <trkpt lat="48.767469590529799" lon="11.413316186517477">
        <ele>430.17000000000002</ele>
      </trkpt>
      <trkpt lat="48.767383592203259" lon="11.413275199010968">
        <ele>431.12</ele>
      </trkpt>
      <trkpt lat="48.76729323528707" lon="11.413270337507129">
        <ele>432.17000000000002</ele>
      </trkpt>
      <trkpt lat="48.767205141484737" lon="11.41322591342032">
        <ele>433.63999999999999</ele>
      </trkpt>
      <trkpt lat="48.767110425978899" lon="11.413201605901122">
        <ele>434.06999999999999</ele>
      </trkpt>
      <trkpt lat="48.767032222822309" lon="11.413119463250041">
        <ele>435.51999999999998</ele>
      </trkpt>
      <trkpt lat="48.766939518973231" lon="11.413074200972915">
        <ele>433.24000000000001</ele>
      </trkpt>
      <trkpt lat="48.766878666356206" lon="11.412957524880767">
        <ele>429.91000000000003</ele>
      </trkpt>
      <trkpt lat="48.766852598637342" lon="11.412815116345882">
        <ele>424.98000000000002</ele>
      </trkpt>
      <trkpt lat="48.76683977432549" lon="11.412665918469429">
        <ele>424.86000000000001</ele>
      </trkpt>
      <trkpt lat="48.766800463199615" lon="11.412527952343225">
        <ele>423.95999999999998</ele>
      </trkpt>
      <trkpt lat="48.766755871474743" lon="11.41240649856627">
        <ele>424.06999999999999</ele>
      </trkpt>
      <trkpt lat="48.766709435731173" lon="11.412283536046743">
        <ele>425.26999999999998</ele>
      </trkpt>
      <trkpt lat="48.766628550365567" lon="11.412218576297164">
        <ele>424.20999999999998</ele>
      </trkpt>
      <trkpt lat="48.766528218984604" lon="11.412155712023377">
        <ele>427.93000000000001</ele>
      </trkpt>
      <trkpt lat="48.766427217051387" lon="11.412148252129555">
        <ele>429.80000000000001</ele>
      </trkpt>
      <trkpt lat="48.766328981146216" lon="11.41213484108448">
        <ele>432.01999999999998</ele>
      </trkpt>
      <trkpt lat="48.766245162114501" lon="11.412210781127214">
        <ele>432.57999999999998</ele>
      </trkpt>
      <trkpt lat="48.766148686408997" lon="11.41227456741035">
        <ele>426.72000000000003</ele>
      </trkpt>
      <trkpt lat="48.766073333099484" lon="11.412355536594987">
        <ele>425.66000000000003</ele>
      </trkpt>
      <trkpt lat="48.766001919284463" lon="11.41245829872787">
        <ele>425.69</ele>
      </trkpt>
      <trkpt lat="48.765933020040393" lon="11.412545889616013">
        <ele>428.61000000000001</ele>
      </trkpt>
      <trkpt lat="48.765841908752918" lon="11.412618141621351">
        <ele>430.45999999999998</ele>
      </trkpt>
      <trkpt lat="48.765766471624374" lon="11.412702463567257">
        <ele>431.05000000000001</ele>
      </trkpt>
      <trkpt lat="48.765674689784646" lon="11.412694668397307">
        <ele>428.44999999999999</ele>
      </trkpt>
      <trkpt lat="48.765599252656102" lon="11.412589307874441">
        <ele>424.87</ele>
      </trkpt>
      <trkpt lat="48.765508225187659" lon="11.412517391145229">
        <ele>422.98000000000002</ele>
      </trkpt>
      <trkpt lat="48.76540563069284" lon="11.412505740299821">
        <ele>422.02999999999997</ele>
      </trkpt>
      <trkpt lat="48.765312591567636" lon="11.412547063082457">
        <ele>422.30000000000001</ele>
      </trkpt>
      <trkpt lat="48.765233047306538" lon="11.412639683112502">
        <ele>422.29000000000002</ele>
      </trkpt>
      <trkpt lat="48.765150317922235" lon="11.412716964259744">
        <ele>423.13999999999999</ele>
      </trkpt>
      <trkpt lat="48.765062810853124" lon="11.412798603996634">
        <ele>420.57999999999998</ele>
      </trkpt>
      <trkpt lat="48.764978237450123" lon="11.412877226248384">
        <ele>418.85000000000002</ele>
      </trkpt>
      <trkpt lat="48.764905063435435" lon="11.412786869332194">
        <ele>419.85000000000002</ele>
      </trkpt>
      <trkpt lat="48.764810934662819" lon="11.412776308134198">
        <ele>420.99000000000001</ele>
      </trkpt>
      <trkpt lat="48.764709178358316" lon="11.412762813270092">
        <ele>422.27999999999997</ele>
      </trkpt>
      <trkpt lat="48.764619994908571" lon="11.412701709195971">
        <ele>421.69</ele>
      </trkpt>
      <trkpt lat="48.764535840600729" lon="11.412621242925525">
        <ele>421.57999999999998</ele>
      </trkpt>
      <trkpt lat="48.764443220570683" lon="11.412548236548901">
        <ele>422.95999999999998</ele>
      </trkpt>
      <trkpt lat="48.764352360740304" lon="11.41254773363471">
        <ele>423.73000000000002</ele>
      </trkpt>
      <trkpt lat="48.76425982452929" lon="11.412566341459751">
        <ele>424.18000000000001</ele>
      </trkpt>
      <trkpt lat="48.764166282489896" lon="11.412606658414006">
        <ele>424.81999999999999</ele>
      </trkpt>
      <trkpt lat="48.76407659612596" lon="11.412669355049729">
        <ele>426.44</ele>
      </trkpt>
      <trkpt lat="48.764004092663527" lon="11.412759460508823">
        <ele>424.98000000000002</ele>
      </trkpt>
      <trkpt lat="48.763957237824798" lon="11.412889966741204">
        <ele>425.5</ele>
      </trkpt>
      <trkpt lat="48.763895630836487" lon="11.41300848685205">
        <ele>423.79000000000002</ele>
      </trkpt>
      <trkpt lat="48.763843830674887" lon="11.413127593696117">
        <ele>422.31</ele>
      </trkpt>
      <trkpt lat="48.763770991936326" lon="11.413242425769567">
        <ele>420.45999999999998</ele>
      </trkpt>
      <trkpt lat="48.763727238401771" lon="11.413369914516807">
        <ele>420.64999999999998</ele>
      </trkpt>
      <trkpt lat="48.763675605878234" lon="11.413498744368553">
        <ele>419.87</ele>
      </trkpt>
      <trkpt lat="48.763616429641843" lon="11.413616174831986">
        <ele>422.19999999999999</ele>
      </trkpt>
      <trkpt lat="48.76353076659143" lon="11.413661940023303">
        <ele>423.23000000000002</ele>
      </trkpt>
      <trkpt lat="48.763433787971735" lon="11.413631094619632">
        <ele>424.58999999999997</ele>
      </trkpt>
      <trkpt lat="48.763352399691939" lon="11.413541659712791">
        <ele>424.06999999999999</ele>
      </trkpt>
      <trkpt lat="48.763260701671243" lon="11.413530679419637">
        <ele>420.81999999999999</ele>
      </trkpt>
      <trkpt lat="48.763180654495955" lon="11.413594884797931">
        <ele>418.05000000000001</ele>
      </trkpt>
      <trkpt lat="48.763124160468578" lon="11.41371751204133">
        <ele>421.56</ele>
      </trkpt>
      <trkpt lat="48.763045957311988" lon="11.413794960826635">
        <ele>423.49000000000001</ele>
      </trkpt>
      <trkpt lat="48.762984182685614" lon="11.413925215601921">
        <ele>421.88</ele>
      </trkpt>
      <trkpt lat="48.76291461288929" lon="11.414016410708427">
        <ele>420.33999999999997</ele>
      </trkpt>
      <trkpt lat="48.762841271236539" lon="11.414104588329792">
        <ele>419.93000000000001</ele>
      </trkpt>
      <trkpt lat="48.762783519923687" lon="11.414216822013259">
        <ele>419.99000000000001</ele>
      </trkpt>
      <trkpt lat="48.762727361172438" lon="11.414336347952485">
        <ele>420</ele>
      </trkpt>
      <trkpt lat="48.762660808861256" lon="11.414451180025935">
        <ele>418.24000000000001</ele>
      </trkpt>
      <trkpt lat="48.762591239064932" lon="11.414544805884361">
        <ele>416.13999999999999</ele>
      </trkpt>
      <trkpt lat="48.762515131384134" lon="11.414652764797211">
        <ele>416.5</ele>
      </trkpt>
      <trkpt lat="48.762465426698327" lon="11.414767010137439">
        <ele>417.83999999999997</ele>
      </trkpt>
      <trkpt lat="48.762390157207847" lon="11.414876393973827">
        <ele>418.64999999999998</ele>
      </trkpt>
      <trkpt lat="48.762292340397835" lon="11.414903299883008">
        <ele>417.81999999999999</ele>
      </trkpt>
      <trkpt lat="48.762189326807857" lon="11.414894079789519">
        <ele>419.94</ele>
      </trkpt>
      <trkpt lat="48.762090923264623" lon="11.414953507483006">
        <ele>420.60000000000002</ele>
      </trkpt>
      <trkpt lat="48.762000733986497" lon="11.414983933791518">
        <ele>421.27999999999997</ele>
      </trkpt>
      <trkpt lat="48.761905683204532" lon="11.414967253804207">
        <ele>419.75999999999999</ele>
      </trkpt>
      <trkpt lat="48.761804094538093" lon="11.415021065622568">
        <ele>419.94999999999999</ele>
      </trkpt>
      <trkpt lat="48.761725639924407" lon="11.415131874382496">
        <ele>421.44</ele>
      </trkpt>
      <trkpt lat="48.76167057082057" lon="11.415245532989502">
        <ele>422.14999999999998</ele>
      </trkpt>
      <trkpt lat="48.761609131470323" lon="11.415345780551434">
        <ele>424.32999999999998</ele>
      </trkpt>
      <trkpt lat="48.761554481461644" lon="11.415471509099007">
        <ele>425.67000000000002</ele>
      </trkpt>
      <trkpt lat="48.761579124256968" lon="11.415614755824208">
        <ele>428.11000000000001</ele>
      </trkpt>
      <trkpt lat="48.761546434834599" lon="11.41574333421886">
        <ele>428.48000000000002</ele>
      </trkpt>
      <trkpt lat="48.76148197799921" lon="11.415854981169105">
        <ele>428.73000000000002</ele>
      </trkpt>
      <trkpt lat="48.761441828683019" lon="11.415993282571435">
        <ele>423.25</ele>
      </trkpt>
      <trkpt lat="48.761410564184189" lon="11.416140133515">
        <ele>422.86000000000001</ele>
      </trkpt>
      <trkpt lat="48.761347280815244" lon="11.416286481544375">
        <ele>422.06</ele>
      </trkpt>
      <trkpt lat="48.761270167306066" lon="11.416376419365406">
        <ele>421.62</ele>
      </trkpt>
      <trkpt lat="48.761200346052647" lon="11.41646702773869">
        <ele>420.05000000000001</ele>
      </trkpt>
      <trkpt lat="48.761201519519091" lon="11.416616560891271">
        <ele>419.13</ele>
      </trkpt>
      <trkpt lat="48.761122478172183" lon="11.41669861972332">
        <ele>417.92000000000002</ele>
      </trkpt>
      <trkpt lat="48.761085765436292" lon="11.416829796507955">
        <ele>418.66000000000003</ele>
      </trkpt>
      <trkpt lat="48.761019380763173" lon="11.416922584176064">
        <ele>418.57999999999998</ele>
      </trkpt>
      <trkpt lat="48.760924665257335" lon="11.416915711015463">
        <ele>418.23000000000002</ele>
      </trkpt>
      <trkpt lat="48.76082475297153" lon="11.416964242234826">
        <ele>419.87</ele>
      </trkpt>
      <trkpt lat="48.760747890919447" lon="11.417056610807776">
        <ele>422.82999999999998</ele>
      </trkpt>
      <trkpt lat="48.760678824037313" lon="11.417154595255852">
        <ele>425.85000000000002</ele>
      </trkpt>
      <trkpt lat="48.760618306696415" lon="11.417258195579052">
        <ele>425.73000000000002</ele>
      </trkpt>
      <trkpt lat="48.760528787970543" lon="11.417284347116947">
        <ele>425.37</ele>
      </trkpt>
      <trkpt lat="48.760482436046004" lon="11.417403621599078">
        <ele>425.35000000000002</ele>
      </trkpt>
      <trkpt lat="48.760414039716125" lon="11.417509317398071">
        <ele>423.10000000000002</ele>
      </trkpt>
      <trkpt lat="48.760321335867047" lon="11.417575282976031">
        <ele>421.67000000000002</ele>
      </trkpt>
      <trkpt lat="48.760238438844681" lon="11.417649127542973">
        <ele>418.24000000000001</ele>
      </trkpt>
      <trkpt lat="48.760208683088422" lon="11.417798660695553">
        <ele>418.36000000000001</ele>
      </trkpt>
      <trkpt lat="48.76017683185637" lon="11.41794073395431">
        <ele>418.81</ele>
      </trkpt>
      <trkpt lat="48.760160738602281" lon="11.418076101690531">
        <ele>420.80000000000001</ele>
      </trkpt>
      <trkpt lat="48.760167360305786" lon="11.418227646499872">
        <ele>422.74000000000001</ele>
      </trkpt>
      <trkpt lat="48.760115560144186" lon="11.418361170217395">
        <ele>421.61000000000001</ele>
      </trkpt>
      <trkpt lat="48.760045068338513" lon="11.418455885723233">
        <ele>420.74000000000001</ele>
      </trkpt>
      <trkpt lat="48.759989328682423" lon="11.418578932061791">
        <ele>420.94999999999999</ele>
      </trkpt>
      <trkpt lat="48.759967871010303" lon="11.418729722499847">
        <ele>420.17000000000002</ele>
      </trkpt>
      <trkpt lat="48.759957225993276" lon="11.418875483796">
        <ele>417.77999999999997</ele>
      </trkpt>
      <trkpt lat="48.759934259578586" lon="11.419011438265443">
        <ele>417.89999999999998</ele>
      </trkpt>
      <trkpt lat="48.759872736409307" lon="11.419121995568275">
        <ele>417.94</ele>
      </trkpt>
      <trkpt lat="48.759809788316488" lon="11.419225763529539">
        <ele>416.24000000000001</ele>
      </trkpt>
      <trkpt lat="48.759740889072418" lon="11.419314946979284">
        <ele>414.69999999999999</ele>
      </trkpt>
      <trkpt lat="48.759655812755227" lon="11.419382086023688">
        <ele>414.17000000000002</ele>
      </trkpt>
      <trkpt lat="48.75956604257226" lon="11.419318970292807">
        <ele>411.56</ele>
      </trkpt>
      <trkpt lat="48.759523378685117" lon="11.419179663062096">
        <ele>414.81999999999999</ele>
      </trkpt>
      <trkpt lat="48.759443163871765" lon="11.419096682220697">
        <ele>415.83999999999997</ele>
      </trkpt>
      <trkpt lat="48.759390022605658" lon="11.418969109654427">
        <ele>414.97000000000003</ele>
      </trkpt>
      <trkpt lat="48.759319866076112" lon="11.41886810772121">
        <ele>413.63999999999999</ele>
      </trkpt>
      <trkpt lat="48.759286422282457" lon="11.418736847117543">
        <ele>412.82999999999998</ele>
      </trkpt>
      <trkpt lat="48.759231688454747" lon="11.418612962588668">
        <ele>413.66000000000003</ele>
      </trkpt>
      <trkpt lat="48.75915558077395" lon="11.418504333123565">
        <ele>416.56</ele>
      </trkpt>
      <trkpt lat="48.759080311283469" lon="11.418393272906542">
        <ele>419.16000000000003</ele>
      </trkpt>
      <trkpt lat="48.759061200544238" lon="11.418251702561975">
        <ele>420.69999999999999</ele>
      </trkpt>
      <trkpt lat="48.759001437574625" lon="11.418148521333933">
        <ele>421.69999999999999</ele>
      </trkpt>
      <trkpt lat="48.75894108787179" lon="11.418040813878179">
        <ele>422.39999999999998</ele>
      </trkpt>
      <trkpt lat="48.758886689320207" lon="11.417908631265163">
        <ele>423.10000000000002</ele>
      </trkpt>
      <trkpt lat="48.758822903037071" lon="11.417793380096555">
        <ele>423.12</ele>
      </trkpt>
      <trkpt lat="48.758765989914536" lon="11.417683074250817">
        <ele>424.44999999999999</ele>
      </trkpt>
      <trkpt lat="48.758755512535572" lon="11.417540498077869">
        <ele>424.35000000000002</ele>
      </trkpt>
      <trkpt lat="48.758733803406358" lon="11.41739884391427">
        <ele>422.57999999999998</ele>
      </trkpt>
      <trkpt lat="48.758714944124222" lon="11.417265823110938">
        <ele>420.41000000000003</ele>
      </trkpt>
      <trkpt lat="48.758675800636411" lon="11.417129198089242">
        <ele>423.19</ele>
      </trkpt>
      <trkpt lat="48.758681081235409" lon="11.416989220306277">
        <ele>422.73000000000002</ele>
      </trkpt>
      <trkpt lat="48.758674543350935" lon="11.416838094592094">
        <ele>418.69999999999999</ele>
      </trkpt>
      <trkpt lat="48.75867529772222" lon="11.416690740734339">
        <ele>419.80000000000001</ele>
      </trkpt>
      <trkpt lat="48.758678818121552" lon="11.416539195924997">
        <ele>422.75999999999999</ele>
      </trkpt>
      <trkpt lat="48.758659958839417" lon="11.416397960856557">
        <ele>424.43000000000001</ele>
      </trkpt>
      <trkpt lat="48.758613942191005" lon="11.41627692617476">
        <ele>420.83999999999997</ele>
      </trkpt>
      <trkpt lat="48.758578905835748" lon="11.416134769096971">
        <ele>418.48000000000002</ele>
      </trkpt>
      <trkpt lat="48.758587287738919" lon="11.415989259257913">
        <ele>419.69999999999999</ele>
      </trkpt>
      <trkpt lat="48.758584437891841" lon="11.41585229896009">
        <ele>419.74000000000001</ele>
      </trkpt>
      <trkpt lat="48.75857119448483" lon="11.415703520178795">
        <ele>419.23000000000002</ele>
      </trkpt>
      <trkpt lat="48.758554430678487" lon="11.415567314252257">
        <ele>419.45999999999998</ele>
      </trkpt>
      <trkpt lat="48.758529536426067" lon="11.4154286775738">
        <ele>420.25</ele>
      </trkpt>
      <trkpt lat="48.758494919165969" lon="11.415302697569132">
        <ele>417.08999999999997</ele>
      </trkpt>
      <trkpt lat="48.75845736823976" lon="11.415157439187169">
        <ele>415.69</ele>
      </trkpt>
      <trkpt lat="48.758428199216723" lon="11.415023244917393">
        <ele>413.93000000000001</ele>
      </trkpt>
      <trkpt lat="48.758380422368646" lon="11.41490682028234">
        <ele>413.62</ele>
      </trkpt>
      <trkpt lat="48.758371537551284" lon="11.41476022079587">
        <ele>414.55000000000001</ele>
      </trkpt>
      <trkpt lat="48.758361395448446" lon="11.414613537490368">
        <ele>414.91000000000003</ele>
      </trkpt>
      <trkpt lat="48.758340859785676" lon="11.414476409554482">
        <ele>415.91000000000003</ele>
      </trkpt>
      <trkpt lat="48.758330466225743" lon="11.414336850866675">
        <ele>416.91000000000003</ele>
      </trkpt>
      <trkpt lat="48.75830540433526" lon="11.414189329370856">
        <ele>411.86000000000001</ele>
      </trkpt>
      <trkpt lat="48.758280258625746" lon="11.414048932492733">
        <ele>408.70999999999998</ele>
      </trkpt>
      <trkpt lat="48.758242037147284" lon="11.413922868669033">
        <ele>407.81999999999999</ele>
      </trkpt>
      <trkpt lat="48.758186046034098" lon="11.413806779310107">
        <ele>410.13999999999999</ele>
      </trkpt>
      <trkpt lat="48.7581392750144" lon="11.413671327754855">
        <ele>412.37</ele>
      </trkpt>
      <trkpt lat="48.758109351620078" lon="11.413531852886081">
        <ele>413.37</ele>
      </trkpt>
      <trkpt lat="48.758073057979345" lon="11.413405789062381">
        <ele>413.85000000000002</ele>
      </trkpt>
      <trkpt lat="48.758032573387027" lon="11.413279641419649">
        <ele>414.88</ele>
      </trkpt>
      <trkpt lat="48.757976582273841" lon="11.413158690556884">
        <ele>414.98000000000002</ele>
      </trkpt>
      <trkpt lat="48.757937606424093" lon="11.413022736087441">
        <ele>415.45999999999998</ele>
      </trkpt>
      <trkpt lat="48.75788614153862" lon="11.412904299795628">
        <ele>414.87</ele>
      </trkpt>
      <trkpt lat="48.757839538156986" lon="11.412776811048388">
        <ele>414.44999999999999</ele>
      </trkpt>
      <trkpt lat="48.757781200110912" lon="11.412661308422685">
        <ele>415.88</ele>
      </trkpt>
      <trkpt lat="48.757719425484538" lon="11.412553768604994">
        <ele>417.12</ele>
      </trkpt>
      <trkpt lat="48.757685478776693" lon="11.412426782771945">
        <ele>417.08999999999997</ele>
      </trkpt>
      <trkpt lat="48.757649185135961" lon="11.412281859666109">
        <ele>416.63</ele>
      </trkpt>
      <trkpt lat="48.757603503763676" lon="11.412150515243411">
        <ele>416.02999999999997</ele>
      </trkpt>
      <trkpt lat="48.757560756057501" lon="11.412022188305855">
        <ele>415.98000000000002</ele>
      </trkpt>
      <trkpt lat="48.757491102442145" lon="11.411912804469466">
        <ele>415.25</ele>
      </trkpt>
      <trkpt lat="48.757445001974702" lon="11.411785902455449">
        <ele>414.74000000000001</ele>
      </trkpt>
      <trkpt lat="48.757391860708594" lon="11.411672998219728">
        <ele>414.11000000000001</ele>
      </trkpt>
      <trkpt lat="48.757326565682888" lon="11.411562105640769">
        <ele>413.93000000000001</ele>
      </trkpt>
      <trkpt lat="48.757269233465195" lon="11.411451967433095">
        <ele>414.69999999999999</ele>
      </trkpt>
      <trkpt lat="48.757214248180389" lon="11.411337219178677">
        <ele>414.38999999999999</ele>
      </trkpt>
      <trkpt lat="48.757160604000092" lon="11.411207634955645">
        <ele>411.44999999999999</ele>
      </trkpt>
      <trkpt lat="48.757116179913282" lon="11.411086432635784">
        <ele>411.18000000000001</ele>
      </trkpt>
      <trkpt lat="48.757058177143335" lon="11.410967577248812">
        <ele>411.51999999999998</ele>
      </trkpt>
      <trkpt lat="48.757009394466877" lon="11.410834807902575">
        <ele>410.27999999999997</ele>
      </trkpt>
      <trkpt lat="48.756968323141336" lon="11.410705894231796">
        <ele>410.63</ele>
      </trkpt>
      <trkpt lat="48.756912164390087" lon="11.410596594214439">
        <ele>412.23000000000002</ele>
      </trkpt>
      <trkpt lat="48.756847372278571" lon="11.410491317510605">
        <ele>413.30000000000001</ele>
      </trkpt>
      <trkpt lat="48.756804876029491" lon="11.41034790314734">
        <ele>413.43000000000001</ele>
      </trkpt>
      <trkpt lat="48.756731869652867" lon="11.41023893840611">
        <ele>413.93000000000001</ele>
      </trkpt>
      <trkpt lat="48.756670849397779" lon="11.410126704722643">
        <ele>415.76999999999998</ele>
      </trkpt>
      <trkpt lat="48.756627766415477" lon="11.409997204318643">
        <ele>413.01999999999998</ele>
      </trkpt>
      <trkpt lat="48.75657906755805" lon="11.409873487427831">
        <ele>411.75</ele>
      </trkpt>
      <trkpt lat="48.756534559652209" lon="11.409741220995784">
        <ele>412.94999999999999</ele>
      </trkpt>
      <trkpt lat="48.756472617387772" lon="11.409623455256224">
        <ele>415.31</ele>
      </trkpt>
      <trkpt lat="48.756421655416489" lon="11.409498229622841">
        <ele>415.25999999999999</ele>
      </trkpt>
      <trkpt lat="48.756389385089278" lon="11.409365879371762">
        <ele>415.91000000000003</ele>
      </trkpt>
      <trkpt lat="48.756363485008478" lon="11.409235540777445">
        <ele>415.20999999999998</ele>
      </trkpt>
      <trkpt lat="48.756319396197796" lon="11.40909506008029">
        <ele>414.30000000000001</ele>
      </trkpt>
      <trkpt lat="48.756283856928349" lon="11.408956255763769">
        <ele>413.74000000000001</ele>
      </trkpt>
      <trkpt lat="48.756255526095629" lon="11.408812589943409">
        <ele>416.31999999999999</ele>
      </trkpt>
      <trkpt lat="48.756232224404812" lon="11.408670349046588">
        <ele>416.81</ele>
      </trkpt>
      <trkpt lat="48.756204145029187" lon="11.408529365435243">
        <ele>417.25999999999999</ele>
      </trkpt>
      <trkpt lat="48.756181178614497" lon="11.4083899743855">
        <ele>416.16000000000003</ele>
      </trkpt>
      <trkpt lat="48.756174389272928" lon="11.408252427354455">
        <ele>415.16000000000003</ele>
      </trkpt>
      <trkpt lat="48.756135413423181" lon="11.408115215599537">
        <ele>415.19</ele>
      </trkpt>
      <trkpt lat="48.756107417866588" lon="11.407975405454636">
        <ele>415.70999999999998</ele>
      </trkpt>
      <trkpt lat="48.756092330440879" lon="11.407829644158483">
        <ele>414.99000000000001</ele>
      </trkpt>
      <trkpt lat="48.756081936880946" lon="11.407682038843632">
        <ele>414.64999999999998</ele>
      </trkpt>
      <trkpt lat="48.756063748151064" lon="11.407540049403906">
        <ele>413.69</ele>
      </trkpt>
      <trkpt lat="48.756035417318344" lon="11.407396970316768">
        <ele>414.69999999999999</ele>
      </trkpt>
      <trkpt lat="48.756010187789798" lon="11.407250538468361">
        <ele>415.54000000000002</ele>
      </trkpt>
      <trkpt lat="48.755978671833873" lon="11.407122295349836">
        <ele>416.79000000000002</ele>
      </trkpt>
      <trkpt lat="48.755949670448899" lon="11.406983993947506">
        <ele>416.48000000000002</ele>
      </trkpt>
      <trkpt lat="48.7559081800282" lon="11.406850973144174">
        <ele>415.87</ele>
      </trkpt>
      <trkpt lat="48.755852188915014" lon="11.406739996746182">
        <ele>416.14999999999998</ele>
      </trkpt>
      <trkpt lat="48.755824025720358" lon="11.406598929315805">
        <ele>415.16000000000003</ele>
      </trkpt>
      <trkpt lat="48.755783205851912" lon="11.406466579064727">
        <ele>414.94999999999999</ele>
      </trkpt>
      <trkpt lat="48.755738027393818" lon="11.406336659565568">
        <ele>416.19999999999999</ele>
      </trkpt>
      <trkpt lat="48.755695195868611" lon="11.406199280172586">
        <ele>415.25</ele>
      </trkpt>
      <trkpt lat="48.755668457597494" lon="11.406049663200974">
        <ele>414.23000000000002</ele>
      </trkpt>
      <trkpt lat="48.7556301523" lon="11.40592192299664">
        <ele>414.33999999999997</ele>
      </trkpt>
      <trkpt lat="48.755600396543741" lon="11.405780352652073">
        <ele>414.13999999999999</ele>
      </trkpt>
      <trkpt lat="48.755579944700003" lon="11.405638279393315">
        <ele>413.36000000000001</ele>
      </trkpt>
      <trkpt lat="48.755579274147749" lon="11.405489416792989">
        <ele>412.19999999999999</ele>
      </trkpt>
      <trkpt lat="48.755565276369452" lon="11.405347846448421">
        <ele>412.29000000000002</ele>
      </trkpt>
      <trkpt lat="48.755577933043242" lon="11.405211975798011">
        <ele>414.13</ele>
      </trkpt>
      <trkpt lat="48.755591176450253" lon="11.405074512585998">
        <ele>413.81999999999999</ele>
      </trkpt>
      <trkpt lat="48.755592266097665" lon="11.404926152899861">
        <ele>415</ele>
      </trkpt>
      <trkpt lat="48.755610035732388" lon="11.404775446280837">
        <ele>415.56999999999999</ele>
      </trkpt>
      <trkpt lat="48.755617998540401" lon="11.404629684984684">
        <ele>416.66000000000003</ele>
      </trkpt>
      <trkpt lat="48.755623446777463" lon="11.404488869011402">
        <ele>416.62</ele>
      </trkpt>
      <trkpt lat="48.755648005753756" lon="11.404346041381359">
        <ele>417.57999999999998</ele>
      </trkpt>
      <trkpt lat="48.755658566951752" lon="11.404195670038462">
        <ele>418.33999999999997</ele>
      </trkpt>
      <trkpt lat="48.755670133978128" lon="11.404056362807751">
        <ele>418.75</ele>
      </trkpt>
      <trkpt lat="48.75569368712604" lon="11.403924766927958">
        <ele>417.98000000000002</ele>
      </trkpt>
      <trkpt lat="48.755708020180464" lon="11.403780095279217">
        <ele>417.25</ele>
      </trkpt>
      <trkpt lat="48.755741463974118" lon="11.403641123324633">
        <ele>414.60000000000002</ele>
      </trkpt>
      <trkpt lat="48.75576795078814" lon="11.403493685647845">
        <ele>414.70999999999998</ele>
      </trkpt>
      <trkpt lat="48.755809776484966" lon="11.403355970978737">
        <ele>415.74000000000001</ele>
      </trkpt>
      <trkpt lat="48.755864510312676" lon="11.403231834992766">
        <ele>415.89999999999998</ele>
      </trkpt>
      <trkpt lat="48.755922596901655" lon="11.403112560510635">
        <ele>414.20999999999998</ele>
      </trkpt>
      <trkpt lat="48.756007924675941" lon="11.403030417859554">
        <ele>414.74000000000001</ele>
      </trkpt>
      <trkpt lat="48.756040949374437" lon="11.402903012931347">
        <ele>414.44999999999999</ele>
      </trkpt>
      <trkpt lat="48.756086546927691" lon="11.402770997956395">
        <ele>413.81999999999999</ele>
      </trkpt>
      <trkpt lat="48.756131725385785" lon="11.402642671018839">
        <ele>411.43000000000001</ele>
      </trkpt>
      <trkpt lat="48.756165420636535" lon="11.402503615245223">
        <ele>412.06</ele>
      </trkpt>
      <trkpt lat="48.756185788661242" lon="11.402352824807167">
        <ele>414.77999999999997</ele>
      </trkpt>
      <trkpt lat="48.756174221634865" lon="11.402171943336725">
        <ele>415.36000000000001</ele>
      </trkpt>
      <trkpt lat="48.756148237735033" lon="11.402024002745748">
        <ele>416.30000000000001</ele>
      </trkpt>
      <trkpt lat="48.756109680980444" lon="11.401898190379143">
        <ele>415.31999999999999</ele>
      </trkpt>
      <trkpt lat="48.756050420925021" lon="11.401777826249599">
        <ele>415.27999999999997</ele>
      </trkpt>
      <trkpt lat="48.75600004568696" lon="11.401645475998521">
        <ele>416.32999999999998</ele>
      </trkpt>
      <trkpt lat="48.755975402891636" lon="11.401504492387176">
        <ele>416.04000000000002</ele>
      </trkpt>
      <trkpt lat="48.755983449518681" lon="11.401361664757133">
        <ele>416.01999999999998</ele>
      </trkpt>
      <trkpt lat="48.75601957552135" lon="11.401232918724418">
        <ele>416.25</ele>
      </trkpt>
      <trkpt lat="48.756026197224855" lon="11.401078524067998">
        <ele>415.94</ele>
      </trkpt>
      <trkpt lat="48.756030220538378" lon="11.400938462466002">
        <ele>414.85000000000002</ele>
      </trkpt>
      <trkpt lat="48.756050253286958" lon="11.40080451965332">
        <ele>412.81999999999999</ele>
      </trkpt>
      <trkpt lat="48.756084786728024" lon="11.400669487193227">
        <ele>412.72000000000003</ele>
      </trkpt>
      <trkpt lat="48.755998201668262" lon="11.400609975680709">
        <ele>414.16000000000003</ele>
      </trkpt>
      <trkpt lat="48.755901055410504" lon="11.400575861334801">
        <ele>413.31</ele>
      </trkpt>
      <trkpt lat="48.755810195580125" lon="11.400552811101079">
        <ele>415.18000000000001</ele>
      </trkpt>
      <trkpt lat="48.755727969110012" lon="11.40048835426569">
        <ele>418.37</ele>
      </trkpt>
      <trkpt lat="48.755628224462271" lon="11.400484666228294">
        <ele>417.37</ele>
      </trkpt>
      <trkpt lat="48.755539376288652" lon="11.400432698428631">
        <ele>416.55000000000001</ele>
      </trkpt>
      <trkpt lat="48.755475590005517" lon="11.400313759222627">
        <ele>414.95999999999998</ele>
      </trkpt>
      <trkpt lat="48.755403086543083" lon="11.40022843144834">
        <ele>414.32999999999998</ele>
      </trkpt>
      <trkpt lat="48.755311807617545" lon="11.400157436728477">
        <ele>413.35000000000002</ele>
      </trkpt>
      <trkpt lat="48.755251541733742" lon="11.40002952888608">
        <ele>414.17000000000002</ele>
      </trkpt>
      <trkpt lat="48.755212062969804" lon="11.399886701256037">
        <ele>414.52999999999997</ele>
      </trkpt>
      <trkpt lat="48.755177445709705" lon="11.399751752614975">
        <ele>414.31</ele>
      </trkpt>
      <trkpt lat="48.755135871469975" lon="11.399612613022327">
        <ele>415.31999999999999</ele>
      </trkpt>
      <trkpt lat="48.755109133198857" lon="11.39946224167943">
        <ele>416.14999999999998</ele>
      </trkpt>
      <trkpt lat="48.755072336643934" lon="11.399332322180271">
        <ele>415.88999999999999</ele>
      </trkpt>
      <trkpt lat="48.755032019689679" lon="11.399188069626689">
        <ele>418.06999999999999</ele>
      </trkpt>
      <trkpt lat="48.754995055496693" lon="11.399059658870101">
        <ele>416.25</ele>
      </trkpt>
      <trkpt lat="48.754968149587512" lon="11.398912724107504">
        <ele>413.01999999999998</ele>
      </trkpt>
      <trkpt lat="48.754949374124408" lon="11.39877375215292">
        <ele>409.33999999999997</ele>
      </trkpt>
      <trkpt lat="48.754857508465648" lon="11.39875422231853">
        <ele>412.73000000000002</ele>
      </trkpt>
      <trkpt lat="48.754769330844283" lon="11.398798646405339">
        <ele>413.69999999999999</ele>
      </trkpt>
      <trkpt lat="48.754685511812568" lon="11.398870898410678">
        <ele>416.68000000000001</ele>
      </trkpt>
      <trkpt lat="48.754618456587195" lon="11.398968212306499">
        <ele>415.37</ele>
      </trkpt>
      <trkpt lat="48.754537152126431" lon="11.399039877578616">
        <ele>414.13</ele>
      </trkpt>
      <trkpt lat="48.754455596208572" lon="11.399142136797309">
        <ele>414.26999999999998</ele>
      </trkpt>
      <trkpt lat="48.754380494356155" lon="11.399256298318505">
        <ele>414.94</ele>
      </trkpt>
      <trkpt lat="48.754309164360166" lon="11.399354953318834">
        <ele>415.62</ele>
      </trkpt>
      <trkpt lat="48.754218891263008" lon="11.399381021037698">
        <ele>412.50999999999999</ele>
      </trkpt>
      <trkpt lat="48.754136664792895" lon="11.399439694359899">
        <ele>413.44999999999999</ele>
      </trkpt>
      <trkpt lat="48.754042955115438" lon="11.399502726271749">
        <ele>412.01999999999998</ele>
      </trkpt>
      <trkpt lat="48.753948910161853" lon="11.399558130651712">
        <ele>411.33999999999997</ele>
      </trkpt>
      <trkpt lat="48.753872970119119" lon="11.399640860036016">
        <ele>410.85000000000002</ele>
      </trkpt>
      <trkpt lat="48.753778673708439" lon="11.399647397920489">
        <ele>414.18000000000001</ele>
      </trkpt>
      <trkpt lat="48.75371715053916" lon="11.399531811475754">
        <ele>416.98000000000002</ele>
      </trkpt>
      <trkpt lat="48.75364925712347" lon="11.399435587227345">
        <ele>416.31</ele>
      </trkpt>
      <trkpt lat="48.75360231846571" lon="11.39931270852685">
        <ele>419.05000000000001</ele>
      </trkpt>
      <trkpt lat="48.753581447526813" lon="11.399165689945221">
        <ele>420.44</ele>
      </trkpt>
      <trkpt lat="48.753509195521474" lon="11.399065777659416">
        <ele>419.91000000000003</ele>
      </trkpt>
      <trkpt lat="48.753428226336837" lon="11.398981120437384">
        <ele>418.38</ele>
      </trkpt>
      <trkpt lat="48.753397213295102" lon="11.398844914510846">
        <ele>418.06</ele>
      </trkpt>
      <trkpt lat="48.75329939648509" lon="11.398802837356925">
        <ele>414.5</ele>
      </trkpt>
      <trkpt lat="48.753208452835679" lon="11.398775596171618">
        <ele>413.79000000000002</ele>
      </trkpt>
      <trkpt lat="48.753297971561551" lon="11.398758748546243">
        <ele>411.02999999999997</ele>
      </trkpt>
      <trkpt lat="48.753199568018317" lon="11.398672163486481">
        <ele>411.82999999999998</ele>
      </trkpt>
      <trkpt lat="48.753069480881095" lon="11.398706529289484">
        <ele>412.94</ele>
      </trkpt>
      <trkpt lat="48.752988260239363" lon="11.398789593949914">
        <ele>413.52999999999997</ele>
      </trkpt>
      <trkpt lat="48.752913661301136" lon="11.398867294192314">
        <ele>414.72000000000003</ele>
      </trkpt>
      <trkpt lat="48.752826740965247" lon="11.398935439065099">
        <ele>414.85000000000002</ele>
      </trkpt>
      <trkpt lat="48.752731522545218" lon="11.398939127102494">
        <ele>415.70999999999998</ele>
      </trkpt>
      <trkpt lat="48.752641249448061" lon="11.398973409086466">
        <ele>414.51999999999998</ele>
      </trkpt>
      <trkpt lat="48.752554077655077" lon="11.399021605029702">
        <ele>414.60000000000002</ele>
      </trkpt>
      <trkpt lat="48.752466067671776" lon="11.399068208411336">
        <ele>416.79000000000002</ele>
      </trkpt>
      <trkpt lat="48.75237537547946" lon="11.399037530645728">
        <ele>418.50999999999999</ele>
      </trkpt>
      <trkpt lat="48.752275966107845" lon="11.399005679413676">
        <ele>415.89999999999998</ele>
      </trkpt>
      <trkpt lat="48.752192063257098" lon="11.398935858160257">
        <ele>414.17000000000002</ele>
      </trkpt>
      <trkpt lat="48.752117212861776" lon="11.398846674710512">
        <ele>415.05000000000001</ele>
      </trkpt>
      <trkpt lat="48.752038842067122" lon="11.398775847628713">
        <ele>418.06</ele>
      </trkpt>
      <trkpt lat="48.751934319734573" lon="11.398736285045743">
        <ele>418.01999999999998</ele>
      </trkpt>
      <trkpt lat="48.751845555379987" lon="11.398711558431387">
        <ele>406.07999999999998</ele>
      </trkpt>
      <trkpt lat="48.75173918902874" lon="11.398718766868114">
        <ele>404.63</ele>
      </trkpt>
      <trkpt lat="48.751639947295189" lon="11.398695465177298">
        <ele>404.44</ele>
      </trkpt>
      <trkpt lat="48.751539951190352" lon="11.398672414943576">
        <ele>407.31999999999999</ele>
      </trkpt>
      <trkpt lat="48.751445906236768" lon="11.398612735792994">
        <ele>410.41000000000003</ele>
      </trkpt>
      <trkpt lat="48.751352028921247" lon="11.398610221222043">
        <ele>412.72000000000003</ele>
      </trkpt>
      <trkpt lat="48.751264186576009" lon="11.39855389483273">
        <ele>415.30000000000001</ele>
      </trkpt>
      <trkpt lat="48.751170393079519" lon="11.398567305877805">
        <ele>416.94</ele>
      </trkpt>
      <trkpt lat="48.751088585704565" lon="11.398636791855097">
        <ele>417.76999999999998</ele>
      </trkpt>
      <trkpt lat="48.751001665368676" lon="11.398732932284474">
        <ele>417.63</ele>
      </trkpt>
      <trkpt lat="48.750979704782367" lon="11.398869892582297">
        <ele>416</ele>
      </trkpt>
      <trkpt lat="48.750986577942967" lon="11.39901565387845">
        <ele>415.76999999999998</ele>
      </trkpt>
      <trkpt lat="48.750986745581031" lon="11.399159487336874">
        <ele>415.67000000000002</ele>
      </trkpt>
      <trkpt lat="48.750941148027778" lon="11.39928781427443">
        <ele>415.81</ele>
      </trkpt>
      <trkpt lat="48.750891108065844" lon="11.399409519508481">
        <ele>418.47000000000003</ele>
      </trkpt>
      <trkpt lat="48.750862441956997" lon="11.399545390158892">
        <ele>419.38</ele>
      </trkpt>
      <trkpt lat="48.750797985121608" lon="11.399649996310472">
        <ele>419.44</ele>
      </trkpt>
      <trkpt lat="48.750823130831122" lon="11.39978620223701">
        <ele>418.54000000000002</ele>
      </trkpt>
      <trkpt lat="48.750834278762341" lon="11.399935148656368">
        <ele>418.04000000000002</ele>
      </trkpt>
      <trkpt lat="48.750877194106579" lon="11.400068504735827">
        <ele>417.31</ele>
      </trkpt>
      <trkpt lat="48.750890102237463" lon="11.400216864421964">
        <ele>419.08999999999997</ele>
      </trkpt>
      <trkpt lat="48.750900998711586" lon="11.40035348944366">
        <ele>417.97000000000003</ele>
      </trkpt>
      <trkpt lat="48.750945338979363" lon="11.400487683713436">
        <ele>420.81</ele>
      </trkpt>
      <trkpt lat="48.751005018129945" lon="11.400600168853998">
        <ele>421.62</ele>
      </trkpt>
      <trkpt lat="48.751007029786706" lon="11.400753306224942">
        <ele>424.30000000000001</ele>
      </trkpt>
      <trkpt lat="48.751053381711245" lon="11.40090468339622">
        <ele>416.85000000000002</ele>
      </trkpt>
      <trkpt lat="48.751034438610077" lon="11.401041056960821">
        <ele>417.63999999999999</ele>
      </trkpt>
      <trkpt lat="48.751037875190377" lon="11.401188829913735">
        <ele>416.45999999999998</ele>
      </trkpt>
      <trkpt lat="48.751013316214085" lon="11.401320341974497">
        <ele>416.95999999999998</ele>
      </trkpt>
      <trkpt lat="48.750998396426439" lon="11.401629047468305">
        <ele>421.85000000000002</ele>
      </trkpt>
      <trkpt lat="48.7510418985039" lon="11.401757290586829">
        <ele>420.19</ele>
      </trkpt>
      <trkpt lat="48.75101993791759" lon="11.401892742142081">
        <ele>419.44999999999999</ele>
      </trkpt>
      <trkpt lat="48.750984566286206" lon="11.40202609822154">
        <ele>420.88999999999999</ele>
      </trkpt>
      <trkpt lat="48.750927736982703" lon="11.402135230600834">
        <ele>421.18000000000001</ele>
      </trkpt>
      <trkpt lat="48.750937208533287" lon="11.40228115953505">
        <ele>421.25999999999999</ele>
      </trkpt>
      <trkpt lat="48.750951876863837" lon="11.402431279420853">
        <ele>420.87</ele>
      </trkpt>
      <trkpt lat="48.750957576557994" lon="11.402581483125687">
        <ele>420.57999999999998</ele>
      </trkpt>
      <trkpt lat="48.750931425020099" lon="11.402721544727683">
        <ele>419.18000000000001</ele>
      </trkpt>
      <trkpt lat="48.750892449170351" lon="11.402858337387443">
        <ele>421.19999999999999</ele>
      </trkpt>
      <trkpt lat="48.750848276540637" lon="11.402996638789773">
        <ele>419.68000000000001</ele>
      </trkpt>
      <trkpt lat="48.750787507742643" lon="11.403109626844525">
        <ele>421.44999999999999</ele>
      </trkpt>
      <trkpt lat="48.750729840248823" lon="11.40321590937674">
        <ele>423.72000000000003</ele>
      </trkpt>
      <trkpt lat="48.75066177919507" lon="11.403324203565717">
        <ele>426.44</ele>
      </trkpt>
      <trkpt lat="48.750573182478547" lon="11.403379691764712">
        <ele>425.82999999999998</ele>
      </trkpt>
      <trkpt lat="48.750493973493576" lon="11.403455212712288">
        <ele>426.92000000000002</ele>
      </trkpt>
      <trkpt lat="48.750426918268204" lon="11.40356183052063">
        <ele>425.89999999999998</ele>
      </trkpt>
      <trkpt lat="48.750349720939994" lon="11.403657719492912">
        <ele>421.88</ele>
      </trkpt>
      <trkpt lat="48.750287778675556" lon="11.403756877407432">
        <ele>421.33999999999997</ele>
      </trkpt>
      <trkpt lat="48.75018778257072" lon="11.403767438605428">
        <ele>423.24000000000001</ele>
      </trkpt>
      <trkpt lat="48.750092731788754" lon="11.403788980096579">
        <ele>424.25</ele>
      </trkpt>
      <trkpt lat="48.749999105930328" lon="11.403817310929298">
        <ele>422</ele>
      </trkpt>
      <trkpt lat="48.749903300777078" lon="11.403814041987062">
        <ele>419.04000000000002</ele>
      </trkpt>
      <trkpt lat="48.749810596928" lon="11.403776742517948">
        <ele>419.87</ele>
      </trkpt>
      <trkpt lat="48.749748403206468" lon="11.403889143839478">
        <ele>419.07999999999998</ele>
      </trkpt>
      <trkpt lat="48.749759299680591" lon="11.404035659506917">
        <ele>418.14999999999998</ele>
      </trkpt>
      <trkpt lat="48.749732812866569" lon="11.404184270650148">
        <ele>420.36000000000001</ele>
      </trkpt>
      <trkpt lat="48.749767765402794" lon="11.404316117987037">
        <ele>419.72000000000003</ele>
      </trkpt>
      <trkpt lat="48.749824175611138" lon="11.404422232881188">
        <ele>418.31</ele>
      </trkpt>
      <trkpt lat="48.749823337420821" lon="11.404566569253802">
        <ele>417.52999999999997</ele>
      </trkpt>
      <trkpt lat="48.749827360734344" lon="11.40470327809453">
        <ele>415.93000000000001</ele>
      </trkpt>
      <trkpt lat="48.749854434281588" lon="11.404841579496861">
        <ele>417.07999999999998</ele>
      </trkpt>
      <trkpt lat="48.749871449545026" lon="11.404982060194016">
        <ele>417.50999999999999</ele>
      </trkpt>
      <trkpt lat="48.749903049319983" lon="11.405112817883492">
        <ele>417.29000000000002</ele>
      </trkpt>
      <trkpt lat="48.749889889732003" lon="11.405253047123551">
        <ele>416.43000000000001</ele>
      </trkpt>
      <trkpt lat="48.749909084290266" lon="11.405396293848753">
        <ele>413.37</ele>
      </trkpt>
      <trkpt lat="48.74994789250195" lon="11.405530236661434">
        <ele>412.88999999999999</ele>
      </trkpt>
      <trkpt lat="48.749976977705956" lon="11.405676249414682">
        <ele>412.94999999999999</ele>
      </trkpt>
      <trkpt lat="48.749991394579411" lon="11.405822681263089">
        <ele>412.79000000000002</ele>
      </trkpt>
      <trkpt lat="48.750009667128325" lon="11.405971124768257">
        <ele>412.77999999999997</ele>
      </trkpt>
      <trkpt lat="48.750043194741011" lon="11.4061139523983">
        <ele>411.49000000000001</ele>
      </trkpt>
      <trkpt lat="48.750043278560042" lon="11.406257450580597">
        <ele>411</ele>
      </trkpt>
      <trkpt lat="48.750097509473562" lon="11.406383933499455">
        <ele>409.20999999999998</ele>
      </trkpt>
      <trkpt lat="48.750159619376063" lon="11.406487366184592">
        <ele>408.00999999999999</ele>
      </trkpt>
      <trkpt lat="48.75023178756237" lon="11.406596079468727">
        <ele>408.32999999999998</ele>
      </trkpt>
      <trkpt lat="48.750270595774055" lon="11.406738571822643">
        <ele>408.92000000000002</ele>
      </trkpt>
      <trkpt lat="48.750282749533653" lon="11.406881986185908">
        <ele>410.47000000000003</ele>
      </trkpt>
      <trkpt lat="48.750306637957692" lon="11.407018108293414">
        <ele>410.47000000000003</ele>
      </trkpt>
      <trkpt lat="48.750336477532983" lon="11.407164540141821">
        <ele>410.37</ele>
      </trkpt>
      <trkpt lat="48.750361874699593" lon="11.407305188477039">
        <ele>412.62</ele>
      </trkpt>
      <trkpt lat="48.750384757295251" lon="11.407447932288051">
        <ele>412.94999999999999</ele>
      </trkpt>
      <trkpt lat="48.750409567728639" lon="11.407588915899396">
        <ele>413.47000000000003</ele>
      </trkpt>
      <trkpt lat="48.750421134755015" lon="11.4077371917665">
        <ele>413.13999999999999</ele>
      </trkpt>
      <trkpt lat="48.750458853319287" lon="11.407867530360818">
        <ele>413.33999999999997</ele>
      </trkpt>
      <trkpt lat="48.750513000413775" lon="11.407992420718074">
        <ele>412.99000000000001</ele>
      </trkpt>
      <trkpt lat="48.750521801412106" lon="11.408136170357466">
        <ele>411.94</ele>
      </trkpt>
      <trkpt lat="48.750614672899246" lon="11.408193754032254">
        <ele>411.99000000000001</ele>
      </trkpt>
      <trkpt lat="48.750693965703249" lon="11.408264329656959">
        <ele>414.20999999999998</ele>
      </trkpt>
      <trkpt lat="48.750747861340642" lon="11.408377569168806">
        <ele>417.05000000000001</ele>
      </trkpt>
      <trkpt lat="48.750690361484885" lon="11.40849893912673">
        <ele>416.06</ele>
      </trkpt>
      <trkpt lat="48.750649709254503" lon="11.408626846969128">
        <ele>416.18000000000001</ele>
      </trkpt>
      <trkpt lat="48.750639315694571" lon="11.408769506961107">
        <ele>416.49000000000001</ele>
      </trkpt>
      <trkpt lat="48.75064074061811" lon="11.408909652382135">
        <ele>417.41000000000003</ele>
      </trkpt>
      <trkpt lat="48.750629341229796" lon="11.409046445041895">
        <ele>418.66000000000003</ele>
      </trkpt>
      <trkpt lat="48.750683236867189" lon="11.409156331792474">
        <ele>417.97000000000003</ele>
      </trkpt>
      <trkpt lat="48.750742245465517" lon="11.409261608496308">
        <ele>417.47000000000003</ele>
      </trkpt>
      <trkpt lat="48.750768480822444" lon="11.409396640956402">
        <ele>417.73000000000002</ele>
      </trkpt>
      <trkpt lat="48.750774431973696" lon="11.409546425566077">
        <ele>418.92000000000002</ele>
      </trkpt>
      <trkpt lat="48.750827321782708" lon="11.409659245982766">
        <ele>418.26999999999998</ele>
      </trkpt>
      <trkpt lat="48.750857077538967" lon="11.409798888489604">
        <ele>421.00999999999999</ele>
      </trkpt>
      <trkpt lat="48.750908374786377" lon="11.409913217648864">
        <ele>421.12</ele>
      </trkpt>
      <trkpt lat="48.750948691740632" lon="11.410043891519308">
        <ele>418.95999999999998</ele>
      </trkpt>
      <trkpt lat="48.750969562679529" lon="11.410179091617465">
        <ele>416.37</ele>
      </trkpt>
      <trkpt lat="48.751019854098558" lon="11.410310016945004">
        <ele>415.75</ele>
      </trkpt>
      <trkpt lat="48.751063775271177" lon="11.410447061061859">
        <ele>416.99000000000001</ele>
      </trkpt>
      <trkpt lat="48.751100488007069" lon="11.410573292523623">
        <ele>418.01999999999998</ele>
      </trkpt>
      <trkpt lat="48.7511230353266" lon="11.410707822069526">
        <ele>417.06</ele>
      </trkpt>
      <trkpt lat="48.751143990084529" lon="11.4108507335186">
        <ele>416.60000000000002</ele>
      </trkpt>
      <trkpt lat="48.751152036711574" lon="11.410992639139295">
        <ele>416.01999999999998</ele>
      </trkpt>
      <trkpt lat="48.751076096668839" lon="11.411086851730943">
        <ele>414.93000000000001</ele>
      </trkpt>
      <trkpt lat="48.750993618741632" lon="11.411150889471173">
        <ele>416.01999999999998</ele>
      </trkpt>
      <trkpt lat="48.750928491353989" lon="11.411255076527596">
        <ele>416.54000000000002</ele>
      </trkpt>
      <trkpt lat="48.750842828303576" lon="11.411303021013737">
        <ele>415.44999999999999</ele>
      </trkpt>
      <trkpt lat="48.750751717016101" lon="11.411351468414068">
        <ele>416.14999999999998</ele>
      </trkpt>
      <trkpt lat="48.750679632648826" lon="11.411437215283513">
        <ele>417.67000000000002</ele>
      </trkpt>
      <trkpt lat="48.750591119751334" lon="11.4115035161376">
        <ele>417.70999999999998</ele>
      </trkpt>
      <trkpt lat="48.750506211072206" lon="11.411577695980668">
        <ele>419</ele>
      </trkpt>
      <trkpt lat="48.750425074249506" lon="11.411657156422734">
        <ele>421.69</ele>
      </trkpt>
      <trkpt lat="48.750344440340996" lon="11.411748183891177">
        <ele>423.29000000000002</ele>
      </trkpt>
      <trkpt lat="48.750267075374722" lon="11.411823369562626">
        <ele>424.38</ele>
      </trkpt>
      <trkpt lat="48.750190464779735" lon="11.411902662366629">
        <ele>425.64999999999998</ele>
      </trkpt>
      <trkpt lat="48.75010815449059" lon="11.411978015676141">
        <ele>427.94</ele>
      </trkpt>
      <trkpt lat="48.75002115033567" lon="11.412037527188659">
        <ele>430.36000000000001</ele>
      </trkpt>
      <trkpt lat="48.749932553619146" lon="11.412097541615367">
        <ele>428.42000000000002</ele>
      </trkpt>
      <trkpt lat="48.749848650768399" lon="11.412198459729552">
        <ele>426.81999999999999</ele>
      </trkpt>
      <trkpt lat="48.749763239175081" lon="11.412256713956594">
        <ele>424.94</ele>
      </trkpt>
      <trkpt lat="48.749664584174752" lon="11.412301138043404">
        <ele>425.31999999999999</ele>
      </trkpt>
      <trkpt lat="48.749591493979096" lon="11.412395685911179">
        <ele>423.27999999999997</ele>
      </trkpt>
      <trkpt lat="48.749498957768083" lon="11.412465758621693">
        <ele>420.99000000000001</ele>
      </trkpt>
      <trkpt lat="48.749409019947052" lon="11.41252082772553">
        <ele>419.29000000000002</ele>
      </trkpt>
      <trkpt lat="48.749315645545721" lon="11.412588972598314">
        <ele>419.81</ele>
      </trkpt>
      <trkpt lat="48.749227216467261" lon="11.412635408341885">
        <ele>420.44</ele>
      </trkpt>
      <trkpt lat="48.749134764075279" lon="11.412607245147228">
        <ele>420.76999999999998</ele>
      </trkpt>
      <trkpt lat="48.749072654172778" lon="11.41272216103971">
        <ele>420.56</ele>
      </trkpt>
      <trkpt lat="48.749111797660589" lon="11.412868173792958">
        <ele>420.67000000000002</ele>
      </trkpt>
      <trkpt lat="48.749197544530034" lon="11.412959536537528">
        <ele>419.57999999999998</ele>
      </trkpt>
      <trkpt lat="48.749276166781783" lon="11.413050312548876">
        <ele>419.43000000000001</ele>
      </trkpt>
      <trkpt lat="48.749318663030863" lon="11.413171095773578">
        <ele>418.45999999999998</ele>
      </trkpt>
      <trkpt lat="48.749376246705651" lon="11.413288023322821">
        <ele>418.13999999999999</ele>
      </trkpt>
      <trkpt lat="48.749446319416165" lon="11.413394054397941">
        <ele>420.35000000000002</ele>
      </trkpt>
      <trkpt lat="48.749484624713659" lon="11.413527075201273">
        <ele>420.66000000000003</ele>
      </trkpt>
      <trkpt lat="48.749553859233856" lon="11.413644170388579">
        <ele>418.75999999999999</ele>
      </trkpt>
      <trkpt lat="48.749636420980096" lon="11.413744585588574">
        <ele>415.49000000000001</ele>
      </trkpt>
      <trkpt lat="48.74972409568727" lon="11.413830667734146">
        <ele>411.52999999999997</ele>
      </trkpt>
      <trkpt lat="48.749808166176081" lon="11.413917168974876">
        <ele>408.92000000000002</ele>
      </trkpt>
      <trkpt lat="48.749905731528997" lon="11.413951702415943">
        <ele>409.05000000000001</ele>
      </trkpt>
      <trkpt lat="48.749967170879245" lon="11.414059661328793">
        <ele>409.55000000000001</ele>
      </trkpt>
      <trkpt lat="48.750040344893932" lon="11.414165860041976">
        <ele>409.69</ele>
      </trkpt>
      <trkpt lat="48.750102873891592" lon="11.414266945794225">
        <ele>409.63999999999999</ele>
      </trkpt>
      <trkpt lat="48.750165402889252" lon="11.414373647421598">
        <ele>408.81999999999999</ele>
      </trkpt>
      <trkpt lat="48.750224830582738" lon="11.414496023207903">
        <ele>407.92000000000002</ele>
      </trkpt>
      <trkpt lat="48.750233128666878" lon="11.414633234962821">
        <ele>406.93000000000001</ele>
      </trkpt>
      <trkpt lat="48.750340668484569" lon="11.414710599929094">
        <ele>406.57999999999998</ele>
      </trkpt>
      <trkpt lat="48.750420548021793" lon="11.414777571335435">
        <ele>406.35000000000002</ele>
      </trkpt>
      <trkpt lat="48.750474862754345" lon="11.414915453642607">
        <ele>406.04000000000002</ele>
      </trkpt>
      <trkpt lat="48.750531440600753" lon="11.415035231038928">
        <ele>406.61000000000001</ele>
      </trkpt>
      <trkpt lat="48.750608889386058" lon="11.415113601833582">
        <ele>406.85000000000002</ele>
      </trkpt>
      <trkpt lat="48.750673597678542" lon="11.415226925164461">
        <ele>407.10000000000002</ele>
      </trkpt>
      <trkpt lat="48.750727828592062" lon="11.41534460708499">
        <ele>407.52999999999997</ele>
      </trkpt>
      <trkpt lat="48.750824220478535" lon="11.415404621511698">
        <ele>407.26999999999998</ele>
      </trkpt>
      <trkpt lat="48.750904267653823" lon="11.415481399744749">
        <ele>407.95999999999998</ele>
      </trkpt>
      <trkpt lat="48.7509676348418" lon="11.415608301758766">
        <ele>410.19</ele>
      </trkpt>
      <trkpt lat="48.75102044083178" lon="11.415734030306339">
        <ele>410.79000000000002</ele>
      </trkpt>
      <trkpt lat="48.751095961779356" lon="11.415822375565767">
        <ele>412.18000000000001</ele>
      </trkpt>
      <trkpt lat="48.75117240473628" lon="11.415912481024861">
        <ele>410.31999999999999</ele>
      </trkpt>
      <trkpt lat="48.75118019990623" lon="11.416067210957408">
        <ele>410.47000000000003</ele>
      </trkpt>
      <trkpt lat="48.751254798844457" lon="11.416170559823513">
        <ele>408.00999999999999</ele>
      </trkpt>
      <trkpt lat="48.751335265114903" lon="11.416247840970755">
        <ele>409.43000000000001</ele>
      </trkpt>
      <trkpt lat="48.751374743878841" lon="11.416379101574421">
        <ele>413.36000000000001</ele>
      </trkpt>
      <trkpt lat="48.751466777175665" lon="11.416487479582429">
        <ele>414.56</ele>
      </trkpt>
      <trkpt lat="48.751547578722239" lon="11.416564509272575">
        <ele>414.75999999999999</ele>
      </trkpt>
      <trkpt lat="48.751593511551619" lon="11.416682694107294">
        <ele>414.72000000000003</ele>
      </trkpt>
      <trkpt lat="48.751639695838094" lon="11.416810937225819">
        <ele>414.88999999999999</ele>
      </trkpt>
      <trkpt lat="48.751707840710878" lon="11.416934737935662">
        <ele>416.57999999999998</ele>
      </trkpt>
      <trkpt lat="48.751794761046767" lon="11.41699718311429">
        <ele>416.26999999999998</ele>
      </trkpt>
      <trkpt lat="48.751849830150604" lon="11.417115284129977">
        <ele>415.14999999999998</ele>
      </trkpt>
      <trkpt lat="48.751903306692839" lon="11.417224751785398">
        <ele>415.42000000000002</ele>
      </trkpt>
      <trkpt lat="48.751978660002351" lon="11.417308067902923">
        <ele>414.87</ele>
      </trkpt>
      <trkpt lat="48.751998357474804" lon="11.417451901361346">
        <ele>416.17000000000002</ele>
      </trkpt>
      <trkpt lat="48.752055438235402" lon="11.417569248005748">
        <ele>419.14999999999998</ele>
      </trkpt>
      <trkpt lat="48.752136742696166" lon="11.417648205533624">
        <ele>419.64999999999998</ele>
      </trkpt>
      <trkpt lat="48.75214621424675" lon="11.417787931859493">
        <ele>419.97000000000003</ele>
      </trkpt>
      <trkpt lat="48.752191560342908" lon="11.417918941006064">
        <ele>419.12</ele>
      </trkpt>
      <trkpt lat="48.752171946689487" lon="11.418065037578344">
        <ele>420.79000000000002</ele>
      </trkpt>
      <trkpt lat="48.752158954739571" lon="11.418199986219406">
        <ele>419.86000000000001</ele>
      </trkpt>
      <trkpt lat="48.752227770164609" lon="11.418303502723575">
        <ele>419.41000000000003</ele>
      </trkpt>
      <trkpt lat="48.752326676622033" lon="11.418390842154622">
        <ele>421.45999999999998</ele>
      </trkpt>
      <trkpt lat="48.752328269183636" lon="11.418549260124564">
        <ele>424.42000000000002</ele>
      </trkpt>
      <trkpt lat="48.752318881452084" lon="11.418695691972971">
        <ele>424.69</ele>
      </trkpt>
      <trkpt lat="48.752252832055092" lon="11.41880851238966">
        <ele>425.29000000000002</ele>
      </trkpt>
      <trkpt lat="48.752262052148581" lon="11.418953351676464">
        <ele>423.79000000000002</ele>
      </trkpt>
      <trkpt lat="48.75233631581068" lon="11.419030632823706">
        <ele>419.82999999999998</ele>
      </trkpt>
      <trkpt lat="48.752421224489808" lon="11.419093832373619">
        <ele>417.47000000000003</ele>
      </trkpt>
      <trkpt lat="48.752448968589306" lon="11.419227439910173">
        <ele>417.56</ele>
      </trkpt>
      <trkpt lat="48.752476712688804" lon="11.419364735484123">
        <ele>416.79000000000002</ele>
      </trkpt>
      <trkpt lat="48.752534799277782" lon="11.419475376605988">
        <ele>417.06999999999999</ele>
      </trkpt>
      <trkpt lat="48.752589700743556" lon="11.419588113203645">
        <ele>417.25</ele>
      </trkpt>
      <trkpt lat="48.752664299681783" lon="11.419669082388282">
        <ele>418.92000000000002</ele>
      </trkpt>
      <trkpt lat="48.752739736810327" lon="11.419760948047042">
        <ele>420.47000000000003</ele>
      </trkpt>
      <trkpt lat="48.752781059592962" lon="11.419885670766234">
        <ele>420.61000000000001</ele>
      </trkpt>
      <trkpt lat="48.752867141738534" lon="11.419945433735847">
        <ele>422.00999999999999</ele>
      </trkpt>
      <trkpt lat="48.75294853001833" lon="11.42001835629344">
        <ele>419.79000000000002</ele>
      </trkpt>
      <trkpt lat="48.75301499851048" lon="11.420113826170564">
        <ele>419.02999999999997</ele>
      </trkpt>
      <trkpt lat="48.753052381798625" lon="11.420250702649355">
        <ele>419.37</ele>
      </trkpt>
      <trkpt lat="48.753128657117486" lon="11.420338628813624">
        <ele>418.63999999999999</ele>
      </trkpt>
      <trkpt lat="48.753215577453375" lon="11.420463183894753">
        <ele>418.77999999999997</ele>
      </trkpt>
      <trkpt lat="48.753244243562222" lon="11.420597042888403">
        <ele>418.54000000000002</ele>
      </trkpt>
      <trkpt lat="48.753315322101116" lon="11.420696033164859">
        <ele>417.32999999999998</ele>
      </trkpt>
      <trkpt lat="48.753391094505787" lon="11.420784965157509">
        <ele>415.43000000000001</ele>
      </trkpt>
      <trkpt lat="48.753437362611294" lon="11.420916728675365">
        <ele>416.27999999999997</ele>
      </trkpt>
      <trkpt lat="48.753509698435664" lon="11.421028459444642">
        <ele>416.87</ele>
      </trkpt>
      <trkpt lat="48.753596367314458" lon="11.421090736985207">
        <ele>418.92000000000002</ele>
      </trkpt>
      <trkpt lat="48.753663590177894" lon="11.421199114993215">
        <ele>417.32999999999998</ele>
      </trkpt>
      <trkpt lat="48.753712540492415" lon="11.421314952895045">
        <ele>415.63999999999999</ele>
      </trkpt>
      <trkpt lat="48.753772135823965" lon="11.421436741948128">
        <ele>418.68000000000001</ele>
      </trkpt>
      <trkpt lat="48.753837011754513" lon="11.421549897640944">
        <ele>419.32999999999998</ele>
      </trkpt>
      <trkpt lat="48.753854194656014" lon="11.421686606481671">
        <ele>419.30000000000001</ele>
      </trkpt>
      <trkpt lat="48.75376651994884" lon="11.421775873750448">
        <ele>420.70999999999998</ele>
      </trkpt>
      <trkpt lat="48.753673648461699" lon="11.421794146299362">
        <ele>420.43000000000001</ele>
      </trkpt>
      <trkpt lat="48.753587733954191" lon="11.421856256201863">
        <ele>423.48000000000002</ele>
      </trkpt>
      <trkpt lat="48.753537610173225" lon="11.421993048861623">
        <ele>424.06</ele>
      </trkpt>
      <trkpt lat="48.753553871065378" lon="11.422132020816207">
        <ele>424.30000000000001</ele>
      </trkpt>
      <trkpt lat="48.753564683720469" lon="11.42228708602488">
        <ele>423.88</ele>
      </trkpt>
      <trkpt lat="48.753604916855693" lon="11.422415329143405">
        <ele>425.26999999999998</ele>
      </trkpt>
      <trkpt lat="48.753591170534492" lon="11.422551702708006">
        <ele>429.01999999999998</ele>
      </trkpt>
      <trkpt lat="48.75354808755219" lon="11.422686316072941">
        <ele>429.81999999999999</ele>
      </trkpt>
      <trkpt lat="48.753502322360873" lon="11.422806428745389">
        <ele>428.10000000000002</ele>
      </trkpt>
      <trkpt lat="48.753525456413627" lon="11.422947831451893">
        <ele>427.73000000000002</ele>
      </trkpt>
      <trkpt lat="48.753498382866383" lon="11.423095017671585">
        <ele>427.75</ele>
      </trkpt>
      <trkpt lat="48.753517661243677" lon="11.423236923292279">
        <ele>428.35000000000002</ele>
      </trkpt>
      <trkpt lat="48.753478014841676" lon="11.423366675153375">
        <ele>432.83999999999997</ele>
      </trkpt>
      <trkpt lat="48.753420934081078" lon="11.423493577167392">
        <ele>436.26999999999998</ele>
      </trkpt>
      <trkpt lat="48.753382293507457" lon="11.423631627112627">
        <ele>432.42000000000002</ele>
      </trkpt>
      <trkpt lat="48.753315154463053" lon="11.423750231042504">
        <ele>430.75</ele>
      </trkpt>
      <trkpt lat="48.753273077309132" lon="11.423877384513617">
        <ele>433.95999999999998</ele>
      </trkpt>
      <trkpt lat="48.753255726769567" lon="11.424013590440154">
        <ele>435.51999999999998</ele>
      </trkpt>
      <trkpt lat="48.753257235512137" lon="11.424151472747326">
        <ele>435.04000000000002</ele>
      </trkpt>
      <trkpt lat="48.75319579616189" lon="11.424257000908256">
        <ele>435.04000000000002</ele>
      </trkpt>
      <trkpt lat="48.753179032355547" lon="11.424392703920603">
        <ele>436.55000000000001</ele>
      </trkpt>
      <trkpt lat="48.753232089802623" lon="11.424531256780028">
        <ele>436.27999999999997</ele>
      </trkpt>
      <trkpt lat="48.753311382606626" lon="11.424627313390374">
        <ele>432.79000000000002</ele>
      </trkpt>
      <trkpt lat="48.753362344577909" lon="11.424740888178349">
        <ele>431.76999999999998</ele>
      </trkpt>
      <trkpt lat="48.753359159454703" lon="11.424886230379343">
        <ele>432.13</ele>
      </trkpt>
      <trkpt lat="48.753432333469391" lon="11.425002738833427">
        <ele>431.02999999999997</ele>
      </trkpt>
      <trkpt lat="48.753503663465381" lon="11.425128718838096">
        <ele>429.76999999999998</ele>
      </trkpt>
      <trkpt lat="48.753591505810618" lon="11.425158809870481">
        <ele>429.57999999999998</ele>
      </trkpt>
      <trkpt lat="48.75367222353816" lon="11.425237767398357">
        <ele>429.44</ele>
      </trkpt>
      <trkpt lat="48.753758976235986" lon="11.425340194255114">
        <ele>431.44</ele>
      </trkpt>
      <trkpt lat="48.753795856609941" lon="11.425475478172302">
        <ele>429.99000000000001</ele>
      </trkpt>
      <trkpt lat="48.75387598760426" lon="11.425587628036737">
        <ele>426.60000000000002</ele>
      </trkpt>
      <trkpt lat="48.753944300115108" lon="11.425705142319202">
        <ele>426.47000000000003</ele>
      </trkpt>
      <trkpt lat="48.753994926810265" lon="11.425822656601667">
        <ele>425.32999999999998</ele>
      </trkpt>
      <trkpt lat="48.754074051976204" lon="11.425910079851747">
        <ele>424.64999999999998</ele>
      </trkpt>
      <trkpt lat="48.754167091101408" lon="11.425977051258087">
        <ele>425.56</ele>
      </trkpt>
      <trkpt lat="48.754215622320771" lon="11.426106551662087">
        <ele>425.61000000000001</ele>
      </trkpt>
      <trkpt lat="48.754233224317431" lon="11.426243260502815">
        <ele>427.06</ele>
      </trkpt>
      <trkpt lat="48.754320060834289" lon="11.426313165575266">
        <ele>426.32999999999998</ele>
      </trkpt>
      <trkpt lat="48.754380075260997" lon="11.426428332924843">
        <ele>424.75</ele>
      </trkpt>
      <trkpt lat="48.754466827958822" lon="11.42650930210948">
        <ele>419.12</ele>
      </trkpt>
      <trkpt lat="48.754558861255646" lon="11.426547607406974">
        <ele>416.44999999999999</ele>
      </trkpt>
      <trkpt lat="48.754649553447962" lon="11.426591109484434">
        <ele>413.57999999999998</ele>
      </trkpt>
      <trkpt lat="48.754718033596873" lon="11.426683226600289">
        <ele>415.24000000000001</ele>
      </trkpt>
      <trkpt lat="48.754802104085684" lon="11.426732009276748">
        <ele>415.60000000000002</ele>
      </trkpt>
      <trkpt lat="48.7548893596977" lon="11.426767045632005">
        <ele>416.39999999999998</ele>
      </trkpt>
      <trkpt lat="48.754985416308045" lon="11.426832340657711">
        <ele>416.07999999999998</ele>
      </trkpt>
      <trkpt lat="48.7550965603441" lon="11.426869556307793">
        <ele>416.10000000000002</ele>
      </trkpt>
      <trkpt lat="48.755192030221224" lon="11.42693292349577">
        <ele>416.83999999999997</ele>
      </trkpt>
      <trkpt lat="48.755291188135743" lon="11.426995620131493">
        <ele>417.52999999999997</ele>
      </trkpt>
      <trkpt lat="48.755367882549763" lon="11.42709955573082">
        <ele>416.44</ele>
      </trkpt>
      <trkpt lat="48.755432423204184" lon="11.427209861576557">
        <ele>416.32999999999998</ele>
      </trkpt>
      <trkpt lat="48.755461173132062" lon="11.427353862673044">
        <ele>419.27999999999997</ele>
      </trkpt>
      <trkpt lat="48.755556140094995" lon="11.427388060837984">
        <ele>419.85000000000002</ele>
      </trkpt>
      <trkpt lat="48.75565898604691" lon="11.427408512681723">
        <ele>420.75</ele>
      </trkpt>
      <trkpt lat="48.755689160898328" lon="11.427540192380548">
        <ele>423.19</ele>
      </trkpt>
      <trkpt lat="48.755768286064267" lon="11.427629040554166">
        <ele>426.5</ele>
      </trkpt>
      <trkpt lat="48.755844729021192" lon="11.427734568715096">
        <ele>424.38999999999999</ele>
      </trkpt>
      <trkpt lat="48.755916561931372" lon="11.427838420495391">
        <ele>421.98000000000002</ele>
      </trkpt>
      <trkpt lat="48.755955286324024" lon="11.427964651957154">
        <ele>422.91000000000003</ele>
      </trkpt>
      <trkpt lat="48.756017815321684" lon="11.428067497909069">
        <ele>423.12</ele>
      </trkpt>
      <trkpt lat="48.756077662110329" lon="11.428174283355474">
        <ele>423.94999999999999</ele>
      </trkpt>
      <trkpt lat="48.756185453385115" lon="11.428177384659648">
        <ele>423.51999999999998</ele>
      </trkpt>
      <trkpt lat="48.756274888291955" lon="11.428274614736438">
        <ele>422.60000000000002</ele>
      </trkpt>
      <trkpt lat="48.756345128640532" lon="11.428359942510724">
        <ele>422.45999999999998</ele>
      </trkpt>
      <trkpt lat="48.75642173923552" lon="11.42844820395112">
        <ele>422.63</ele>
      </trkpt>
      <trkpt lat="48.756525255739689" lon="11.428394140675664">
        <ele>421.98000000000002</ele>
      </trkpt>
      <trkpt lat="48.756608739495277" lon="11.428334629163146">
        <ele>420.37</ele>
      </trkpt>
      <trkpt lat="48.756703371182084" lon="11.428276961669326">
        <ele>420.51999999999998</ele>
      </trkpt>
      <trkpt lat="48.756799260154366" lon="11.428280398249626">
        <ele>419.94</ele>
      </trkpt>
      <trkpt lat="48.756893137469888" lon="11.428225580602884">
        <ele>419.56999999999999</ele>
      </trkpt>
      <trkpt lat="48.756991205736995" lon="11.428279392421246">
        <ele>418.97000000000003</ele>
      </trkpt>
      <trkpt lat="48.757081730291247" lon="11.428296994417906">
        <ele>417.19999999999999</ele>
      </trkpt>
      <trkpt lat="48.757136715576053" lon="11.428446695208549">
        <ele>414.63</ele>
      </trkpt>
      <trkpt lat="48.757230676710606" lon="11.428493214771152">
        <ele>419.29000000000002</ele>
      </trkpt>
      <trkpt lat="48.757321871817112" lon="11.428552810102701">
        <ele>419.87</ele>
      </trkpt>
      <trkpt lat="48.757367972284555" lon="11.428682142868638">
        <ele>418.75999999999999</ele>
      </trkpt>
      <trkpt lat="48.757400661706924" lon="11.428826227784157">
        <ele>417.62</ele>
      </trkpt>
      <trkpt lat="48.757467214018106" lon="11.428933264687657">
        <ele>414.45999999999998</ele>
      </trkpt>
      <trkpt lat="48.757471321150661" lon="11.429084977135062">
        <ele>413.98000000000002</ele>
      </trkpt>
      <trkpt lat="48.757416922599077" lon="11.429203832522035">
        <ele>414.19999999999999</ele>
      </trkpt>
      <trkpt lat="48.757367134094238" lon="11.42927885055542">
        <ele>367.65625</ele>
      </trkpt>
      <trkpt lat="48.75758171081543" lon="11.429171562194824">
        <ele>367.4296875</ele>
      </trkpt>
      <trkpt lat="48.757646083831787" lon="11.429150104522705">
        <ele>367.3125</ele>
      </trkpt>
      <trkpt lat="48.757731914520264" lon="11.428956985473633">
        <ele>367.12890625</ele>
      </trkpt>
      <trkpt lat="48.757796287536621" lon="11.428849697113037">
        <ele>367.00390625</ele>
      </trkpt>
      <trkpt lat="48.757882118225098" lon="11.428806781768799">
        <ele>367.05078125</ele>
      </trkpt>
      <trkpt lat="48.757946491241455" lon="11.428806781768799">
        <ele>367.08984375</ele>
      </trkpt>
      <trkpt lat="48.758010864257813" lon="11.428828239440918">
        <ele>367.1484375</ele>
      </trkpt>
      <trkpt lat="48.758418560028076" lon="11.429085731506348">
        <ele>367.60546875</ele>
      </trkpt>
      <trkpt lat="48.758869171142578" lon="11.429429054260254">
        <ele>367.12890625</ele>
      </trkpt>
      <trkpt lat="48.759105205535889" lon="11.428699493408203">
        <ele>367.18359375</ele>
      </trkpt>
      <trkpt lat="48.759012836962938" lon="11.428604274988174">
        <ele>413.01999999999998</ele>
      </trkpt>
      <trkpt lat="48.759119706228375" lon="11.428529340773821">
        <ele>410.01999999999998</ele>
      </trkpt>
      <trkpt lat="48.759223474189639" lon="11.428491119295359">
        <ele>408.68000000000001</ele>
      </trkpt>
      <trkpt lat="48.759320117533207" lon="11.428491454571486">
        <ele>407.02999999999997</ele>
      </trkpt>
      <trkpt lat="48.759401254355907" lon="11.428560940548778">
        <ele>404.52999999999997</ele>
      </trkpt>
      <trkpt lat="48.759486917406321" lon="11.428609304130077">
        <ele>403.13999999999999</ele>
      </trkpt>
      <trkpt lat="48.759579956531525" lon="11.428661271929741">
        <ele>402.93000000000001</ele>
      </trkpt>
      <trkpt lat="48.759666793048382" lon="11.428702427074313">
        <ele>402.98000000000002</ele>
      </trkpt>
      <trkpt lat="48.759764023125172" lon="11.428756322711706">
        <ele>402.93000000000001</ele>
      </trkpt>
      <trkpt lat="48.759851446375251" lon="11.428791861981153">
        <ele>402.23000000000002</ele>
      </trkpt>
      <trkpt lat="48.759949849918485" lon="11.42884399741888">
        <ele>401.64999999999998</ele>
      </trkpt>
      <trkpt lat="48.760045235976577" lon="11.42898372374475">
        <ele>403.51999999999998</ele>
      </trkpt>
      <trkpt lat="48.760136850178242" lon="11.429067458957434">
        <ele>402.88999999999999</ele>
      </trkpt>
      <trkpt lat="48.760136850178242" lon="11.429224954918027"/>
      <trkpt lat="48.759880531579256" lon="11.430002795532346"/>
      <trkpt lat="48.759674169123173" lon="11.430566059425473"/>
      <trkpt lat="48.759609377011657" lon="11.430691201239824"/>
      <trkpt lat="48.759629996493459" lon="11.430785078555346"/>
      <trkpt lat="48.75983627513051" lon="11.430963948369026"/>
      <trkpt lat="48.759859828278422" lon="11.431773053482175"/>
      <trkpt lat="48.759968876838684" lon="11.433552280068398"/>
      <trkpt lat="48.76001606695354" lon="11.434397175908089"/>
      <trkpt lat="48.760060239583254" lon="11.434437409043312"/>
      <trkpt lat="48.760042553767562" lon="11.434973850846291"/>
      <trkpt lat="48.7600112054497" lon="11.4351477753371"/>
      <trkpt lat="48.759987652301788" lon="11.43535346724093"/>
      <trkpt lat="48.759981701150537" lon="11.435541221871972"/>
      <trkpt lat="48.759925710037351" lon="11.435742387548089"/>
      <trkpt lat="48.759831413626671" lon="11.435925615951419"/>
      <trkpt lat="48.76000827178359" lon="11.436193836852908"/>
      <trkpt lat="48.76011430285871" lon="11.436462057754397"/>
      <trkpt lat="48.760211616754532" lon="11.43685994669795"/>
      <trkpt lat="48.76037959009409" lon="11.436958266422153"/>
      <trkpt lat="48.760562231764197" lon="11.436998499557376"/>
      <trkpt lat="48.760727271437645" lon="11.436819713562727"/>
      <trkpt lat="48.760933550074697" lon="11.436569346114993"/>
      <trkpt lat="48.761133961379528" lon="11.436462057754397"/>
      <trkpt lat="48.761307802051306" lon="11.436471026390791"/>
      <trkpt lat="48.76144040375948" lon="11.436453172937036"/>
      <trkpt lat="48.761711558327079" lon="11.436560461297631"/>
      <trkpt lat="48.762085810303688" lon="11.436783922836185"/>
      <trkpt lat="48.762351013720036" lon="11.436882326379418"/>
      <trkpt lat="48.762592663988471" lon="11.436944855377078"/>
      <trkpt lat="48.762896172702312" lon="11.436882326379418"/>
      <trkpt lat="48.76307831145823" lon="11.436771517619491"/>
      <trkpt lat="48.76326397061348" lon="11.436619553714991"/>
      <trkpt lat="48.763352315872908" lon="11.436427272856236"/>
      <trkpt lat="48.763517355546355" lon="11.436641849577427"/>
      <trkpt lat="48.763626404106617" lon="11.436865394935012"/>
      <trkpt lat="48.763676444068551" lon="11.436990620568395"/>
      <trkpt lat="48.763708882033825" lon="11.437473334372044"/>
      <trkpt lat="48.763676444068551" lon="11.437763934955001"/>
      <trkpt lat="48.763688262552023" lon="11.438295934349298"/>
      <trkpt lat="48.763688262552023" lon="11.438805554062128"/>
      <trkpt lat="48.763655824586749" lon="11.439212327823043"/>
      <trkpt lat="48.763720532879233" lon="11.439255410805345"/>
      <trkpt lat="48.763763280585408" lon="11.439396226778626"/>
      <trkpt lat="48.763611484318972" lon="11.439546011388302"/>
      <trkpt lat="48.763652723282576" lon="11.439647683873773"/>
      <trkpt lat="48.763666050508618" lon="11.439759498462081"/>
      <trkpt lat="48.763661608099937" lon="11.440242296084762"/>
      <trkpt lat="48.763624811545014" lon="11.440557036548853"/>
      <trkpt lat="48.763567311689258" lon="11.440866580232978"/>
      <trkpt lat="48.763515762984753" lon="11.441115774214268"/>
      <trkpt lat="48.763415599241853" lon="11.441527074202895"/>
      <trkpt lat="48.763333791866899" lon="11.441808706149459"/>
      <trkpt lat="48.763305125758052" lon="11.441817674785852"/>
      <trkpt lat="48.763200519606471" lon="11.441539395600557"/>
      <trkpt lat="48.763130530714989" lon="11.441568396985531"/>
      <trkpt lat="48.763053165748715" lon="11.441664537414908"/>
      <trkpt lat="48.762930873781443" lon="11.441829912364483"/>
      <trkpt lat="48.762797685340047" lon="11.441975086927414"/>
      <trkpt lat="48.762704143300653" lon="11.442076759412885"/>
      <trkpt lat="48.762660641223192" lon="11.4421605784446"/>
      <trkpt lat="48.762567853555083" lon="11.442284630611539"/>
      <trkpt lat="48.762392923235893" lon="11.442439528182149"/>
      <trkpt lat="48.762186644598842" lon="11.442610519006848"/>
      <trkpt lat="48.762065023183823" lon="11.442715628072619"/>
      <trkpt lat="48.761886321008205" lon="11.442851247265935"/>
      <trkpt lat="48.761777356266975" lon="11.442894833162427"/>
      <trkpt lat="48.76163880340755" lon="11.442930623888969"/>
      <trkpt lat="48.761498238891363" lon="11.442968510091305"/>
      <trkpt lat="48.761438559740782" lon="11.443003211170435"/>
      <trkpt lat="48.761315513402224" lon="11.443189792335033"/>
      <trkpt lat="48.761193891987205" lon="11.443424820899963"/>
      <trkpt lat="48.761070175096393" lon="11.443576868623495"/>
      <trkpt lat="48.760885270312428" lon="11.443752301856875"/>
      <trkpt lat="48.760744538158178" lon="11.443890854716301"/>
      <trkpt lat="48.760650996118784" lon="11.443986995145679"/>
      <trkpt lat="48.760547060519457" lon="11.444124458357692"/>
      <trkpt lat="48.760448070243001" lon="11.444264184683561"/>
      <trkpt lat="48.760424768552184" lon="11.444339705631137"/>
      <trkpt lat="48.760430719703436" lon="11.444497285410762"/>
      <trkpt lat="48.76047195866704" lon="11.444680597633123"/>
      <trkpt lat="48.760478580370545" lon="11.444876147434115"/>
      <trkpt lat="48.760432144626975" lon="11.445124251767993"/>
      <trkpt lat="48.760336423292756" lon="11.445436058565974"/>
      <trkpt lat="48.760247239843011" lon="11.445694221183658"/>
      <trkpt lat="48.760211113840342" lon="11.445782566443086"/>
      <trkpt lat="48.760188315063715" lon="11.445934530347586"/>
      <trkpt lat="48.760160990059376" lon="11.446153549477458"/>
      <trkpt lat="48.760130815207958" lon="11.446267543360591"/>
      <trkpt lat="48.759921938180923" lon="11.446745563298464"/>
      <trkpt lat="48.759765783324838" lon="11.447155689820647"/>
      <trkpt lat="48.759698728099465" lon="11.447361381724477"/>
      <trkpt lat="48.759653801098466" lon="11.447466406971216"/>
      <trkpt lat="48.75955724157393" lon="11.447586016729474"/>
      <trkpt lat="48.759480630978942" lon="11.447684336453676"/>
      <trkpt lat="48.759304527193308" lon="11.44784526899457"/>
      <trkpt lat="48.75913362018764" lon="11.447992790490389"/>
      <trkpt lat="48.759073773398995" lon="11.448044339194894"/>
      <trkpt lat="48.75901778228581" lon="11.448129331693053"/>
      <trkpt lat="48.758971346542239" lon="11.448282385244966"/>
      <trkpt lat="48.758924910798669" lon="11.448467960581183"/>
      <trkpt lat="48.758866740390658" lon="11.448694774881005"/>
      <trkpt lat="48.758844612166286" lon="11.448885882273316"/>
      <trkpt lat="48.75884679146111" lon="11.449201041832566"/>
      <trkpt lat="48.758854167535901" lon="11.449771011248231"/>
      <trkpt lat="48.758840169757605" lon="11.450089523568749"/>
      <trkpt lat="48.758824663236737" lon="11.450368138030171"/>
      <trkpt lat="48.758820975199342" lon="11.450653122738004"/>
      <trkpt lat="48.758854335173965" lon="11.45097984932363"/>
      <trkpt lat="48.758857939392328" lon="11.451310683041811"/>
      <trkpt lat="48.758852072060108" lon="11.451559877023101"/>
      <trkpt lat="48.758843941614032" lon="11.451723072677851"/>
      <trkpt lat="48.758816029876471" lon="11.451869504526258"/>
      <trkpt lat="48.758758194744587" lon="11.452002609148622"/>
      <trkpt lat="48.758662473410368" lon="11.452146777883172"/>
      <trkpt lat="48.758511431515217" lon="11.452249623835087"/>
      <trkpt lat="48.758403807878494" lon="11.452298825606704"/>
      <trkpt lat="48.758236337453127" lon="11.452365797013044"/>
      <trkpt lat="48.758049169555306" lon="11.452455148100853"/>
      <trkpt lat="48.757854122668505" lon="11.452539889141917"/>
      <trkpt lat="48.757759826257825" lon="11.452586827799678"/>
      <trkpt lat="48.757711965590715" lon="11.452628150582314"/>
      <trkpt lat="48.757639043033123" lon="11.45273988135159"/>
      <trkpt lat="48.757543992251158" lon="11.452979100868106"/>
      <trkpt lat="48.757450450211763" lon="11.453193677589297"/>
      <trkpt lat="48.757364200428128" lon="11.453410433605313"/>
      <trkpt lat="48.75728465616703" lon="11.453650742769241"/>
      <trkpt lat="48.757196227088571" lon="11.453978223726153"/>
      <trkpt lat="48.757112240418792" lon="11.45427661947906"/>
      <trkpt lat="48.757072426378727" lon="11.454409556463361"/>
      <trkpt lat="48.757009813562036" lon="11.454692361876369"/>
      <trkpt lat="48.756893388926983" lon="11.455054460093379"/>
      <trkpt lat="48.756843348965049" lon="11.455228803679347"/>
      <trkpt lat="48.756792470812798" lon="11.455466849729419"/>
      <trkpt lat="48.756778473034501" lon="11.455575227737427"/>
      <trkpt lat="48.756764475256205" lon="11.455708248540759"/>
      <trkpt lat="48.756738658994436" lon="11.455842358991504"/>
      <trkpt lat="48.75676229596138" lon="11.455944031476974"/>
      <trkpt lat="48.756818287074566" lon="11.456015529111028"/>
      <trkpt lat="48.756943512707949" lon="11.456014439463615"/>
      <trkpt lat="48.757017944008112" lon="11.456021144986153"/>
      <trkpt lat="48.757030433043838" lon="11.456150813028216"/>
      <trkpt lat="48.756928760558367" lon="11.45623940974474"/>
      <trkpt lat="48.756842594593763" lon="11.456334460526705"/>
      <trkpt lat="48.756785094738007" lon="11.456432780250907"/>
      <trkpt lat="48.756739413365722" lon="11.456569153815508"/>
      <trkpt lat="48.756696665659547" lon="11.456724470481277"/>
      <trkpt lat="48.756678979843855" lon="11.456779204308987"/>
      <trkpt lat="48.756616367027164" lon="11.456760261207819"/>
      <trkpt lat="48.756628185510635" lon="11.456678621470928"/>
      <trkpt lat="48.756593568250537" lon="11.45686193369329"/>
      <trkpt lat="48.756433892995119" lon="11.456869058310986"/>
      <trkpt lat="48.756315959617496" lon="11.456869058310986"/>
      <trkpt lat="48.756195176392794" lon="11.456836620345712"/>
      <trkpt lat="48.756063999608159" lon="11.456762859597802"/>
      <trkpt lat="48.755943467840552" lon="11.456688512116671"/>
      <trkpt lat="48.755848417058587" lon="11.456703012809157"/>
      <trkpt lat="48.755743056535721" lon="11.456735450774431"/>
      <trkpt lat="48.755705505609512" lon="11.456834943965077"/>
      <trkpt lat="48.755670050159097" lon="11.4576764870435"/>
      <trkpt lat="48.755665691569448" lon="11.457782685756683"/>
      <trkpt lat="48.755614813417196" lon="11.458058701828122"/>
      <trkpt lat="48.755535939708352" lon="11.458247629925609"/>
      <trkpt lat="48.755381964147091" lon="11.458490118384361"/>
      <trkpt lat="48.755437955260277" lon="11.458630934357643"/>
      <trkpt lat="48.755479278042912" lon="11.458759428933263"/>
      <trkpt lat="48.755487324669957" lon="11.458833189681172"/>
      <trkpt lat="48.755477014929056" lon="11.45890586078167"/>
      <trkpt lat="48.755386490374804" lon="11.459008455276489"/>
      <trkpt lat="48.755315747112036" lon="11.459142565727234"/>
      <trkpt lat="48.755166884511709" lon="11.459585130214691"/>
      <trkpt lat="48.755010729655623" lon="11.460012104362249"/>
      <trkpt lat="48.754901681095362" lon="11.460083601996303"/>
      <trkpt lat="48.754771929234266" lon="11.46013280376792"/>
      <trkpt lat="48.754552407190204" lon="11.460072454065084"/>
      <trkpt lat="48.754350319504738" lon="11.45998721010983"/>
      <trkpt lat="48.754220651462674" lon="11.459953682497144"/>
      <trkpt lat="48.754055611789227" lon="11.459993915632367"/>
      <trkpt lat="48.753827204927802" lon="11.460105730220675"/>
      <trkpt lat="48.75362821854651" lon="11.460333717986941"/>
      <trkpt lat="48.753514559939504" lon="11.460464224219322"/>
      <trkpt lat="48.753399644047022" lon="11.460859850049019"/>
      <trkpt lat="48.753234604373574" lon="11.461496874690056"/>
      <trkpt lat="48.753112312406301" lon="11.461948407813907"/>
      <trkpt lat="48.752978201955557" lon="11.462268345057964"/>
      <trkpt lat="48.752758679911494" lon="11.462605884298682"/>
      <trkpt lat="48.752661366015673" lon="11.462889779359102"/>
      <trkpt lat="48.7525390740484" lon="11.46333234384656"/>
      <trkpt lat="48.752332543954253" lon="11.463895859196782"/>
      <trkpt lat="48.752193991094828" lon="11.464199870824814"/>
      <trkpt lat="48.752059880644083" lon="11.464392067864537"/>
      <trkpt lat="48.751853518188" lon="11.464566411450505"/>
      <trkpt lat="48.751691998913884" lon="11.46468635648489"/>
      <trkpt lat="48.75155788846314" lon="11.464755591005087"/>
      <trkpt lat="48.751403158530593" lon="11.464936640113592"/>
      <trkpt lat="48.751136446371675" lon="11.465140068903565"/>
      <trkpt lat="48.750956151634455" lon="11.465326901525259"/>
      <trkpt lat="48.75072774477303" lon="11.465561594814062"/>
      <trkpt lat="48.750575948506594" lon="11.465780613943934"/>
      <trkpt lat="48.75045214779675" lon="11.465968368574977"/>
      <trkpt lat="48.75030362047255" lon="11.466101473197341"/>
      <trkpt lat="48.750178311020136" lon="11.466298196464777"/>
      <trkpt lat="48.750023581087589" lon="11.466649062931538"/>
      <trkpt lat="48.749855607748032" lon="11.467205621302128"/>
      <trkpt lat="48.749793665483594" lon="11.467520780861378"/>
      <trkpt lat="48.749770112335682" lon="11.467979019507766"/>
      <trkpt lat="48.749790731817484" lon="11.4682293869555"/>
      <trkpt lat="48.74984965659678" lon="11.468421583995223"/>
      <trkpt lat="48.749958788976073" lon="11.468526609241962"/>
      <trkpt lat="48.750084014609456" lon="11.468707658350468"/>
      <trkpt lat="48.750156266614795" lon="11.468971436843276"/>
      <trkpt lat="48.750159200280905" lon="11.469264216721058"/>
      <trkpt lat="48.750103209167719" lon="11.469601755961776"/>
      <trkpt lat="48.75012231990695" lon="11.469876682385802"/>
      <trkpt lat="48.750166576355696" lon="11.470144903287292"/>
      <trkpt lat="48.750188034027815" lon="11.47027482278645"/>
      <trkpt lat="48.750207144767046" lon="11.470525190234184"/>
      <trkpt lat="48.750267578288913" lon="11.470733061432838"/>
      <trkpt lat="48.750348631292582" lon="11.471028020605445"/>
      <trkpt lat="48.75042381696403" lon="11.471345443278551"/>
      <trkpt lat="48.750490117818117" lon="11.471618190407753"/>
      <trkpt lat="48.750532865524292" lon="11.471937792375684"/>
      <trkpt lat="48.750582989305258" lon="11.472080871462822"/>
      <trkpt lat="48.750658091157675" lon="11.472199307754636"/>
      <trkpt lat="48.750845259055495" lon="11.472282037138939"/>
      <trkpt lat="48.751120856031775" lon="11.472355797886848"/>
      <trkpt lat="48.751300647854805" lon="11.472277510911226"/>
      <trkpt lat="48.751424448564649" lon="11.472190339118242"/>
      <trkpt lat="48.751695603132248" lon="11.472100988030434"/>
      <trkpt lat="48.751806160435081" lon="11.47212328389287"/>
      <trkpt lat="48.752136239781976" lon="11.472384799271822"/>
      <trkpt lat="48.752400018274784" lon="11.472621755674481"/>
      <trkpt lat="48.752669747918844" lon="11.472726780921221"/>
      <trkpt lat="48.752948278561234" lon="11.472724601626396"/>
      <trkpt lat="48.75327542424202" lon="11.47255914285779"/>
      <trkpt lat="48.753589326515794" lon="11.472471971064806"/>
      <trkpt lat="48.753850171342492" lon="11.472543468698859"/>
      <trkpt lat="48.754069693386555" lon="11.472695516422391"/>
      <trkpt lat="48.754273038357496" lon="11.472854185849428"/>
      <trkpt lat="48.754441095516086" lon="11.472885450348258"/>
      <trkpt lat="48.754569254815578" lon="11.472787130624056"/>
      <trkpt lat="48.754632622003555" lon="11.472467528656125"/>
      <trkpt lat="48.754656175151467" lon="11.472295448184013"/>
      <trkpt lat="48.754738736897707" lon="11.472054049372673"/>
      <trkpt lat="48.754827165976167" lon="11.471788007766008"/>
      <trkpt lat="48.754872847348452" lon="11.47157795727253"/>
      <trkpt lat="48.754881648346782" lon="11.471356591209769"/>
      <trkpt lat="48.754927329719067" lon="11.47053181193769"/>
      <trkpt lat="48.754933280870318" lon="11.470073657110333"/>
      <trkpt lat="48.754676878452301" lon="11.47010718472302"/>
      <trkpt lat="48.754237666726112" lon="11.470151860266924"/>
      <trkpt lat="48.754078075289726" lon="11.470198631286621"/>
      <trkpt lat="48.753980761393905" lon="11.470207599923015"/>
      <trkpt lat="48.753877663984895" lon="11.470187483355403"/>
      <trkpt lat="48.753733243793249" lon="11.470207599923015"/>
      <trkpt lat="48.753632996231318" lon="11.47014725022018"/>
      <trkpt lat="48.753495952114463" lon="11.470019845291972"/>
      <trkpt lat="48.753366284072399" lon="11.469937115907669"/>
      <trkpt lat="48.753171488642693" lon="11.469830833375454"/>
      <trkpt lat="48.752940148115158" lon="11.469703428447247"/>
      <trkpt lat="48.752739736810327" lon="11.469582729041576"/>
      <trkpt lat="48.752574697136879" lon="11.469488851726055"/>
      <trkpt lat="48.752627419307828" lon="11.46906640380621"/>
      <trkpt lat="48.752633286640048" lon="11.468664072453976"/>
      <trkpt lat="48.752509569749236" lon="11.468190243467689"/>
      <trkpt lat="48.752344446256757" lon="11.467953287065029"/>
      <trkpt lat="48.752303207293153" lon="11.46777450107038"/>
      <trkpt lat="48.752379817888141" lon="11.467577777802944"/>
      <trkpt lat="48.75254787504673" lon="11.467345347627997"/>
      <trkpt lat="48.752810144796968" lon="11.467081569135189"/>
      <trkpt lat="48.752945763990283" lon="11.466737324371934"/>
      <trkpt lat="48.753013489767909" lon="11.466339519247413"/>
      <trkpt lat="48.753025308251381" lon="11.465977421030402"/>
      <trkpt lat="48.753019440919161" lon="11.465436452999711"/>
      <trkpt lat="48.753060679882765" lon="11.465168232098222"/>
      <trkpt lat="48.753228653222322" lon="11.464636316522956"/>
      <trkpt lat="48.753517493605614" lon="11.464135581627488"/>
      <trkpt lat="48.753635426983237" lon="11.463867360725999"/>
      <trkpt lat="48.753697285428643" lon="11.463608108460903"/>
      <trkpt lat="48.753717904910445" lon="11.463187923654914"/>
      <trkpt lat="48.753770962357521" lon="11.462861532345414"/>
      <trkpt lat="48.753850590437651" lon="11.462740832939744"/>
      <trkpt lat="48.75394488684833" lon="11.462709568440914"/>
      <trkpt lat="48.754504881799221" lon="11.462892880663276"/>
      <trkpt lat="48.754805456846952" lon="11.463013580068946"/>
      <trkpt lat="48.755076611414552" lon="11.462941998615861"/>
      <trkpt lat="48.755365451797843" lon="11.46272742189467"/>
      <trkpt lat="48.755433261394501" lon="11.461122622713447"/>
      <trkpt lat="48.755489252507687" lon="11.45984404720366"/>
      <trkpt lat="48.755524540320039" lon="11.458896389231086"/>
      <trkpt lat="48.755512805655599" lon="11.458619199693203"/>
      <trkpt lat="48.755439128726721" lon="11.458449298515916"/>
      <trkpt lat="48.75562478788197" lon="11.458105137571692"/>
      <trkpt lat="48.755674911662936" lon="11.457814536988735"/>
      <trkpt lat="48.75571028329432" lon="11.456983052194118"/>
      <trkpt lat="48.755736770108342" lon="11.456795297563076"/>
      <trkpt lat="48.755860570818186" lon="11.456723799929023"/>
      <trkpt lat="48.755954867228866" lon="11.456670155748725"/>
      <trkpt lat="48.756184782832861" lon="11.456853384152055"/>
      <trkpt lat="48.756800685077906" lon="11.456907028332353"/>
      <trkpt lat="48.75740485265851" lon="11.457023285329342"/>
      <trkpt lat="48.758224099874496" lon="11.457224451005459"/>
      <trkpt lat="48.758504139259458" lon="11.457304917275906"/>
      <trkpt lat="48.758704466745257" lon="11.457340708002448"/>
      <trkpt lat="48.758837068453431" lon="11.457291506230831"/>
      <trkpt lat="48.758981488645077" lon="11.457331739366055"/>
      <trkpt lat="48.7590994220227" lon="11.457421174272895"/>
      <trkpt lat="48.759541399776936" lon="11.457550758495927"/>
      <trkpt lat="48.76042552292347" lon="11.457769861444831"/>
      <trkpt lat="48.761062044650316" lon="11.457903971895576"/>
      <trkpt lat="48.761156341060996" lon="11.457886034622788"/>
      <trkpt lat="48.761256504803896" lon="11.457371972501278"/>
      <trkpt lat="48.761318447068334" lon="11.456915996968746"/>
      <trkpt lat="48.761445097625256" lon="11.456290120258927"/>
      <trkpt lat="48.761517936363816" lon="11.455984432250261"/>
      <trkpt lat="48.761709546670318" lon="11.4554971922189"/>
      <trkpt lat="48.762069046497345" lon="11.454696971923113"/>
      <trkpt lat="48.762198714539409" lon="11.454334873706102"/>
      <trkpt lat="48.762375488877296" lon="11.453986186534166"/>
      <trkpt lat="48.762531643733382" lon="11.45366876386106"/>
      <trkpt lat="48.762752674520016" lon="11.45291774533689"/>
      <trkpt lat="48.762958953157067" lon="11.451885094866157"/>
      <trkpt lat="48.763062050566077" lon="11.451075989753008"/>
      <trkpt lat="48.763126926496625" lon="11.449962873011827"/>
      <trkpt lat="48.763132793828845" lon="11.448760321363807"/>
      <trkpt lat="48.763113850727677" lon="11.447987677529454"/>
      <trkpt lat="48.763093231245875" lon="11.447066841647029"/>
      <trkpt lat="48.763057859614491" lon="11.446038633584976"/>
      <trkpt lat="48.76304310746491" lon="11.445511160418391"/>
      <trkpt lat="48.763078479096293" lon="11.445005983114243"/>
      <trkpt lat="48.763175709173083" lon="11.443919688463211"/>
      <trkpt lat="48.763261204585433" lon="11.442976389080286"/>
      <trkpt lat="48.763314178213477" lon="11.442547319456935"/>
      <trkpt lat="48.763458598405123" lon="11.441970560699701"/>
      <trkpt lat="48.763664877042174" lon="11.441197246313095"/>
      <trkpt lat="48.763797478750348" lon="11.44058033823967"/>
      <trkpt lat="48.763838717713952" lon="11.439659418538213"/>
      <trkpt lat="48.763829916715622" lon="11.439073858782649"/>
      <trkpt lat="48.763835784047842" lon="11.438193172216415"/>
      <trkpt lat="48.763829916715622" lon="11.437464449554682"/>
      <trkpt lat="48.763800412416458" lon="11.437035379931331"/>
      <trkpt lat="48.763747354969382" lon="11.436744779348373"/>
      <trkpt lat="48.763605952262878" lon="11.435890914872289"/>
      <trkpt lat="48.763496903702617" lon="11.435211477801204"/>
      <trkpt lat="48.763396739959717" lon="11.434697331860662"/>
      <trkpt lat="48.763193394988775" lon="11.434022337198257"/>
      <trkpt lat="48.763010669499636" lon="11.433508191257715"/>
      <trkpt lat="48.762904638424516" lon="11.433213148266077"/>
      <trkpt lat="48.76275435090065" lon="11.4331014174968"/>
      <trkpt lat="48.762624682858586" lon="11.432945011183619"/>
      <trkpt lat="48.762524519115686" lon="11.432757256552577"/>
      <trkpt lat="48.762581348419189" lon="11.432690620422363">
        <ele>365.94140625</ele>
      </trkpt>
      <trkpt lat="48.763439655303955" lon="11.431703567504883">
        <ele>365.93359375</ele>
      </trkpt>
      <trkpt lat="48.763439655303955" lon="11.431703567504883">
        <ele>365.93359375</ele>
      </trkpt>
      <trkpt lat="48.763401433825493" lon="11.43166484311223">
        <ele>411.14999999999998</ele>
      </trkpt>
      <trkpt lat="48.763341503217816" lon="11.431542299687862">
        <ele>411.38</ele>
      </trkpt>
      <trkpt lat="48.763298504054546" lon="11.431404752656817">
        <ele>414.64999999999998</ele>
      </trkpt>
      <trkpt lat="48.763239160180092" lon="11.431301152333617">
        <ele>410.64999999999998</ele>
      </trkpt>
      <trkpt lat="48.763226084411144" lon="11.431160252541304">
        <ele>409.69</ele>
      </trkpt>
      <trkpt lat="48.763141259551048" lon="11.431079618632793">
        <ele>408.00999999999999</ele>
      </trkpt>
      <trkpt lat="48.763124160468578" lon="11.430934695526958">
        <ele>406.83999999999997</ele>
      </trkpt>
      <trkpt lat="48.763129860162735" lon="11.430990686640143"/>
      <trkpt lat="48.763158610090613" lon="11.430998314172029">
        <ele>409.50999999999999</ele>
      </trkpt>
      <trkpt lat="48.763154419139028" lon="11.430946597829461">
        <ele>410.73000000000002</ele>
      </trkpt>
      <trkpt lat="48.76306758262217" lon="11.430899491533637">
        <ele>410.50999999999999</ele>
      </trkpt>
      <trkpt lat="48.763034474104643" lon="11.430771667510271">
        <ele>411.54000000000002</ele>
      </trkpt>
      <trkpt lat="48.763010501861572" lon="11.430620206519961">
        <ele>411.47000000000003</ele>
      </trkpt>
      <trkpt lat="48.76295811496675" lon="11.430495148524642">
        <ele>410.17000000000002</ele>
      </trkpt>
      <trkpt lat="48.762894412502646" lon="11.43039339222014">
        <ele>411.17000000000002</ele>
      </trkpt>
      <trkpt lat="48.762824675068259" lon="11.430291887372732">
        <ele>409.94</ele>
      </trkpt>
      <trkpt lat="48.762757955119014" lon="11.430175881832838">
        <ele>408.64999999999998</ele>
      </trkpt>
      <trkpt lat="48.762692408636212" lon="11.430066665634513">
        <ele>408.29000000000002</ele>
      </trkpt>
      <trkpt lat="48.76266298815608" lon="11.429934147745371">
        <ele>405.56999999999999</ele>
      </trkpt>
      <trkpt lat="48.762609008699656" lon="11.429818561300635">
        <ele>406.75999999999999</ele>
      </trkpt>
      <trkpt lat="48.762521417811513" lon="11.429745806381106">
        <ele>408.64999999999998</ele>
      </trkpt>
      <trkpt lat="48.762450506910682" lon="11.429644050076604">
        <ele>411.25</ele>
      </trkpt>
      <trkpt lat="48.762384708970785" lon="11.42954908311367">
        <ele>410.76999999999998</ele>
      </trkpt>
      <trkpt lat="48.76262485049665" lon="11.429157396778464">
        <ele>411.88</ele>
      </trkpt>
      <trkpt lat="48.762624766677618" lon="11.429003421217203">
        <ele>400.02999999999997</ele>
      </trkpt>
      <trkpt lat="48.762572295963764" lon="11.42887425608933">
        <ele>408.45999999999998</ele>
      </trkpt>
      <trkpt lat="48.762582521885633" lon="11.428726818412542">
        <ele>410.13999999999999</ele>
      </trkpt>
      <trkpt lat="48.762554777786136" lon="11.428592288866639">
        <ele>412.20999999999998</ele>
      </trkpt>
      <trkpt lat="48.762575481086969" lon="11.428445857018232">
        <ele>410.91000000000003</ele>
      </trkpt>
      <trkpt lat="48.762590819969773" lon="11.428300179541111">
        <ele>411.66000000000003</ele>
      </trkpt>
      <trkpt lat="48.762650331482291" lon="11.428186353296041">
        <ele>409.69999999999999</ele>
      </trkpt>
      <trkpt lat="48.762692660093307" lon="11.42805827781558">
        <ele>413.76999999999998</ele>
      </trkpt>
      <trkpt lat="48.762786956503987" lon="11.428052829578519">
        <ele>414.73000000000002</ele>
      </trkpt>
      <trkpt lat="48.762890053912997" lon="11.428053583949804">
        <ele>410.88999999999999</ele>
      </trkpt>
      <trkpt lat="48.76298694871366" lon="11.428091302514076">
        <ele>405.97000000000003</ele>
      </trkpt>
      <trkpt lat="48.76307881437242" lon="11.428141761571169">
        <ele>405.55000000000001</ele>
      </trkpt>
      <trkpt lat="48.763173026964068" lon="11.428124159574509">
        <ele>403.30000000000001</ele>
      </trkpt>
      <trkpt lat="48.763267155736685" lon="11.428084261715412">
        <ele>401.80000000000001</ele>
      </trkpt>
      <trkpt lat="48.76335927285254" lon="11.428112089633942">
        <ele>402.43000000000001</ele>
      </trkpt>
      <trkpt lat="48.763433704152703" lon="11.428199177607894">
        <ele>406.11000000000001</ele>
      </trkpt>
      <trkpt lat="48.763512913137674" lon="11.428277045488358">
        <ele>409.35000000000002</ele>
      </trkpt>
      <trkpt lat="48.763584159314632" lon="11.428376035764813">
        <ele>409.98000000000002</ele>
      </trkpt>
      <trkpt lat="48.763679880648851" lon="11.42837930470705">
        <ele>410.17000000000002</ele>
      </trkpt>
      <trkpt lat="48.763741487637162" lon="11.428496902808547">
        <ele>411.18000000000001</ele>
      </trkpt>
      <trkpt lat="48.763810135424137" lon="11.428590612486005">
        <ele>412.67000000000002</ele>
      </trkpt>
      <trkpt lat="48.763869814574718" lon="11.428672252222896"/>
      <trkpt lat="48.763879286125302" lon="11.428699493408203">
        <ele>419.73000000000002</ele>
      </trkpt>
      <trkpt lat="48.76391239464283" lon="11.428833268582821">
        <ele>421.33999999999997</ele>
      </trkpt>
      <trkpt lat="48.763949610292912" lon="11.428971569985151">
        <ele>419.94999999999999</ele>
      </trkpt>
      <trkpt lat="48.763968637213111" lon="11.429124372079968">
        <ele>421.19</ele>
      </trkpt>
      <trkpt lat="48.764033345505595" lon="11.429236773401499">
        <ele>421.5</ele>
      </trkpt>
      <trkpt lat="48.764212466776371" lon="11.429125042632222">
        <ele>422.88999999999999</ele>
      </trkpt>
      <trkpt lat="48.764271140098572" lon="11.429249178618193">
        <ele>423.70999999999998</ele>
      </trkpt>
      <trkpt lat="48.764328639954329" lon="11.429363591596484">
        <ele>423.52999999999997</ele>
      </trkpt>
      <trkpt lat="48.764331573620439" lon="11.429514465853572">
        <ele>424.43000000000001</ele>
      </trkpt>
      <trkpt lat="48.764426037669182" lon="11.429590741172433">
        <ele>424.81999999999999</ele>
      </trkpt>
      <trkpt lat="48.764493176713586" lon="11.429694509133697">
        <ele>425.95999999999998</ele>
      </trkpt>
      <trkpt lat="48.764556376263499" lon="11.429804647341371">
        <ele>426.31</ele>
      </trkpt>
      <trkpt lat="48.764648577198386" lon="11.429808419197798">
        <ele>425.56</ele>
      </trkpt>
      <trkpt lat="48.764745471999049" lon="11.429835157468915">
        <ele>426.45999999999998</ele>
      </trkpt>
      <trkpt lat="48.764759553596377" lon="11.429970525205135">
        <ele>424.44</ele>
      </trkpt>
      <trkpt lat="48.764800038188696" lon="11.430103294551373">
        <ele>424.81</ele>
      </trkpt>
      <trkpt lat="48.764863908290863" lon="11.430219803005457">
        <ele>423.38</ele>
      </trkpt>
      <trkpt lat="48.764901626855135" lon="11.430355003103614">
        <ele>422.83999999999997</ele>
      </trkpt>
      <trkpt lat="48.764978908002377" lon="11.430427338927984">
        <ele>421.25</ele>
      </trkpt>
      <trkpt lat="48.765041185542941" lon="11.430536052212119">
        <ele>421.51999999999998</ele>
      </trkpt>
      <trkpt lat="48.765050824731588" lon="11.430682651698589">
        <ele>423.07999999999998</ele>
      </trkpt>
      <trkpt lat="48.765120059251785" lon="11.430789604783058">
        <ele>422.27999999999997</ele>
      </trkpt>
      <trkpt lat="48.765343269333243" lon="11.43111364915967">
        <ele>421.38999999999999</ele>
      </trkpt>
      <trkpt lat="48.765410659834743" lon="11.430978365242481">
        <ele>445.42000000000002</ele>
      </trkpt>
      <trkpt lat="48.765518702566624" lon="11.430911310017109">
        <ele>437.5</ele>
      </trkpt>
      <trkpt lat="48.765668151900172" lon="11.43087618984282">
        <ele>431.31</ele>
      </trkpt>
      <trkpt lat="48.765764040872455" lon="11.430788012221456">
        <ele>431.07999999999998</ele>
      </trkpt>
      <trkpt lat="48.765789940953255" lon="11.430643424391747">
        <ele>427.10000000000002</ele>
      </trkpt>
      <trkpt lat="48.765897061675787" lon="11.430591121315956">
        <ele>424.61000000000001</ele>
      </trkpt>
      <trkpt lat="48.765987921506166" lon="11.430602604523301">
        <ele>424.48000000000002</ele>
      </trkpt>
      <trkpt lat="48.766088839620352" lon="11.430603442713618">
        <ele>424.04000000000002</ele>
      </trkpt>
      <trkpt lat="48.766203336417675" lon="11.430541668087244">
        <ele>424.10000000000002</ele>
      </trkpt>
      <trkpt lat="48.766275504603982" lon="11.4304368942976">
        <ele>418.91000000000003</ele>
      </trkpt>
      <trkpt lat="48.766431994736195" lon="11.430317452177405">
        <ele>421.86000000000001</ele>
      </trkpt>
      <trkpt lat="48.76649578101933" lon="11.430218294262886">
        <ele>420.87</ele>
      </trkpt>
      <trkpt lat="48.766568787395954" lon="11.430116621777415">
        <ele>421.06999999999999</ele>
      </trkpt>
      <trkpt lat="48.766579180955887" lon="11.430045291781425">
        <ele>424.02999999999997</ele>
      </trkpt>
      <trkpt lat="48.766685128211975" lon="11.429997766390443">
        <ele>422.67000000000002</ele>
      </trkpt>
      <trkpt lat="48.766813036054373" lon="11.429968513548374">
        <ele>421.58999999999997</ele>
      </trkpt>
      <trkpt lat="48.766930885612965" lon="11.429977649822831">
        <ele>420.07999999999998</ele>
      </trkpt>
      <trkpt lat="48.767022248357534" lon="11.430009165778756">
        <ele>420.16000000000003</ele>
      </trkpt>
      <trkpt lat="48.767106905579567" lon="11.430094074457884">
        <ele>422.97000000000003</ele>
      </trkpt>
      <trkpt lat="48.767153760418296" lon="11.430213265120983">
        <ele>424.98000000000002</ele>
      </trkpt>
      <trkpt lat="48.767146216705441" lon="11.43028006888926">
        <ele>425.94</ele>
      </trkpt>
      <trkpt lat="48.767107659950852" lon="11.430387021973729">
        <ele>423.16000000000003</ele>
      </trkpt>
      <trkpt lat="48.767077820375562" lon="11.430521635338664">
        <ele>421.54000000000002</ele>
      </trkpt>
      <trkpt lat="48.766989223659039" lon="11.430564969778061">
        <ele>420.86000000000001</ele>
      </trkpt>
      <trkpt lat="48.766984278336167" lon="11.430704779922962">
        <ele>421.72000000000003</ele>
      </trkpt>
      <trkpt lat="48.767025098204613" lon="11.430839477106929">
        <ele>420.82999999999998</ele>
      </trkpt>
      <trkpt lat="48.767041862010956" lon="11.430982556194067">
        <ele>421.25</ele>
      </trkpt>
      <trkpt lat="48.767056530341506" lon="11.431126222014427">
        <ele>421.14999999999998</ele>
      </trkpt>
      <trkpt lat="48.767152670770884" lon="11.431135358288884">
        <ele>418.61000000000001</ele>
      </trkpt>
      <trkpt lat="48.767260378226638" lon="11.431078361347318">
        <ele>415.68000000000001</ele>
      </trkpt>
      <trkpt lat="48.767350986599922" lon="11.431062100455165">
        <ele>416.20999999999998</ele>
      </trkpt>
      <trkpt lat="48.767450731247663" lon="11.431036284193397">
        <ele>416.20999999999998</ele>
      </trkpt>
      <trkpt lat="48.76752725802362" lon="11.430957075208426">
        <ele>416.74000000000001</ele>
      </trkpt>
      <trkpt lat="48.767612082883716" lon="11.430897731333971">
        <ele>416.39999999999998</ele>
      </trkpt>
      <trkpt lat="48.767683580517769" lon="11.430806955322623">
        <ele>416.25999999999999</ele>
      </trkpt>
      <trkpt lat="48.767762957140803" lon="11.430741660296917">
        <ele>415.44999999999999</ele>
      </trkpt>
      <trkpt lat="48.767838729545474" lon="11.430658176541328">
        <ele>415.06999999999999</ele>
      </trkpt>
      <trkpt lat="48.767936797812581" lon="11.430587014183402">
        <ele>414.33999999999997</ele>
      </trkpt>
      <trkpt lat="48.768024053424597" lon="11.430630180984735">
        <ele>421.23000000000002</ele>
      </trkpt>
      <trkpt lat="48.768090102821589" lon="11.430753478780389">
        <ele>423.67000000000002</ele>
      </trkpt>
      <trkpt lat="48.768152380362153" lon="11.430884404107928">
        <ele>422.75</ele>
      </trkpt>
      <trkpt lat="48.768228907138109" lon="11.430986663326621">
        <ele>422.48000000000002</ele>
      </trkpt>
      <trkpt lat="48.768312809988856" lon="11.431055646389723">
        <ele>423.62</ele>
      </trkpt>
      <trkpt lat="48.768383050337434" lon="11.431141393259168">
        <ele>425.04000000000002</ele>
      </trkpt>
      <trkpt lat="48.768441723659635" lon="11.431255219504237">
        <ele>426.50999999999999</ele>
      </trkpt>
      <trkpt lat="48.768470222130418" lon="11.431386647745967">
        <ele>425.30000000000001</ele>
      </trkpt>
      <trkpt lat="48.76858321018517" lon="11.431723516434431">
        <ele>427.57999999999998</ele>
      </trkpt>
      <trkpt lat="48.768626293167472" lon="11.431848490610719">
        <ele>427.35000000000002</ele>
      </trkpt>
      <trkpt lat="48.768697455525398" lon="11.431975560262799">
        <ele>426.24000000000001</ele>
      </trkpt>
      <trkpt lat="48.768774485215545" lon="11.432080417871475">
        <ele>424.16000000000003</ele>
      </trkpt>
      <trkpt lat="48.768839444965124" lon="11.432199692353606">
        <ele>424.24000000000001</ele>
      </trkpt>
      <trkpt lat="48.768923934549093" lon="11.432292815297842">
        <ele>424.54000000000002</ele>
      </trkpt>
      <trkpt lat="48.769000545144081" lon="11.432386608794332">
        <ele>423.87</ele>
      </trkpt>
      <trkpt lat="48.76904203556478" lon="11.432521557435393">
        <ele>424.70999999999998</ele>
      </trkpt>
      <trkpt lat="48.769126106053591" lon="11.432450478896499">
        <ele>422.12</ele>
      </trkpt>
      <trkpt lat="48.769187964498997" lon="11.432342184707522">
        <ele>419.30000000000001</ele>
      </trkpt>
      <trkpt lat="48.769221156835556" lon="11.432194830849767">
        <ele>416.33999999999997</ele>
      </trkpt>
      <trkpt lat="48.76926289871335" lon="11.432061307132244">
        <ele>415.19</ele>
      </trkpt>
      <trkpt lat="48.769336240366101" lon="11.431957958266139">
        <ele>415.72000000000003</ele>
      </trkpt>
      <trkpt lat="48.769390638917685" lon="11.431848155334592">
        <ele>415.36000000000001</ele>
      </trkpt>
      <trkpt lat="48.769482672214508" lon="11.431796019896865">
        <ele>414.01999999999998</ele>
      </trkpt>
      <trkpt lat="48.769576298072934" lon="11.431752098724246">
        <ele>413.73000000000002</ele>
      </trkpt>
      <trkpt lat="48.769675455987453" lon="11.431778417900205">
        <ele>413.72000000000003</ele>
      </trkpt>
      <trkpt lat="48.769774865359068" lon="11.431804234161973">
        <ele>413.92000000000002</ele>
      </trkpt>
      <trkpt lat="48.769863294437528" lon="11.431895093992352">
        <ele>414.22000000000003</ele>
      </trkpt>
      <trkpt lat="48.769952561706305" lon="11.431942954659462">
        <ele>414.91000000000003</ele>
      </trkpt>
      <trkpt lat="48.770051803439856" lon="11.431950163096189">
        <ele>414.73000000000002</ele>
      </trkpt>
      <trkpt lat="48.770151883363724" lon="11.431966172531247">
        <ele>415.11000000000001</ele>
      </trkpt>
      <trkpt lat="48.770221956074238" lon="11.431874893605709">
        <ele>415.38999999999999</ele>
      </trkpt>
      <trkpt lat="48.770267888903618" lon="11.431755032390356">
        <ele>414.52999999999997</ele>
      </trkpt>
      <trkpt lat="48.770302506163716" lon="11.431619580835104">
        <ele>414.60000000000002</ele>
      </trkpt>
      <trkpt lat="48.770278701558709" lon="11.431482369080186">
        <ele>416.73000000000002</ele>
      </trkpt>
      <trkpt lat="48.770309630781412" lon="11.431422187015414">
        <ele>372.16796875</ele>
      </trkpt>
      <trkpt lat="48.770395880565047" lon="11.431101076304913">
        <ele>372.90625</ele>
      </trkpt>
    </trkseg>
  </trk>
</gpx>