<?xml version="1.0" encoding="UTF-8"?>
<gpx version="1.1" creator="iVelo GPX Cleaner v5.8 (https://ivelo.de)" xmlns="http://www.topografix.com/GPX/1/1" xmlns:xsi="http://www.w3.org/2001/XMLSchema-instance" xsi:schemaLocation="http://www.topografix.com/GPX/1/1 http://www.topografix.com/GPX/1/1/gpx.xsd">
  <metadata>
    <link href="https://ivelo.de">
      <text>iVelo GPX Cleaner</text>
    </link>
  </metadata>
  <trk>
    <name>WT_2026_42km_C</name>
    <trkseg>
      <trkpt lat="48.770448016002774" lon="11.431058077141643">
        <ele>373.3671875</ele>
      </trkpt>
      <trkpt lat="48.770688744261861" lon="11.431012228131294">
        <ele>375.46875</ele>
      </trkpt>
      <trkpt lat="48.770717494189739" lon="11.430825898423791">
        <ele>375.7890625</ele>
      </trkpt>
      <trkpt lat="48.770794775336981" lon="11.430808631703258">
        <ele>375.95703125</ele>
      </trkpt>
      <trkpt lat="48.770824782550335" lon="11.430818187072873">
        <ele>430.06</ele>
      </trkpt>
      <trkpt lat="48.770828219130635" lon="11.430675946176052">
        <ele>430.55000000000001</ele>
      </trkpt>
      <trkpt lat="48.770893681794405" lon="11.430560275912285">
        <ele>429.06999999999999</ele>
      </trkpt>
      <trkpt lat="48.770955121144652" lon="11.430458603426814">
        <ele>427.32999999999998</ele>
      </trkpt>
      <trkpt lat="48.771058050915599" lon="11.430269088596106">
        <ele>416.88</ele>
      </trkpt>
      <trkpt lat="48.771022679284215" lon="11.43014227040112">
        <ele>422.31</ele>
      </trkpt>
      <trkpt lat="48.771028462797403" lon="11.429986786097288">
        <ele>421.68000000000001</ele>
      </trkpt>
      <trkpt lat="48.771059811115265" lon="11.429856196045876">
        <ele>420.29000000000002</ele>
      </trkpt>
      <trkpt lat="48.771092165261507" lon="11.429723342880607">
        <ele>418.5</ele>
      </trkpt>
      <trkpt lat="48.771115969866514" lon="11.429588226601481">
        <ele>418.48000000000002</ele>
      </trkpt>
      <trkpt lat="48.771114461123943" lon="11.429437855258584">
        <ele>418.45999999999998</ele>
      </trkpt>
      <trkpt lat="48.771134410053492" lon="11.429300224408507">
        <ele>418.92000000000002</ele>
      </trkpt>
      <trkpt lat="48.771141031756997" lon="11.429147338494658">
        <ele>419.44</ele>
      </trkpt>
      <trkpt lat="48.771153185516596" lon="11.42900719307363">
        <ele>420.94999999999999</ele>
      </trkpt>
      <trkpt lat="48.771161651238799" lon="11.428849948570132">
        <ele>423.06999999999999</ele>
      </trkpt>
      <trkpt lat="48.771183360368013" lon="11.428709467872977">
        <ele>425.31</ele>
      </trkpt>
      <trkpt lat="48.771193334832788" lon="11.428561192005873">
        <ele>425.80000000000001</ele>
      </trkpt>
      <trkpt lat="48.771209511905909" lon="11.428426997736096">
        <ele>428.60000000000002</ele>
      </trkpt>
      <trkpt lat="48.771197609603405" lon="11.42828986980021">
        <ele>431.12</ele>
      </trkpt>
      <trkpt lat="48.771149916574359" lon="11.428170595318079">
        <ele>428.52999999999997</ele>
      </trkpt>
      <trkpt lat="48.771142791956663" lon="11.428016871213913">
        <ele>427.70999999999998</ele>
      </trkpt>
      <trkpt lat="48.771189311519265" lon="11.427899273112416">
        <ele>425.80000000000001</ele>
      </trkpt>
      <trkpt lat="48.771253181621432" lon="11.427789805456996">
        <ele>421.36000000000001</ele>
      </trkpt>
      <trkpt lat="48.771319063380361" lon="11.427683942019939">
        <ele>417.81999999999999</ele>
      </trkpt>
      <trkpt lat="48.771342616528273" lon="11.427540108561516">
        <ele>417.35000000000002</ele>
      </trkpt>
      <trkpt lat="48.771360050886869" lon="11.427386552095413">
        <ele>419.54000000000002</ele>
      </trkpt>
      <trkpt lat="48.771408749744296" lon="11.427267361432314">
        <ele>421.05000000000001</ele>
      </trkpt>
      <trkpt lat="48.771453257650137" lon="11.42713082022965">
        <ele>421.75999999999999</ele>
      </trkpt>
      <trkpt lat="48.771509919315577" lon="11.427013808861375">
        <ele>421.89999999999998</ele>
      </trkpt>
      <trkpt lat="48.771525090560317" lon="11.426863269880414">
        <ele>421.74000000000001</ele>
      </trkpt>
      <trkpt lat="48.771483600139618" lon="11.426715916022658">
        <ele>423.24000000000001</ele>
      </trkpt>
      <trkpt lat="48.771483767777681" lon="11.426565712317824">
        <ele>421.51999999999998</ele>
      </trkpt>
      <trkpt lat="48.771494412794709" lon="11.426418358460069">
        <ele>422.97000000000003</ele>
      </trkpt>
      <trkpt lat="48.77142945304513" lon="11.426301850005984">
        <ele>425.86000000000001</ele>
      </trkpt>
      <trkpt lat="48.771430961787701" lon="11.426154244691133">
        <ele>420.82999999999998</ele>
      </trkpt>
      <trkpt lat="48.771436410024762" lon="11.426015943288803">
        <ele>417.61000000000001</ele>
      </trkpt>
      <trkpt lat="48.771520061418414" lon="11.425892561674118">
        <ele>417.26999999999998</ele>
      </trkpt>
      <trkpt lat="48.771592481061816" lon="11.425789212808013">
        <ele>419.73000000000002</ele>
      </trkpt>
      <trkpt lat="48.771643778309226" lon="11.425673626363277">
        <ele>420.86000000000001</ele>
      </trkpt>
      <trkpt lat="48.771696081385016" lon="11.425559800118208">
        <ele>420.16000000000003</ele>
      </trkpt>
      <trkpt lat="48.771787779405713" lon="11.425487129017711">
        <ele>421.89999999999998</ele>
      </trkpt>
      <trkpt lat="48.771881572902203" lon="11.425492828711867">
        <ele>425.30000000000001</ele>
      </trkpt>
      <trkpt lat="48.771986849606037" lon="11.425494840368629">
        <ele>424.43000000000001</ele>
      </trkpt>
      <trkpt lat="48.772066058591008" lon="11.42557698301971">
        <ele>426.50999999999999</ele>
      </trkpt>
      <trkpt lat="48.772143507376313" lon="11.425661975517869">
        <ele>427.14999999999998</ele>
      </trkpt>
      <trkpt lat="48.772240485996008" lon="11.425667842850089">
        <ele>428.10000000000002</ele>
      </trkpt>
      <trkpt lat="48.772310893982649" lon="11.42557849176228">
        <ele>428.31</ele>
      </trkpt>
      <trkpt lat="48.772333106026053" lon="11.425443878397346">
        <ele>430.76999999999998</ele>
      </trkpt>
      <trkpt lat="48.772290358319879" lon="11.425319910049438">
        <ele>432.85000000000002</ele>
      </trkpt>
      <trkpt lat="48.772277869284153" lon="11.425173059105873">
        <ele>436.27999999999997</ele>
      </trkpt>
      <trkpt lat="48.772250125184655" lon="11.425037104636431">
        <ele>438.31999999999999</ele>
      </trkpt>
      <trkpt lat="48.772231349721551" lon="11.42490022815764">
        <ele>435.06999999999999</ele>
      </trkpt>
      <trkpt lat="48.77216923981905" lon="11.424777684733272">
        <ele>434.83999999999997</ele>
      </trkpt>
      <trkpt lat="48.77212380990386" lon="11.42465103417635">
        <ele>435.43000000000001</ele>
      </trkpt>
      <trkpt lat="48.772118110209703" lon="11.424512146040797">
        <ele>434.18000000000001</ele>
      </trkpt>
      <trkpt lat="48.772148871794343" lon="11.424363031983376">
        <ele>434.57999999999998</ele>
      </trkpt>
      <trkpt lat="48.772197151556611" lon="11.424240907654166">
        <ele>432.54000000000002</ele>
      </trkpt>
      <trkpt lat="48.772260770201683" lon="11.424144683405757">
        <ele>434.61000000000001</ele>
      </trkpt>
      <trkpt lat="48.772316845133901" lon="11.42401585355401">
        <ele>434.38999999999999</ele>
      </trkpt>
      <trkpt lat="48.772410806268454" lon="11.424003783613443">
        <ele>435.75</ele>
      </trkpt>
      <trkpt lat="48.772500911727548" lon="11.423943601548672">
        <ele>431.44999999999999</ele>
      </trkpt>
      <trkpt lat="48.772582467645407" lon="11.423865063115954">
        <ele>430.83999999999997</ele>
      </trkpt>
      <trkpt lat="48.772615659981966" lon="11.423736987635493">
        <ele>430.18000000000001</ele>
      </trkpt>
      <trkpt lat="48.772654635831714" lon="11.423596926033497">
        <ele>429</ele>
      </trkpt>
      <trkpt lat="48.772655809298158" lon="11.423444207757711">
        <ele>429.37</ele>
      </trkpt>
      <trkpt lat="48.772626053541899" lon="11.423301212489605">
        <ele>432.58999999999997</ele>
      </trkpt>
      <trkpt lat="48.772570649161935" lon="11.423165006563067">
        <ele>431.69999999999999</ele>
      </trkpt>
      <trkpt lat="48.772493787109852" lon="11.423084959387779">
        <ele>435.32999999999998</ele>
      </trkpt>
      <trkpt lat="48.772448105737567" lon="11.422965601086617">
        <ele>432.75</ele>
      </trkpt>
      <trkpt lat="48.772397730499506" lon="11.422840794548392">
        <ele>431.05000000000001</ele>
      </trkpt>
      <trkpt lat="48.772324221208692" lon="11.422738870605826">
        <ele>432.69999999999999</ele>
      </trkpt>
      <trkpt lat="48.772256411612034" lon="11.422641556710005">
        <ele>433.20999999999998</ele>
      </trkpt>
      <trkpt lat="48.772171502932906" lon="11.422587661072612">
        <ele>432.35000000000002</ele>
      </trkpt>
      <trkpt lat="48.772132191807032" lon="11.4224414806813">
        <ele>432.32999999999998</ele>
      </trkpt>
      <trkpt lat="48.772121630609035" lon="11.422301586717367">
        <ele>432.69</ele>
      </trkpt>
      <trkpt lat="48.772115260362625" lon="11.42215758562088">
        <ele>431.98000000000002</ele>
      </trkpt>
      <trkpt lat="48.772108471021056" lon="11.422013668343425">
        <ele>432.24000000000001</ele>
      </trkpt>
      <trkpt lat="48.772063544020057" lon="11.421879641711712">
        <ele>432.58999999999997</ele>
      </trkpt>
      <trkpt lat="48.772028004750609" lon="11.421754164621234">
        <ele>431.88</ele>
      </trkpt>
      <trkpt lat="48.772014258429408" lon="11.421609995886683">
        <ele>429.57999999999998</ele>
      </trkpt>
      <trkpt lat="48.772008558735251" lon="11.421459456905723">
        <ele>429.94999999999999</ele>
      </trkpt>
      <trkpt lat="48.771995566785336" lon="11.421281928196549">
        <ele>429.47000000000003</ele>
      </trkpt>
      <trkpt lat="48.77196254208684" lon="11.421133484691381">
        <ele>430.32999999999998</ele>
      </trkpt>
      <trkpt lat="48.771971510723233" lon="11.420985292643309">
        <ele>429.30000000000001</ele>
      </trkpt>
      <trkpt lat="48.772016437724233" lon="11.420849589630961">
        <ele>426.98000000000002</ele>
      </trkpt>
      <trkpt lat="48.772009564563632" lon="11.420710450038314">
        <ele>427.01999999999998</ele>
      </trkpt>
      <trkpt lat="48.771997913718224" lon="11.420561671257019">
        <ele>428.82999999999998</ele>
      </trkpt>
      <trkpt lat="48.771962458267808" lon="11.420419933274388">
        <ele>429.29000000000002</ele>
      </trkpt>
      <trkpt lat="48.771893056109548" lon="11.420318093150854">
        <ele>429.98000000000002</ele>
      </trkpt>
      <trkpt lat="48.771800771355629" lon="11.420253049582243">
        <ele>429.64999999999998</ele>
      </trkpt>
      <trkpt lat="48.771717874333262" lon="11.420187586918473">
        <ele>428.73000000000002</ele>
      </trkpt>
      <trkpt lat="48.771673869341612" lon="11.420061020180583">
        <ele>424.48000000000002</ele>
      </trkpt>
      <trkpt lat="48.771631205454469" lon="11.419917270541191">
        <ele>426.22000000000003</ele>
      </trkpt>
      <trkpt lat="48.771607149392366" lon="11.419779304414988">
        <ele>425.27999999999997</ele>
      </trkpt>
      <trkpt lat="48.771650567650795" lon="11.419656090438366">
        <ele>423.41000000000003</ele>
      </trkpt>
      <trkpt lat="48.771648975089192" lon="11.419512592256069">
        <ele>423.16000000000003</ele>
      </trkpt>
      <trkpt lat="48.771595414727926" lon="11.419388707727194">
        <ele>421.08999999999997</ele>
      </trkpt>
      <trkpt lat="48.771531544625759" lon="11.419291310012341">
        <ele>422.38</ele>
      </trkpt>
      <trkpt lat="48.771457448601723" lon="11.41919014044106">
        <ele>425.24000000000001</ele>
      </trkpt>
      <trkpt lat="48.77140891738236" lon="11.419068183749914">
        <ele>427.38999999999999</ele>
      </trkpt>
      <trkpt lat="48.771337503567338" lon="11.41896684654057">
        <ele>428.16000000000003</ele>
      </trkpt>
      <trkpt lat="48.771283440291882" lon="11.41884665004909">
        <ele>427.43000000000001</ele>
      </trkpt>
      <trkpt lat="48.771251924335957" lon="11.418715892359614">
        <ele>428.19</ele>
      </trkpt>
      <trkpt lat="48.771231807768345" lon="11.418577004224062">
        <ele>429.49000000000001</ele>
      </trkpt>
      <trkpt lat="48.771241279318929" lon="11.4184386190027">
        <ele>430.87</ele>
      </trkpt>
      <trkpt lat="48.771185120567679" lon="11.418315405026078">
        <ele>431.31</ele>
      </trkpt>
      <trkpt lat="48.771121669560671" lon="11.418215911835432">
        <ele>431.79000000000002</ele>
      </trkpt>
      <trkpt lat="48.771058637648821" lon="11.418103845790029">
        <ele>433.75</ele>
      </trkpt>
      <trkpt lat="48.770969454199076" lon="11.418049279600382">
        <ele>435.49000000000001</ele>
      </trkpt>
      <trkpt lat="48.770898459479213" lon="11.417961940169334">
        <ele>436.27999999999997</ele>
      </trkpt>
      <trkpt lat="48.770803827792406" lon="11.417854567989707">
        <ele>434.66000000000003</ele>
      </trkpt>
      <trkpt lat="48.770759738981724" lon="11.417717691510916">
        <ele>434.07999999999998</ele>
      </trkpt>
      <trkpt lat="48.770706010982394" lon="11.417605793103576">
        <ele>435.10000000000002</ele>
      </trkpt>
      <trkpt lat="48.770704083144665" lon="11.417457181960344">
        <ele>434.24000000000001</ele>
      </trkpt>
      <trkpt lat="48.770731743425131" lon="11.417316282168031">
        <ele>435.68000000000001</ele>
      </trkpt>
      <trkpt lat="48.770782118663192" lon="11.417171945795417">
        <ele>436.75999999999999</ele>
      </trkpt>
      <trkpt lat="48.770801899954677" lon="11.417026771232486">
        <ele>439.20999999999998</ele>
      </trkpt>
      <trkpt lat="48.770824111998081" lon="11.416890230029821">
        <ele>438.66000000000003</ele>
      </trkpt>
      <trkpt lat="48.77082260325551" lon="11.416740948334336">
        <ele>435.83999999999997</ele>
      </trkpt>
      <trkpt lat="48.770828386768699" lon="11.416590576991439">
        <ele>434.45999999999998</ele>
      </trkpt>
      <trkpt lat="48.77081086859107" lon="11.416444815695286">
        <ele>438</ele>
      </trkpt>
      <trkpt lat="48.770747417584062" lon="11.416324367746711">
        <ele>436.05000000000001</ele>
      </trkpt>
      <trkpt lat="48.770685810595751" lon="11.416215738281608">
        <ele>435.92000000000002</ele>
      </trkpt>
      <trkpt lat="48.770588412880898" lon="11.416159914806485">
        <ele>435.92000000000002</ele>
      </trkpt>
      <trkpt lat="48.770489087328315" lon="11.416176091879606">
        <ele>433.50999999999999</ele>
      </trkpt>
      <trkpt lat="48.770393198356032" lon="11.416162177920341">
        <ele>431.63</ele>
      </trkpt>
      <trkpt lat="48.770295465365052" lon="11.416178187355399">
        <ele>433.55000000000001</ele>
      </trkpt>
      <trkpt lat="48.770199911668897" lon="11.416198471561074">
        <ele>433.69999999999999</ele>
      </trkpt>
      <trkpt lat="48.77011064440012" lon="11.416179444640875">
        <ele>431.82999999999998</ele>
      </trkpt>
      <trkpt lat="48.770011821761727" lon="11.416130578145385">
        <ele>426.63999999999999</ele>
      </trkpt>
      <trkpt lat="48.769926745444536" lon="11.41607316210866">
        <ele>424.13999999999999</ele>
      </trkpt>
      <trkpt lat="48.769863042980433" lon="11.415947685018182">
        <ele>422.57999999999998</ele>
      </trkpt>
      <trkpt lat="48.769812248647213" lon="11.415815753862262">
        <ele>423.19999999999999</ele>
      </trkpt>
      <trkpt lat="48.769761035218835" lon="11.415700502693653">
        <ele>425.74000000000001</ele>
      </trkpt>
      <trkpt lat="48.769701272249222" lon="11.415572930127382">
        <ele>427.31999999999999</ele>
      </trkpt>
      <trkpt lat="48.7696229852736" lon="11.415476035326719">
        <ele>429.69</ele>
      </trkpt>
      <trkpt lat="48.769530281424522" lon="11.415460947901011">
        <ele>429.42000000000002</ele>
      </trkpt>
      <trkpt lat="48.76943975687027" lon="11.415523141622543">
        <ele>430.68000000000001</ele>
      </trkpt>
      <trkpt lat="48.76936063170433" lon="11.41561483964324">
        <ele>431.00999999999999</ele>
      </trkpt>
      <trkpt lat="48.769273208454251" lon="11.415692875161767">
        <ele>429.77999999999997</ele>
      </trkpt>
      <trkpt lat="48.769201710820198" lon="11.415790440514684">
        <ele>426.89999999999998</ele>
      </trkpt>
      <trkpt lat="48.769108168780804" lon="11.415802929550409">
        <ele>425.12</ele>
      </trkpt>
      <trkpt lat="48.769027451053262" lon="11.415893454104662">
        <ele>422.92000000000002</ele>
      </trkpt>
      <trkpt lat="48.768940614536405" lon="11.415949948132038">
        <ele>423.26999999999998</ele>
      </trkpt>
      <trkpt lat="48.768880348652601" lon="11.416057907044888">
        <ele>426.17000000000002</ele>
      </trkpt>
      <trkpt lat="48.768822764977813" lon="11.416182294487953">
        <ele>424.00999999999999</ele>
      </trkpt>
      <trkpt lat="48.768776999786496" lon="11.416326211765409">
        <ele>424.01999999999998</ele>
      </trkpt>
      <trkpt lat="48.768733832985163" lon="11.416447916999459">
        <ele>422.23000000000002</ele>
      </trkpt>
      <trkpt lat="48.768683793023229" lon="11.416573226451874">
        <ele>421.29000000000002</ele>
      </trkpt>
      <trkpt lat="48.768649259582162" lon="11.416699290275574">
        <ele>421.05000000000001</ele>
      </trkpt>
      <trkpt lat="48.768571726977825" lon="11.416777828708291">
        <ele>421.44999999999999</ele>
      </trkpt>
      <trkpt lat="48.768485225737095" lon="11.416858127340674">
        <ele>422.13</ele>
      </trkpt>
      <trkpt lat="48.768391683697701" lon="11.416891235858202">
        <ele>421.61000000000001</ele>
      </trkpt>
      <trkpt lat="48.768297974020243" lon="11.416897354647517">
        <ele>421.07999999999998</ele>
      </trkpt>
      <trkpt lat="48.768200324848294" lon="11.416872963309288">
        <ele>420.74000000000001</ele>
      </trkpt>
      <trkpt lat="48.768101669847965" lon="11.416847063228488">
        <ele>422.12</ele>
      </trkpt>
      <trkpt lat="48.768006283789873" lon="11.416882099583745">
        <ele>422.14999999999998</ele>
      </trkpt>
      <trkpt lat="48.767926152795553" lon="11.416813032701612">
        <ele>422.56</ele>
      </trkpt>
      <trkpt lat="48.767837891355157" lon="11.416784450411797">
        <ele>425.72000000000003</ele>
      </trkpt>
      <trkpt lat="48.767748288810253" lon="11.416740864515305">
        <ele>424.85000000000002</ele>
      </trkpt>
      <trkpt lat="48.76765675842762" lon="11.416713874787092">
        <ele>421.61000000000001</ele>
      </trkpt>
      <trkpt lat="48.767564306035638" lon="11.416635839268565">
        <ele>420</ele>
      </trkpt>
      <trkpt lat="48.767484342679381" lon="11.416543051600456">
        <ele>419.05000000000001</ele>
      </trkpt>
      <trkpt lat="48.767430614680052" lon="11.416429309174418">
        <ele>423.44</ele>
      </trkpt>
      <trkpt lat="48.767385687679052" lon="11.416301317512989">
        <ele>423.81</ele>
      </trkpt>
      <trkpt lat="48.767360290512443" lon="11.416169553995132">
        <ele>424.01999999999998</ele>
      </trkpt>
      <trkpt lat="48.767359619960189" lon="11.416324200108647">
        <ele>419.75</ele>
      </trkpt>
      <trkpt lat="48.767440253868699" lon="11.416387148201466">
        <ele>418.93000000000001</ele>
      </trkpt>
      <trkpt lat="48.76749305985868" lon="11.416524695232511">
        <ele>419.55000000000001</ele>
      </trkpt>
      <trkpt lat="48.767579309642315" lon="11.416564676910639">
        <ele>418.94999999999999</ele>
      </trkpt>
      <trkpt lat="48.767629852518439" lon="11.416451521217823">
        <ele>418.04000000000002</ele>
      </trkpt>
      <trkpt lat="48.767675282433629" lon="11.416301401332021">
        <ele>417.27999999999997</ele>
      </trkpt>
      <trkpt lat="48.767819870263338" lon="11.415832685306668">
        <ele>410.75999999999999</ele>
      </trkpt>
      <trkpt lat="48.767717611044645" lon="11.4157291688025">
        <ele>409.39999999999998</ele>
      </trkpt>
      <trkpt lat="48.767798999324441" lon="11.415809383615851">
        <ele>417.23000000000002</ele>
      </trkpt>
      <trkpt lat="48.767797071486712" lon="11.415668902918696">
        <ele>421.97000000000003</ele>
      </trkpt>
      <trkpt lat="48.767790198326111" lon="11.415522554889321">
        <ele>423.36000000000001</ele>
      </trkpt>
      <trkpt lat="48.767771925777197" lon="11.415383415296674">
        <ele>424.44999999999999</ele>
      </trkpt>
      <trkpt lat="48.767890026792884" lon="11.414768770337105">
        <ele>420.92000000000002</ele>
      </trkpt>
      <trkpt lat="48.767787851393223" lon="11.414918135851622">
        <ele>418.22000000000003</ele>
      </trkpt>
      <trkpt lat="48.767741080373526" lon="11.414773212745786">
        <ele>414.25999999999999</ele>
      </trkpt>
      <trkpt lat="48.767825402319431" lon="11.414687214419246">
        <ele>420.77999999999997</ele>
      </trkpt>
      <trkpt lat="48.767916429787874" lon="11.414666846394539">
        <ele>415.26999999999998</ele>
      </trkpt>
      <trkpt lat="48.767922213301063" lon="11.414525276049972">
        <ele>413.72000000000003</ele>
      </trkpt>
      <trkpt lat="48.767951214686036" lon="11.414380017668009">
        <ele>415.56999999999999</ele>
      </trkpt>
      <trkpt lat="48.76794995740056" lon="11.414221348240972">
        <ele>415.12</ele>
      </trkpt>
      <trkpt lat="48.768033776432276" lon="11.414112383499742">
        <ele>418.25</ele>
      </trkpt>
      <trkpt lat="48.768120110034943" lon="11.414074078202248">
        <ele>420.66000000000003</ele>
      </trkpt>
      <trkpt lat="48.76819378696382" lon="11.413987074047327">
        <ele>424.56</ele>
      </trkpt>
      <trkpt lat="48.768260339275002" lon="11.41388364136219">
        <ele>428.23000000000002</ele>
      </trkpt>
      <trkpt lat="48.768339548259974" lon="11.413805019110441">
        <ele>424.31999999999999</ele>
      </trkpt>
      <trkpt lat="48.768292693421245" lon="11.41368473879993">
        <ele>422.29000000000002</ele>
      </trkpt>
      <trkpt lat="48.768194373697042" lon="11.41366814263165">
        <ele>423.13</ele>
      </trkpt>
      <trkpt lat="48.768097311258316" lon="11.413673758506775">
        <ele>421.23000000000002</ele>
      </trkpt>
      <trkpt lat="48.768002092838287" lon="11.413606284186244">
        <ele>421.75</ele>
      </trkpt>
      <trkpt lat="48.767902851104736" lon="11.413589688017964">
        <ele>421.42000000000002</ele>
      </trkpt>
      <trkpt lat="48.767809644341469" lon="11.413552220910788">
        <ele>422.86000000000001</ele>
      </trkpt>
      <trkpt lat="48.767724735662341" lon="11.413493296131492">
        <ele>423.97000000000003</ele>
      </trkpt>
      <trkpt lat="48.767649466171861" lon="11.413411321118474">
        <ele>428.52999999999997</ele>
      </trkpt>
      <trkpt lat="48.767557684332132" lon="11.41338131390512">
        <ele>430.95999999999998</ele>
      </trkpt>
      <trkpt lat="48.767469590529799" lon="11.413316186517477">
        <ele>430.17000000000002</ele>
      </trkpt>
      <trkpt lat="48.767383592203259" lon="11.413275199010968">
        <ele>431.12</ele>
      </trkpt>
      <trkpt lat="48.76729323528707" lon="11.413270337507129">
        <ele>432.17000000000002</ele>
      </trkpt>
      <trkpt lat="48.767205141484737" lon="11.41322591342032">
        <ele>433.63999999999999</ele>
      </trkpt>
      <trkpt lat="48.767110425978899" lon="11.413201605901122">
        <ele>434.06999999999999</ele>
      </trkpt>
      <trkpt lat="48.767032222822309" lon="11.413119463250041">
        <ele>435.51999999999998</ele>
      </trkpt>
      <trkpt lat="48.766939518973231" lon="11.413074200972915">
        <ele>433.24000000000001</ele>
      </trkpt>
      <trkpt lat="48.766878666356206" lon="11.412957524880767">
        <ele>429.91000000000003</ele>
      </trkpt>
      <trkpt lat="48.766852598637342" lon="11.412815116345882">
        <ele>424.98000000000002</ele>
      </trkpt>
      <trkpt lat="48.76683977432549" lon="11.412665918469429">
        <ele>424.86000000000001</ele>
      </trkpt>
      <trkpt lat="48.766800463199615" lon="11.412527952343225">
        <ele>423.95999999999998</ele>
      </trkpt>
      <trkpt lat="48.766755871474743" lon="11.41240649856627">
        <ele>424.06999999999999</ele>
      </trkpt>
      <trkpt lat="48.766709435731173" lon="11.412283536046743">
        <ele>425.26999999999998</ele>
      </trkpt>
      <trkpt lat="48.766628550365567" lon="11.412218576297164">
        <ele>424.20999999999998</ele>
      </trkpt>
      <trkpt lat="48.766528218984604" lon="11.412155712023377">
        <ele>427.93000000000001</ele>
      </trkpt>
      <trkpt lat="48.766427217051387" lon="11.412148252129555">
        <ele>429.80000000000001</ele>
      </trkpt>
      <trkpt lat="48.766328981146216" lon="11.41213484108448">
        <ele>432.01999999999998</ele>
      </trkpt>
      <trkpt lat="48.766245162114501" lon="11.412210781127214">
        <ele>432.57999999999998</ele>
      </trkpt>
      <trkpt lat="48.766148686408997" lon="11.41227456741035">
        <ele>426.72000000000003</ele>
      </trkpt>
      <trkpt lat="48.766073333099484" lon="11.412355536594987">
        <ele>425.66000000000003</ele>
      </trkpt>
      <trkpt lat="48.766001919284463" lon="11.41245829872787">
        <ele>425.69</ele>
      </trkpt>
      <trkpt lat="48.765933020040393" lon="11.412545889616013">
        <ele>428.61000000000001</ele>
      </trkpt>
      <trkpt lat="48.765841908752918" lon="11.412618141621351">
        <ele>430.45999999999998</ele>
      </trkpt>
      <trkpt lat="48.765766471624374" lon="11.412702463567257">
        <ele>431.05000000000001</ele>
      </trkpt>
      <trkpt lat="48.765674689784646" lon="11.412694668397307">
        <ele>428.44999999999999</ele>
      </trkpt>
      <trkpt lat="48.765599252656102" lon="11.412589307874441">
        <ele>424.87</ele>
      </trkpt>
      <trkpt lat="48.765508225187659" lon="11.412517391145229">
        <ele>422.98000000000002</ele>
      </trkpt>
      <trkpt lat="48.76540563069284" lon="11.412505740299821">
        <ele>422.02999999999997</ele>
      </trkpt>
      <trkpt lat="48.765312591567636" lon="11.412547063082457">
        <ele>422.30000000000001</ele>
      </trkpt>
      <trkpt lat="48.765233047306538" lon="11.412639683112502">
        <ele>422.29000000000002</ele>
      </trkpt>
      <trkpt lat="48.765150317922235" lon="11.412716964259744">
        <ele>423.13999999999999</ele>
      </trkpt>
      <trkpt lat="48.765062810853124" lon="11.412798603996634">
        <ele>420.57999999999998</ele>
      </trkpt>
      <trkpt lat="48.764978237450123" lon="11.412877226248384">
        <ele>418.85000000000002</ele>
      </trkpt>
      <trkpt lat="48.764905063435435" lon="11.412786869332194">
        <ele>419.85000000000002</ele>
      </trkpt>
      <trkpt lat="48.764810934662819" lon="11.412776308134198">
        <ele>420.99000000000001</ele>
      </trkpt>
      <trkpt lat="48.764709178358316" lon="11.412762813270092">
        <ele>422.27999999999997</ele>
      </trkpt>
      <trkpt lat="48.764619994908571" lon="11.412701709195971">
        <ele>421.69</ele>
      </trkpt>
      <trkpt lat="48.764535840600729" lon="11.412621242925525">
        <ele>421.57999999999998</ele>
      </trkpt>
      <trkpt lat="48.764443220570683" lon="11.412548236548901">
        <ele>422.95999999999998</ele>
      </trkpt>
      <trkpt lat="48.764352360740304" lon="11.41254773363471">
        <ele>423.73000000000002</ele>
      </trkpt>
      <trkpt lat="48.76425982452929" lon="11.412566341459751">
        <ele>424.18000000000001</ele>
      </trkpt>
      <trkpt lat="48.764166282489896" lon="11.412606658414006">
        <ele>424.81999999999999</ele>
      </trkpt>
      <trkpt lat="48.76407659612596" lon="11.412669355049729">
        <ele>426.44</ele>
      </trkpt>
      <trkpt lat="48.764004092663527" lon="11.412759460508823">
        <ele>424.98000000000002</ele>
      </trkpt>
      <trkpt lat="48.763957237824798" lon="11.412889966741204">
        <ele>425.5</ele>
      </trkpt>
      <trkpt lat="48.763895630836487" lon="11.41300848685205">
        <ele>423.79000000000002</ele>
      </trkpt>
      <trkpt lat="48.763843830674887" lon="11.413127593696117">
        <ele>422.31</ele>
      </trkpt>
      <trkpt lat="48.763770991936326" lon="11.413242425769567">
        <ele>420.45999999999998</ele>
      </trkpt>
      <trkpt lat="48.763727238401771" lon="11.413369914516807">
        <ele>420.64999999999998</ele>
      </trkpt>
      <trkpt lat="48.763675605878234" lon="11.413498744368553">
        <ele>419.87</ele>
      </trkpt>
      <trkpt lat="48.763616429641843" lon="11.413616174831986">
        <ele>422.19999999999999</ele>
      </trkpt>
      <trkpt lat="48.76353076659143" lon="11.413661940023303">
        <ele>423.23000000000002</ele>
      </trkpt>
      <trkpt lat="48.763433787971735" lon="11.413631094619632">
        <ele>424.58999999999997</ele>
      </trkpt>
      <trkpt lat="48.763352399691939" lon="11.413541659712791">
        <ele>424.06999999999999</ele>
      </trkpt>
      <trkpt lat="48.763260701671243" lon="11.413530679419637">
        <ele>420.81999999999999</ele>
      </trkpt>
      <trkpt lat="48.763180654495955" lon="11.413594884797931">
        <ele>418.05000000000001</ele>
      </trkpt>
      <trkpt lat="48.763124160468578" lon="11.41371751204133">
        <ele>421.56</ele>
      </trkpt>
      <trkpt lat="48.763045957311988" lon="11.413794960826635">
        <ele>423.49000000000001</ele>
      </trkpt>
      <trkpt lat="48.762984182685614" lon="11.413925215601921">
        <ele>421.88</ele>
      </trkpt>
      <trkpt lat="48.76291461288929" lon="11.414016410708427">
        <ele>420.33999999999997</ele>
      </trkpt>
      <trkpt lat="48.762841271236539" lon="11.414104588329792">
        <ele>419.93000000000001</ele>
      </trkpt>
      <trkpt lat="48.762783519923687" lon="11.414216822013259">
        <ele>419.99000000000001</ele>
      </trkpt>
      <trkpt lat="48.762727361172438" lon="11.414336347952485">
        <ele>420</ele>
      </trkpt>
      <trkpt lat="48.762660808861256" lon="11.414451180025935">
        <ele>418.24000000000001</ele>
      </trkpt>
      <trkpt lat="48.762591239064932" lon="11.414544805884361">
        <ele>416.13999999999999</ele>
      </trkpt>
      <trkpt lat="48.762515131384134" lon="11.414652764797211">
        <ele>416.5</ele>
      </trkpt>
      <trkpt lat="48.762465426698327" lon="11.414767010137439">
        <ele>417.83999999999997</ele>
      </trkpt>
      <trkpt lat="48.762390157207847" lon="11.414876393973827">
        <ele>418.64999999999998</ele>
      </trkpt>
      <trkpt lat="48.762292340397835" lon="11.414903299883008">
        <ele>417.81999999999999</ele>
      </trkpt>
      <trkpt lat="48.762189326807857" lon="11.414894079789519">
        <ele>419.94</ele>
      </trkpt>
      <trkpt lat="48.762090923264623" lon="11.414953507483006">
        <ele>420.60000000000002</ele>
      </trkpt>
      <trkpt lat="48.762000733986497" lon="11.414983933791518">
        <ele>421.27999999999997</ele>
      </trkpt>
      <trkpt lat="48.761905683204532" lon="11.414967253804207">
        <ele>419.75999999999999</ele>
      </trkpt>
      <trkpt lat="48.761804094538093" lon="11.415021065622568">
        <ele>419.94999999999999</ele>
      </trkpt>
      <trkpt lat="48.761725639924407" lon="11.415131874382496">
        <ele>421.44</ele>
      </trkpt>
      <trkpt lat="48.76167057082057" lon="11.415245532989502">
        <ele>422.14999999999998</ele>
      </trkpt>
      <trkpt lat="48.761609131470323" lon="11.415345780551434">
        <ele>424.32999999999998</ele>
      </trkpt>
      <trkpt lat="48.761554481461644" lon="11.415471509099007">
        <ele>425.67000000000002</ele>
      </trkpt>
      <trkpt lat="48.761579124256968" lon="11.415614755824208">
        <ele>428.11000000000001</ele>
      </trkpt>
      <trkpt lat="48.761546434834599" lon="11.41574333421886">
        <ele>428.48000000000002</ele>
      </trkpt>
      <trkpt lat="48.76148197799921" lon="11.415854981169105">
        <ele>428.73000000000002</ele>
      </trkpt>
      <trkpt lat="48.761441828683019" lon="11.415993282571435">
        <ele>423.25</ele>
      </trkpt>
      <trkpt lat="48.761410564184189" lon="11.416140133515">
        <ele>422.86000000000001</ele>
      </trkpt>
      <trkpt lat="48.761347280815244" lon="11.416286481544375">
        <ele>422.06</ele>
      </trkpt>
      <trkpt lat="48.761270167306066" lon="11.416376419365406">
        <ele>421.62</ele>
      </trkpt>
      <trkpt lat="48.761200346052647" lon="11.41646702773869">
        <ele>420.05000000000001</ele>
      </trkpt>
      <trkpt lat="48.761201519519091" lon="11.416616560891271">
        <ele>419.13</ele>
      </trkpt>
      <trkpt lat="48.761122478172183" lon="11.41669861972332">
        <ele>417.92000000000002</ele>
      </trkpt>
      <trkpt lat="48.761085765436292" lon="11.416829796507955">
        <ele>418.66000000000003</ele>
      </trkpt>
      <trkpt lat="48.761019380763173" lon="11.416922584176064">
        <ele>418.57999999999998</ele>
      </trkpt>
      <trkpt lat="48.760924665257335" lon="11.416915711015463">
        <ele>418.23000000000002</ele>
      </trkpt>
      <trkpt lat="48.76082475297153" lon="11.416964242234826">
        <ele>419.87</ele>
      </trkpt>
      <trkpt lat="48.760747890919447" lon="11.417056610807776">
        <ele>422.82999999999998</ele>
      </trkpt>
      <trkpt lat="48.760678824037313" lon="11.417154595255852">
        <ele>425.85000000000002</ele>
      </trkpt>
      <trkpt lat="48.760618306696415" lon="11.417258195579052">
        <ele>425.73000000000002</ele>
      </trkpt>
      <trkpt lat="48.760528787970543" lon="11.417284347116947">
        <ele>425.37</ele>
      </trkpt>
      <trkpt lat="48.760482436046004" lon="11.417403621599078">
        <ele>425.35000000000002</ele>
      </trkpt>
      <trkpt lat="48.760414039716125" lon="11.417509317398071">
        <ele>423.10000000000002</ele>
      </trkpt>
      <trkpt lat="48.760321335867047" lon="11.417575282976031">
        <ele>421.67000000000002</ele>
      </trkpt>
      <trkpt lat="48.760238438844681" lon="11.417649127542973">
        <ele>418.24000000000001</ele>
      </trkpt>
      <trkpt lat="48.760208683088422" lon="11.417798660695553">
        <ele>418.36000000000001</ele>
      </trkpt>
      <trkpt lat="48.76017683185637" lon="11.41794073395431">
        <ele>418.81</ele>
      </trkpt>
      <trkpt lat="48.760160738602281" lon="11.418076101690531">
        <ele>420.80000000000001</ele>
      </trkpt>
      <trkpt lat="48.760167360305786" lon="11.418227646499872">
        <ele>422.74000000000001</ele>
      </trkpt>
      <trkpt lat="48.760115560144186" lon="11.418361170217395">
        <ele>421.61000000000001</ele>
      </trkpt>
      <trkpt lat="48.760045068338513" lon="11.418455885723233">
        <ele>420.74000000000001</ele>
      </trkpt>
      <trkpt lat="48.759989328682423" lon="11.418578932061791">
        <ele>420.94999999999999</ele>
      </trkpt>
      <trkpt lat="48.759967871010303" lon="11.418729722499847">
        <ele>420.17000000000002</ele>
      </trkpt>
      <trkpt lat="48.759957225993276" lon="11.418875483796">
        <ele>417.77999999999997</ele>
      </trkpt>
      <trkpt lat="48.759934259578586" lon="11.419011438265443">
        <ele>417.89999999999998</ele>
      </trkpt>
      <trkpt lat="48.759872736409307" lon="11.419121995568275">
        <ele>417.94</ele>
      </trkpt>
      <trkpt lat="48.759809788316488" lon="11.419225763529539">
        <ele>416.24000000000001</ele>
      </trkpt>
      <trkpt lat="48.759740889072418" lon="11.419314946979284">
        <ele>414.69999999999999</ele>
      </trkpt>
      <trkpt lat="48.759655812755227" lon="11.419382086023688">
        <ele>414.17000000000002</ele>
      </trkpt>
      <trkpt lat="48.75956604257226" lon="11.419318970292807">
        <ele>411.56</ele>
      </trkpt>
      <trkpt lat="48.759523378685117" lon="11.419179663062096">
        <ele>414.81999999999999</ele>
      </trkpt>
      <trkpt lat="48.759443163871765" lon="11.419096682220697">
        <ele>415.83999999999997</ele>
      </trkpt>
      <trkpt lat="48.759390022605658" lon="11.418969109654427">
        <ele>414.97000000000003</ele>
      </trkpt>
      <trkpt lat="48.759319866076112" lon="11.41886810772121">
        <ele>413.63999999999999</ele>
      </trkpt>
      <trkpt lat="48.759286422282457" lon="11.418736847117543">
        <ele>412.82999999999998</ele>
      </trkpt>
      <trkpt lat="48.759231688454747" lon="11.418612962588668">
        <ele>413.66000000000003</ele>
      </trkpt>
      <trkpt lat="48.75915558077395" lon="11.418504333123565">
        <ele>416.56</ele>
      </trkpt>
      <trkpt lat="48.759080311283469" lon="11.418393272906542">
        <ele>419.16000000000003</ele>
      </trkpt>
      <trkpt lat="48.759061200544238" lon="11.418251702561975">
        <ele>420.69999999999999</ele>
      </trkpt>
      <trkpt lat="48.759001437574625" lon="11.418148521333933">
        <ele>421.69999999999999</ele>
      </trkpt>
      <trkpt lat="48.75894108787179" lon="11.418040813878179">
        <ele>422.39999999999998</ele>
      </trkpt>
      <trkpt lat="48.758886689320207" lon="11.417908631265163">
        <ele>423.10000000000002</ele>
      </trkpt>
      <trkpt lat="48.758822903037071" lon="11.417793380096555">
        <ele>423.12</ele>
      </trkpt>
      <trkpt lat="48.758765989914536" lon="11.417683074250817">
        <ele>424.44999999999999</ele>
      </trkpt>
      <trkpt lat="48.758755512535572" lon="11.417540498077869">
        <ele>424.35000000000002</ele>
      </trkpt>
      <trkpt lat="48.758733803406358" lon="11.41739884391427">
        <ele>422.57999999999998</ele>
      </trkpt>
      <trkpt lat="48.758714944124222" lon="11.417265823110938">
        <ele>420.41000000000003</ele>
      </trkpt>
      <trkpt lat="48.758675800636411" lon="11.417129198089242">
        <ele>423.19</ele>
      </trkpt>
      <trkpt lat="48.758681081235409" lon="11.416989220306277">
        <ele>422.73000000000002</ele>
      </trkpt>
      <trkpt lat="48.758674543350935" lon="11.416838094592094">
        <ele>418.69999999999999</ele>
      </trkpt>
      <trkpt lat="48.75867529772222" lon="11.416690740734339">
        <ele>419.80000000000001</ele>
      </trkpt>
      <trkpt lat="48.758678818121552" lon="11.416539195924997">
        <ele>422.75999999999999</ele>
      </trkpt>
      <trkpt lat="48.758659958839417" lon="11.416397960856557">
        <ele>424.43000000000001</ele>
      </trkpt>
      <trkpt lat="48.758613942191005" lon="11.41627692617476">
        <ele>420.83999999999997</ele>
      </trkpt>
      <trkpt lat="48.758578905835748" lon="11.416134769096971">
        <ele>418.48000000000002</ele>
      </trkpt>
      <trkpt lat="48.758587287738919" lon="11.415989259257913">
        <ele>419.69999999999999</ele>
      </trkpt>
      <trkpt lat="48.758584437891841" lon="11.41585229896009">
        <ele>419.74000000000001</ele>
      </trkpt>
      <trkpt lat="48.75857119448483" lon="11.415703520178795">
        <ele>419.23000000000002</ele>
      </trkpt>
      <trkpt lat="48.758554430678487" lon="11.415567314252257">
        <ele>419.45999999999998</ele>
      </trkpt>
      <trkpt lat="48.758529536426067" lon="11.4154286775738">
        <ele>420.25</ele>
      </trkpt>
      <trkpt lat="48.758494919165969" lon="11.415302697569132">
        <ele>417.08999999999997</ele>
      </trkpt>
      <trkpt lat="48.75845736823976" lon="11.415157439187169">
        <ele>415.69</ele>
      </trkpt>
      <trkpt lat="48.758428199216723" lon="11.415023244917393">
        <ele>413.93000000000001</ele>
      </trkpt>
      <trkpt lat="48.758380422368646" lon="11.41490682028234">
        <ele>413.62</ele>
      </trkpt>
      <trkpt lat="48.758371537551284" lon="11.41476022079587">
        <ele>414.55000000000001</ele>
      </trkpt>
      <trkpt lat="48.758361395448446" lon="11.414613537490368">
        <ele>414.91000000000003</ele>
      </trkpt>
      <trkpt lat="48.758340859785676" lon="11.414476409554482">
        <ele>415.91000000000003</ele>
      </trkpt>
      <trkpt lat="48.758330466225743" lon="11.414336850866675">
        <ele>416.91000000000003</ele>
      </trkpt>
      <trkpt lat="48.75830540433526" lon="11.414189329370856">
        <ele>411.86000000000001</ele>
      </trkpt>
      <trkpt lat="48.758280258625746" lon="11.414048932492733">
        <ele>408.70999999999998</ele>
      </trkpt>
      <trkpt lat="48.758242037147284" lon="11.413922868669033">
        <ele>407.81999999999999</ele>
      </trkpt>
      <trkpt lat="48.758186046034098" lon="11.413806779310107">
        <ele>410.13999999999999</ele>
      </trkpt>
      <trkpt lat="48.7581392750144" lon="11.413671327754855">
        <ele>412.37</ele>
      </trkpt>
      <trkpt lat="48.758109351620078" lon="11.413531852886081">
        <ele>413.37</ele>
      </trkpt>
      <trkpt lat="48.758073057979345" lon="11.413405789062381">
        <ele>413.85000000000002</ele>
      </trkpt>
      <trkpt lat="48.758032573387027" lon="11.413279641419649">
        <ele>414.88</ele>
      </trkpt>
      <trkpt lat="48.757976582273841" lon="11.413158690556884">
        <ele>414.98000000000002</ele>
      </trkpt>
      <trkpt lat="48.757937606424093" lon="11.413022736087441">
        <ele>415.45999999999998</ele>
      </trkpt>
      <trkpt lat="48.75788614153862" lon="11.412904299795628">
        <ele>414.87</ele>
      </trkpt>
      <trkpt lat="48.757839538156986" lon="11.412776811048388">
        <ele>414.44999999999999</ele>
      </trkpt>
      <trkpt lat="48.757781200110912" lon="11.412661308422685">
        <ele>415.88</ele>
      </trkpt>
      <trkpt lat="48.757719425484538" lon="11.412553768604994">
        <ele>417.12</ele>
      </trkpt>
      <trkpt lat="48.757685478776693" lon="11.412426782771945">
        <ele>417.08999999999997</ele>
      </trkpt>
      <trkpt lat="48.757649185135961" lon="11.412281859666109">
        <ele>416.63</ele>
      </trkpt>
      <trkpt lat="48.757603503763676" lon="11.412150515243411">
        <ele>416.02999999999997</ele>
      </trkpt>
      <trkpt lat="48.757560756057501" lon="11.412022188305855">
        <ele>415.98000000000002</ele>
      </trkpt>
      <trkpt lat="48.757491102442145" lon="11.411912804469466">
        <ele>415.25</ele>
      </trkpt>
      <trkpt lat="48.757445001974702" lon="11.411785902455449">
        <ele>414.74000000000001</ele>
      </trkpt>
      <trkpt lat="48.757391860708594" lon="11.411672998219728">
        <ele>414.11000000000001</ele>
      </trkpt>
      <trkpt lat="48.757326565682888" lon="11.411562105640769">
        <ele>413.93000000000001</ele>
      </trkpt>
      <trkpt lat="48.757269233465195" lon="11.411451967433095">
        <ele>414.69999999999999</ele>
      </trkpt>
      <trkpt lat="48.757214248180389" lon="11.411337219178677">
        <ele>414.38999999999999</ele>
      </trkpt>
      <trkpt lat="48.757160604000092" lon="11.411207634955645">
        <ele>411.44999999999999</ele>
      </trkpt>
      <trkpt lat="48.757116179913282" lon="11.411086432635784">
        <ele>411.18000000000001</ele>
      </trkpt>
      <trkpt lat="48.757058177143335" lon="11.410967577248812">
        <ele>411.51999999999998</ele>
      </trkpt>
      <trkpt lat="48.757009394466877" lon="11.410834807902575">
        <ele>410.27999999999997</ele>
      </trkpt>
      <trkpt lat="48.756968323141336" lon="11.410705894231796">
        <ele>410.63</ele>
      </trkpt>
      <trkpt lat="48.756912164390087" lon="11.410596594214439">
        <ele>412.23000000000002</ele>
      </trkpt>
      <trkpt lat="48.756847372278571" lon="11.410491317510605">
        <ele>413.30000000000001</ele>
      </trkpt>
      <trkpt lat="48.756804876029491" lon="11.41034790314734">
        <ele>413.43000000000001</ele>
      </trkpt>
      <trkpt lat="48.756731869652867" lon="11.41023893840611">
        <ele>413.93000000000001</ele>
      </trkpt>
      <trkpt lat="48.756670849397779" lon="11.410126704722643">
        <ele>415.76999999999998</ele>
      </trkpt>
      <trkpt lat="48.756627766415477" lon="11.409997204318643">
        <ele>413.01999999999998</ele>
      </trkpt>
      <trkpt lat="48.75657906755805" lon="11.409873487427831">
        <ele>411.75</ele>
      </trkpt>
      <trkpt lat="48.756534559652209" lon="11.409741220995784">
        <ele>412.94999999999999</ele>
      </trkpt>
      <trkpt lat="48.756472617387772" lon="11.409623455256224">
        <ele>415.31</ele>
      </trkpt>
      <trkpt lat="48.756421655416489" lon="11.409498229622841">
        <ele>415.25999999999999</ele>
      </trkpt>
      <trkpt lat="48.756389385089278" lon="11.409365879371762">
        <ele>415.91000000000003</ele>
      </trkpt>
      <trkpt lat="48.756363485008478" lon="11.409235540777445">
        <ele>415.20999999999998</ele>
      </trkpt>
      <trkpt lat="48.756319396197796" lon="11.40909506008029">
        <ele>414.30000000000001</ele>
      </trkpt>
      <trkpt lat="48.756283856928349" lon="11.408956255763769">
        <ele>413.74000000000001</ele>
      </trkpt>
      <trkpt lat="48.756255526095629" lon="11.408812589943409">
        <ele>416.31999999999999</ele>
      </trkpt>
      <trkpt lat="48.756232224404812" lon="11.408670349046588">
        <ele>416.81</ele>
      </trkpt>
      <trkpt lat="48.756204145029187" lon="11.408529365435243">
        <ele>417.25999999999999</ele>
      </trkpt>
      <trkpt lat="48.756181178614497" lon="11.4083899743855">
        <ele>416.16000000000003</ele>
      </trkpt>
      <trkpt lat="48.756174389272928" lon="11.408252427354455">
        <ele>415.16000000000003</ele>
      </trkpt>
      <trkpt lat="48.756135413423181" lon="11.408115215599537">
        <ele>415.19</ele>
      </trkpt>
      <trkpt lat="48.756107417866588" lon="11.407975405454636">
        <ele>415.70999999999998</ele>
      </trkpt>
      <trkpt lat="48.756092330440879" lon="11.407829644158483">
        <ele>414.99000000000001</ele>
      </trkpt>
      <trkpt lat="48.756081936880946" lon="11.407682038843632">
        <ele>414.64999999999998</ele>
      </trkpt>
      <trkpt lat="48.756063748151064" lon="11.407540049403906">
        <ele>413.69</ele>
      </trkpt>
      <trkpt lat="48.756035417318344" lon="11.407396970316768">
        <ele>414.69999999999999</ele>
      </trkpt>
      <trkpt lat="48.756010187789798" lon="11.407250538468361">
        <ele>415.54000000000002</ele>
      </trkpt>
      <trkpt lat="48.755978671833873" lon="11.407122295349836">
        <ele>416.79000000000002</ele>
      </trkpt>
      <trkpt lat="48.755949670448899" lon="11.406983993947506">
        <ele>416.48000000000002</ele>
      </trkpt>
      <trkpt lat="48.7559081800282" lon="11.406850973144174">
        <ele>415.87</ele>
      </trkpt>
      <trkpt lat="48.755852188915014" lon="11.406739996746182">
        <ele>416.14999999999998</ele>
      </trkpt>
      <trkpt lat="48.755824025720358" lon="11.406598929315805">
        <ele>415.16000000000003</ele>
      </trkpt>
      <trkpt lat="48.755783205851912" lon="11.406466579064727">
        <ele>414.94999999999999</ele>
      </trkpt>
      <trkpt lat="48.755738027393818" lon="11.406336659565568">
        <ele>416.19999999999999</ele>
      </trkpt>
      <trkpt lat="48.755695195868611" lon="11.406199280172586">
        <ele>415.25</ele>
      </trkpt>
      <trkpt lat="48.755668457597494" lon="11.406049663200974">
        <ele>414.23000000000002</ele>
      </trkpt>
      <trkpt lat="48.7556301523" lon="11.40592192299664">
        <ele>414.33999999999997</ele>
      </trkpt>
      <trkpt lat="48.755600396543741" lon="11.405780352652073">
        <ele>414.13999999999999</ele>
      </trkpt>
      <trkpt lat="48.755579944700003" lon="11.405638279393315">
        <ele>413.36000000000001</ele>
      </trkpt>
      <trkpt lat="48.755579274147749" lon="11.405489416792989">
        <ele>412.19999999999999</ele>
      </trkpt>
      <trkpt lat="48.755565276369452" lon="11.405347846448421">
        <ele>412.29000000000002</ele>
      </trkpt>
      <trkpt lat="48.755577933043242" lon="11.405211975798011">
        <ele>414.13</ele>
      </trkpt>
      <trkpt lat="48.755591176450253" lon="11.405074512585998">
        <ele>413.81999999999999</ele>
      </trkpt>
      <trkpt lat="48.755592266097665" lon="11.404926152899861">
        <ele>415</ele>
      </trkpt>
      <trkpt lat="48.755610035732388" lon="11.404775446280837">
        <ele>415.56999999999999</ele>
      </trkpt>
      <trkpt lat="48.755617998540401" lon="11.404629684984684">
        <ele>416.66000000000003</ele>
      </trkpt>
      <trkpt lat="48.755623446777463" lon="11.404488869011402">
        <ele>416.62</ele>
      </trkpt>
      <trkpt lat="48.755648005753756" lon="11.404346041381359">
        <ele>417.57999999999998</ele>
      </trkpt>
      <trkpt lat="48.755658566951752" lon="11.404195670038462">
        <ele>418.33999999999997</ele>
      </trkpt>
      <trkpt lat="48.755670133978128" lon="11.404056362807751">
        <ele>418.75</ele>
      </trkpt>
      <trkpt lat="48.75569368712604" lon="11.403924766927958">
        <ele>417.98000000000002</ele>
      </trkpt>
      <trkpt lat="48.755708020180464" lon="11.403780095279217">
        <ele>417.25</ele>
      </trkpt>
      <trkpt lat="48.755741463974118" lon="11.403641123324633">
        <ele>414.60000000000002</ele>
      </trkpt>
      <trkpt lat="48.75576795078814" lon="11.403493685647845">
        <ele>414.70999999999998</ele>
      </trkpt>
      <trkpt lat="48.755809776484966" lon="11.403355970978737">
        <ele>415.74000000000001</ele>
      </trkpt>
      <trkpt lat="48.755864510312676" lon="11.403231834992766">
        <ele>415.89999999999998</ele>
      </trkpt>
      <trkpt lat="48.755922596901655" lon="11.403112560510635">
        <ele>414.20999999999998</ele>
      </trkpt>
      <trkpt lat="48.756007924675941" lon="11.403030417859554">
        <ele>414.74000000000001</ele>
      </trkpt>
      <trkpt lat="48.756040949374437" lon="11.402903012931347">
        <ele>414.44999999999999</ele>
      </trkpt>
      <trkpt lat="48.756086546927691" lon="11.402770997956395">
        <ele>413.81999999999999</ele>
      </trkpt>
      <trkpt lat="48.756131725385785" lon="11.402642671018839">
        <ele>411.43000000000001</ele>
      </trkpt>
      <trkpt lat="48.756165420636535" lon="11.402503615245223">
        <ele>412.06</ele>
      </trkpt>
      <trkpt lat="48.756185788661242" lon="11.402352824807167">
        <ele>414.77999999999997</ele>
      </trkpt>
      <trkpt lat="48.756174221634865" lon="11.402171943336725">
        <ele>415.36000000000001</ele>
      </trkpt>
      <trkpt lat="48.756148237735033" lon="11.402024002745748">
        <ele>416.30000000000001</ele>
      </trkpt>
      <trkpt lat="48.756109680980444" lon="11.401898190379143">
        <ele>415.31999999999999</ele>
      </trkpt>
      <trkpt lat="48.756050420925021" lon="11.401777826249599">
        <ele>415.27999999999997</ele>
      </trkpt>
      <trkpt lat="48.75600004568696" lon="11.401645475998521">
        <ele>416.32999999999998</ele>
      </trkpt>
      <trkpt lat="48.755975402891636" lon="11.401504492387176">
        <ele>416.04000000000002</ele>
      </trkpt>
      <trkpt lat="48.755983449518681" lon="11.401361664757133">
        <ele>416.01999999999998</ele>
      </trkpt>
      <trkpt lat="48.75601957552135" lon="11.401232918724418">
        <ele>416.25</ele>
      </trkpt>
      <trkpt lat="48.756026197224855" lon="11.401078524067998">
        <ele>415.94</ele>
      </trkpt>
      <trkpt lat="48.756030220538378" lon="11.400938462466002">
        <ele>414.85000000000002</ele>
      </trkpt>
      <trkpt lat="48.756050253286958" lon="11.40080451965332">
        <ele>412.81999999999999</ele>
      </trkpt>
      <trkpt lat="48.756084786728024" lon="11.400669487193227">
        <ele>412.72000000000003</ele>
      </trkpt>
      <trkpt lat="48.755998201668262" lon="11.400609975680709">
        <ele>414.16000000000003</ele>
      </trkpt>
      <trkpt lat="48.755901055410504" lon="11.400575861334801">
        <ele>413.31</ele>
      </trkpt>
      <trkpt lat="48.755810195580125" lon="11.400552811101079">
        <ele>415.18000000000001</ele>
      </trkpt>
      <trkpt lat="48.755727969110012" lon="11.40048835426569">
        <ele>418.37</ele>
      </trkpt>
      <trkpt lat="48.755628224462271" lon="11.400484666228294">
        <ele>417.37</ele>
      </trkpt>
      <trkpt lat="48.755539376288652" lon="11.400432698428631">
        <ele>416.55000000000001</ele>
      </trkpt>
      <trkpt lat="48.755475590005517" lon="11.400313759222627">
        <ele>414.95999999999998</ele>
      </trkpt>
      <trkpt lat="48.755403086543083" lon="11.40022843144834">
        <ele>414.32999999999998</ele>
      </trkpt>
      <trkpt lat="48.755311807617545" lon="11.400157436728477">
        <ele>413.35000000000002</ele>
      </trkpt>
      <trkpt lat="48.755251541733742" lon="11.40002952888608">
        <ele>414.17000000000002</ele>
      </trkpt>
      <trkpt lat="48.755212062969804" lon="11.399886701256037">
        <ele>414.52999999999997</ele>
      </trkpt>
      <trkpt lat="48.755177445709705" lon="11.399751752614975">
        <ele>414.31</ele>
      </trkpt>
      <trkpt lat="48.755135871469975" lon="11.399612613022327">
        <ele>415.31999999999999</ele>
      </trkpt>
      <trkpt lat="48.755109133198857" lon="11.39946224167943">
        <ele>416.14999999999998</ele>
      </trkpt>
      <trkpt lat="48.755072336643934" lon="11.399332322180271">
        <ele>415.88999999999999</ele>
      </trkpt>
      <trkpt lat="48.755032019689679" lon="11.399188069626689">
        <ele>418.06999999999999</ele>
      </trkpt>
      <trkpt lat="48.754995055496693" lon="11.399059658870101">
        <ele>416.25</ele>
      </trkpt>
      <trkpt lat="48.754968149587512" lon="11.398912724107504">
        <ele>413.01999999999998</ele>
      </trkpt>
      <trkpt lat="48.754949374124408" lon="11.39877375215292">
        <ele>409.33999999999997</ele>
      </trkpt>
      <trkpt lat="48.754857508465648" lon="11.39875422231853">
        <ele>412.73000000000002</ele>
      </trkpt>
      <trkpt lat="48.754769330844283" lon="11.398798646405339">
        <ele>413.69999999999999</ele>
      </trkpt>
      <trkpt lat="48.754685511812568" lon="11.398870898410678">
        <ele>416.68000000000001</ele>
      </trkpt>
      <trkpt lat="48.754618456587195" lon="11.398968212306499">
        <ele>415.37</ele>
      </trkpt>
      <trkpt lat="48.754537152126431" lon="11.399039877578616">
        <ele>414.13</ele>
      </trkpt>
      <trkpt lat="48.754455596208572" lon="11.399142136797309">
        <ele>414.26999999999998</ele>
      </trkpt>
      <trkpt lat="48.754380494356155" lon="11.399256298318505">
        <ele>414.94</ele>
      </trkpt>
      <trkpt lat="48.754309164360166" lon="11.399354953318834">
        <ele>415.62</ele>
      </trkpt>
      <trkpt lat="48.754218891263008" lon="11.399381021037698">
        <ele>412.50999999999999</ele>
      </trkpt>
      <trkpt lat="48.754136664792895" lon="11.399439694359899">
        <ele>413.44999999999999</ele>
      </trkpt>
      <trkpt lat="48.754042955115438" lon="11.399502726271749">
        <ele>412.01999999999998</ele>
      </trkpt>
      <trkpt lat="48.753948910161853" lon="11.399558130651712">
        <ele>411.33999999999997</ele>
      </trkpt>
      <trkpt lat="48.753872970119119" lon="11.399640860036016">
        <ele>410.85000000000002</ele>
      </trkpt>
      <trkpt lat="48.753778673708439" lon="11.399647397920489">
        <ele>414.18000000000001</ele>
      </trkpt>
      <trkpt lat="48.75371715053916" lon="11.399531811475754">
        <ele>416.98000000000002</ele>
      </trkpt>
      <trkpt lat="48.75364925712347" lon="11.399435587227345">
        <ele>416.31</ele>
      </trkpt>
      <trkpt lat="48.75360231846571" lon="11.39931270852685">
        <ele>419.05000000000001</ele>
      </trkpt>
      <trkpt lat="48.753581447526813" lon="11.399165689945221">
        <ele>420.44</ele>
      </trkpt>
      <trkpt lat="48.753509195521474" lon="11.399065777659416">
        <ele>419.91000000000003</ele>
      </trkpt>
      <trkpt lat="48.753428226336837" lon="11.398981120437384">
        <ele>418.38</ele>
      </trkpt>
      <trkpt lat="48.753397213295102" lon="11.398844914510846">
        <ele>418.06</ele>
      </trkpt>
      <trkpt lat="48.75329939648509" lon="11.398802837356925">
        <ele>414.5</ele>
      </trkpt>
      <trkpt lat="48.753208452835679" lon="11.398775596171618">
        <ele>413.79000000000002</ele>
      </trkpt>
      <trkpt lat="48.753297971561551" lon="11.398758748546243">
        <ele>411.02999999999997</ele>
      </trkpt>
      <trkpt lat="48.753199568018317" lon="11.398672163486481">
        <ele>411.82999999999998</ele>
      </trkpt>
      <trkpt lat="48.753069480881095" lon="11.398706529289484">
        <ele>412.94</ele>
      </trkpt>
      <trkpt lat="48.752988260239363" lon="11.398789593949914">
        <ele>413.52999999999997</ele>
      </trkpt>
      <trkpt lat="48.752913661301136" lon="11.398867294192314">
        <ele>414.72000000000003</ele>
      </trkpt>
      <trkpt lat="48.752826740965247" lon="11.398935439065099">
        <ele>414.85000000000002</ele>
      </trkpt>
      <trkpt lat="48.752731522545218" lon="11.398939127102494">
        <ele>415.70999999999998</ele>
      </trkpt>
      <trkpt lat="48.752641249448061" lon="11.398973409086466">
        <ele>414.51999999999998</ele>
      </trkpt>
      <trkpt lat="48.752554077655077" lon="11.399021605029702">
        <ele>414.60000000000002</ele>
      </trkpt>
      <trkpt lat="48.752466067671776" lon="11.399068208411336">
        <ele>416.79000000000002</ele>
      </trkpt>
      <trkpt lat="48.75237537547946" lon="11.399037530645728">
        <ele>418.50999999999999</ele>
      </trkpt>
      <trkpt lat="48.752275966107845" lon="11.399005679413676">
        <ele>415.89999999999998</ele>
      </trkpt>
      <trkpt lat="48.752192063257098" lon="11.398935858160257">
        <ele>414.17000000000002</ele>
      </trkpt>
      <trkpt lat="48.752117212861776" lon="11.398846674710512">
        <ele>415.05000000000001</ele>
      </trkpt>
      <trkpt lat="48.752038842067122" lon="11.398775847628713">
        <ele>418.06</ele>
      </trkpt>
      <trkpt lat="48.751934319734573" lon="11.398736285045743">
        <ele>418.01999999999998</ele>
      </trkpt>
      <trkpt lat="48.751845555379987" lon="11.398711558431387">
        <ele>406.07999999999998</ele>
      </trkpt>
      <trkpt lat="48.75173918902874" lon="11.398718766868114">
        <ele>404.63</ele>
      </trkpt>
      <trkpt lat="48.751639947295189" lon="11.398695465177298">
        <ele>404.44</ele>
      </trkpt>
      <trkpt lat="48.751539951190352" lon="11.398672414943576">
        <ele>407.31999999999999</ele>
      </trkpt>
      <trkpt lat="48.751445906236768" lon="11.398612735792994">
        <ele>410.41000000000003</ele>
      </trkpt>
      <trkpt lat="48.751352028921247" lon="11.398610221222043">
        <ele>412.72000000000003</ele>
      </trkpt>
      <trkpt lat="48.751264186576009" lon="11.39855389483273">
        <ele>415.30000000000001</ele>
      </trkpt>
      <trkpt lat="48.751170393079519" lon="11.398567305877805">
        <ele>416.94</ele>
      </trkpt>
      <trkpt lat="48.751088585704565" lon="11.398636791855097">
        <ele>417.76999999999998</ele>
      </trkpt>
      <trkpt lat="48.751001665368676" lon="11.398732932284474">
        <ele>417.63</ele>
      </trkpt>
      <trkpt lat="48.750979704782367" lon="11.398869892582297">
        <ele>416</ele>
      </trkpt>
      <trkpt lat="48.750986577942967" lon="11.39901565387845">
        <ele>415.76999999999998</ele>
      </trkpt>
      <trkpt lat="48.750986745581031" lon="11.399159487336874">
        <ele>415.67000000000002</ele>
      </trkpt>
      <trkpt lat="48.750941148027778" lon="11.39928781427443">
        <ele>415.81</ele>
      </trkpt>
      <trkpt lat="48.750891108065844" lon="11.399409519508481">
        <ele>418.47000000000003</ele>
      </trkpt>
      <trkpt lat="48.750862441956997" lon="11.399545390158892">
        <ele>419.38</ele>
      </trkpt>
      <trkpt lat="48.750797985121608" lon="11.399649996310472">
        <ele>419.44</ele>
      </trkpt>
      <trkpt lat="48.750823130831122" lon="11.39978620223701">
        <ele>418.54000000000002</ele>
      </trkpt>
      <trkpt lat="48.750834278762341" lon="11.399935148656368">
        <ele>418.04000000000002</ele>
      </trkpt>
      <trkpt lat="48.750877194106579" lon="11.400068504735827">
        <ele>417.31</ele>
      </trkpt>
      <trkpt lat="48.750890102237463" lon="11.400216864421964">
        <ele>419.08999999999997</ele>
      </trkpt>
      <trkpt lat="48.750900998711586" lon="11.40035348944366">
        <ele>417.97000000000003</ele>
      </trkpt>
      <trkpt lat="48.750945338979363" lon="11.400487683713436">
        <ele>420.81</ele>
      </trkpt>
      <trkpt lat="48.751005018129945" lon="11.400600168853998">
        <ele>421.62</ele>
      </trkpt>
      <trkpt lat="48.751007029786706" lon="11.400753306224942">
        <ele>424.30000000000001</ele>
      </trkpt>
      <trkpt lat="48.751053381711245" lon="11.40090468339622">
        <ele>416.85000000000002</ele>
      </trkpt>
      <trkpt lat="48.751034438610077" lon="11.401041056960821">
        <ele>417.63999999999999</ele>
      </trkpt>
      <trkpt lat="48.751037875190377" lon="11.401188829913735">
        <ele>416.45999999999998</ele>
      </trkpt>
      <trkpt lat="48.751013316214085" lon="11.401320341974497">
        <ele>416.95999999999998</ele>
      </trkpt>
      <trkpt lat="48.751015663146973" lon="11.401465516537428">
        <ele>417.36000000000001</ele>
      </trkpt>
      <trkpt lat="48.751067547127604" lon="11.40141824260354">
        <ele>366.40234375</ele>
      </trkpt>
      <trkpt lat="48.751462753862143" lon="11.400472177192569">
        <ele>368</ele>
      </trkpt>
      <trkpt lat="48.751637935638428" lon="11.400593966245651">
        <ele>368</ele>
      </trkpt>
      <trkpt lat="48.751777159050107" lon="11.400988167151809">
        <ele>368.140625</ele>
      </trkpt>
      <trkpt lat="48.751907413825393" lon="11.401798110455275">
        <ele>368.75</ele>
      </trkpt>
      <trkpt lat="48.751907413825393" lon="11.401790985837579">
        <ele>368.75390625</ele>
      </trkpt>
      <trkpt lat="48.751983772963285" lon="11.40247905626893">
        <ele>368.078125</ele>
      </trkpt>
      <trkpt lat="48.751902971416712" lon="11.402536388486624">
        <ele>368.34375</ele>
      </trkpt>
      <trkpt lat="48.751974804326892" lon="11.403145669028163">
        <ele>368.19921875</ele>
      </trkpt>
      <trkpt lat="48.752037668600678" lon="11.403396539390087">
        <ele>368</ele>
      </trkpt>
      <trkpt lat="48.752212850376964" lon="11.403632992878556">
        <ele>368</ele>
      </trkpt>
      <trkpt lat="48.752760859206319" lon="11.403905404731631">
        <ele>367.875</ele>
      </trkpt>
      <trkpt lat="48.752212850376964" lon="11.406464232131839">
        <ele>367</ele>
      </trkpt>
      <trkpt lat="48.752105059102178" lon="11.40678676776588">
        <ele>367</ele>
      </trkpt>
      <trkpt lat="48.752006236463785" lon="11.406973097473383">
        <ele>367</ele>
      </trkpt>
      <trkpt lat="48.752073626965284" lon="11.407159427180886">
        <ele>367</ele>
      </trkpt>
      <trkpt lat="48.752073626965284" lon="11.40715230256319">
        <ele>367</ele>
      </trkpt>
      <trkpt lat="48.752379063516855" lon="11.407180968672037">
        <ele>367</ele>
      </trkpt>
      <trkpt lat="48.752630604431033" lon="11.407309966161847">
        <ele>367</ele>
      </trkpt>
      <trkpt lat="48.752877619117498" lon="11.407582378014922">
        <ele>367</ele>
      </trkpt>
      <trkpt lat="48.753097727894783" lon="11.407603835687041">
        <ele>367</ele>
      </trkpt>
      <trkpt lat="48.753254888579249" lon="11.40776158310473">
        <ele>366.80859375</ele>
      </trkpt>
      <trkpt lat="48.753326805308461" lon="11.40806257724762">
        <ele>366.9296875</ele>
      </trkpt>
      <trkpt lat="48.753362679854035" lon="11.408134242519736">
        <ele>366.91015625</ele>
      </trkpt>
      <trkpt lat="48.753433926030993" lon="11.408179504796863">
        <ele>416.48000000000002</ele>
      </trkpt>
      <trkpt lat="48.753523528575897" lon="11.40812854282558">
        <ele>418.91000000000003</ele>
      </trkpt>
      <trkpt lat="48.753612292930484" lon="11.408089315518737">
        <ele>424.45999999999998</ele>
      </trkpt>
      <trkpt lat="48.75370692461729" lon="11.408061822876334">
        <ele>425.35000000000002</ele>
      </trkpt>
      <trkpt lat="48.753796778619289" lon="11.408086130395532">
        <ele>425.06</ele>
      </trkpt>
      <trkpt lat="48.75388621352613" lon="11.408151593059301">
        <ele>425</ele>
      </trkpt>
      <trkpt lat="48.753967434167862" lon="11.40822091139853">
        <ele>424.74000000000001</ele>
      </trkpt>
      <trkpt lat="48.754049995914102" lon="11.408276231959462">
        <ele>426.04000000000002</ele>
      </trkpt>
      <trkpt lat="48.754148399457335" lon="11.408293163403869">
        <ele>425.32999999999998</ele>
      </trkpt>
      <trkpt lat="48.75424487516284" lon="11.408240776509047">
        <ele>425.23000000000002</ele>
      </trkpt>
      <trkpt lat="48.754335148259997" lon="11.408238010481">
        <ele>426.88999999999999</ele>
      </trkpt>
      <trkpt lat="48.754424918442965" lon="11.408216468989849">
        <ele>425.93000000000001</ele>
      </trkpt>
      <trkpt lat="48.754521729424596" lon="11.408200040459633">
        <ele>424.36000000000001</ele>
      </trkpt>
      <trkpt lat="48.754613092169166" lon="11.408181516453624">
        <ele>417.54000000000002</ele>
      </trkpt>
      <trkpt lat="48.754712333902717" lon="11.408196184784174">
        <ele>416.13999999999999</ele>
      </trkpt>
      <trkpt lat="48.754799840971828" lon="11.408247817307711">
        <ele>416.02999999999997</ele>
      </trkpt>
      <trkpt lat="48.754891706630588" lon="11.408263994380832">
        <ele>415.92000000000002</ele>
      </trkpt>
      <trkpt lat="48.754971586167812" lon="11.408182019367814">
        <ele>415.33999999999997</ele>
      </trkpt>
      <trkpt lat="48.755036378279328" lon="11.408083364367485">
        <ele>414.87</ele>
      </trkpt>
      <trkpt lat="48.755087843164802" lon="11.407964006066322">
        <ele>413.54000000000002</ele>
      </trkpt>
      <trkpt lat="48.755113072693348" lon="11.407818328589201">
        <ele>412.54000000000002</ele>
      </trkpt>
      <trkpt lat="48.755150875076652" lon="11.407667538151145">
        <ele>412.08999999999997</ele>
      </trkpt>
      <trkpt lat="48.755177948623896" lon="11.407522363588214">
        <ele>412.22000000000003</ele>
      </trkpt>
      <trkpt lat="48.75519379042089" lon="11.407370651140809">
        <ele>414.56</ele>
      </trkpt>
      <trkpt lat="48.755186749622226" lon="11.40722556039691">
        <ele>414.92000000000002</ele>
      </trkpt>
      <trkpt lat="48.755169566720724" lon="11.407087258994579">
        <ele>415.19999999999999</ele>
      </trkpt>
      <trkpt lat="48.755199741572142" lon="11.406947365030646">
        <ele>416.82999999999998</ele>
      </trkpt>
      <trkpt lat="48.755249613896012" lon="11.406818451359868">
        <ele>417.13999999999999</ele>
      </trkpt>
      <trkpt lat="48.755282806232572" lon="11.406675707548857">
        <ele>415.51999999999998</ele>
      </trkpt>
      <trkpt lat="48.755338545888662" lon="11.406563222408295">
        <ele>413.85000000000002</ele>
      </trkpt>
      <trkpt lat="48.755420688539743" lon="11.406484767794609">
        <ele>411.11000000000001</ele>
      </trkpt>
      <trkpt lat="48.755511380732059" lon="11.406450234353542">
        <ele>411.08999999999997</ele>
      </trkpt>
      <trkpt lat="48.755600061267614" lon="11.406396338716149">
        <ele>412.39999999999998</ele>
      </trkpt>
      <trkpt lat="48.755683125928044" lon="11.406333558261395">
        <ele>412.16000000000003</ele>
      </trkpt>
      <trkpt lat="48.755775913596153" lon="11.406321488320827">
        <ele>412.74000000000001</ele>
      </trkpt>
      <trkpt lat="48.755866857245564" lon="11.406302712857723">
        <ele>413.41000000000003</ele>
      </trkpt>
      <trkpt lat="48.755956459790468" lon="11.406278237700462">
        <ele>414.50999999999999</ele>
      </trkpt>
      <trkpt lat="48.756042290478945" lon="11.406230544671416">
        <ele>415.94</ele>
      </trkpt>
      <trkpt lat="48.756135916337371" lon="11.406157203018665">
        <ele>415.37</ele>
      </trkpt>
      <trkpt lat="48.756228871643543" lon="11.406109845265746">
        <ele>416.04000000000002</ele>
      </trkpt>
      <trkpt lat="48.756314869970083" lon="11.406041281297803">
        <ele>416.50999999999999</ele>
      </trkpt>
      <trkpt lat="48.756399778649211" lon="11.405991911888123">
        <ele>417.05000000000001</ele>
      </trkpt>
      <trkpt lat="48.756483513861895" lon="11.405934160575271">
        <ele>417.25999999999999</ele>
      </trkpt>
      <trkpt lat="48.756578648462892" lon="11.405860483646393">
        <ele>416.01999999999998</ele>
      </trkpt>
      <trkpt lat="48.756662802770734" lon="11.405806336551905">
        <ele>415.25</ele>
      </trkpt>
      <trkpt lat="48.756748298183084" lon="11.405749004334211">
        <ele>414.63</ele>
      </trkpt>
      <trkpt lat="48.756832368671894" lon="11.405697790905833">
        <ele>413.11000000000001</ele>
      </trkpt>
      <trkpt lat="48.756917947903275" lon="11.405640542507172">
        <ele>413.69999999999999</ele>
      </trkpt>
      <trkpt lat="48.757010148838162" lon="11.405615983530879">
        <ele>414.30000000000001</ele>
      </trkpt>
      <trkpt lat="48.757076533511281" lon="11.405717739835382">
        <ele>414.01999999999998</ele>
      </trkpt>
      <trkpt lat="48.757120789960027" lon="11.405851850286126">
        <ele>413.98000000000002</ele>
      </trkpt>
      <trkpt lat="48.757144091650844" lon="11.405998198315501">
        <ele>414.66000000000003</ele>
      </trkpt>
      <trkpt lat="48.757228413596749" lon="11.406059470027685">
        <ele>414.20999999999998</ele>
      </trkpt>
      <trkpt lat="48.757324973121285" lon="11.406062403693795">
        <ele>415.25999999999999</ele>
      </trkpt>
      <trkpt lat="48.757417844608426" lon="11.406078245490789">
        <ele>417.42000000000002</ele>
      </trkpt>
      <trkpt lat="48.757511219009757" lon="11.406085705384612">
        <ele>417.56999999999999</ele>
      </trkpt>
      <trkpt lat="48.757604258134961" lon="11.406128285452724">
        <ele>415.91000000000003</ele>
      </trkpt>
      <trkpt lat="48.757689669728279" lon="11.406204644590616">
        <ele>418.06999999999999</ele>
      </trkpt>
      <trkpt lat="48.75777080655098" lon="11.406287373974919">
        <ele>418.51999999999998</ele>
      </trkpt>
      <trkpt lat="48.757847836241126" lon="11.406368678435683">
        <ele>420.11000000000001</ele>
      </trkpt>
      <trkpt lat="48.75792570412159" lon="11.406439505517483">
        <ele>420.56999999999999</ele>
      </trkpt>
      <trkpt lat="48.757972894236445" lon="11.406556349247694">
        <ele>422.36000000000001</ele>
      </trkpt>
      <trkpt lat="48.758022766560316" lon="11.406669588759542">
        <ele>423.18000000000001</ele>
      </trkpt>
      <trkpt lat="48.758080098778009" lon="11.40677947551012">
        <ele>421.75</ele>
      </trkpt>
      <trkpt lat="48.758140280842781" lon="11.406882740557194">
        <ele>420.07999999999998</ele>
      </trkpt>
      <trkpt lat="48.758181519806385" lon="11.407020622864366">
        <ele>419.23000000000002</ele>
      </trkpt>
      <trkpt lat="48.758276319131255" lon="11.407046858221292">
        <ele>418.64999999999998</ele>
      </trkpt>
      <trkpt lat="48.758372878655791" lon="11.407036883756518">
        <ele>419.60000000000002</ele>
      </trkpt>
      <trkpt lat="48.758467342704535" lon="11.407036129385233">
        <ele>421.98000000000002</ele>
      </trkpt>
      <trkpt lat="48.758552670478821" lon="11.406989106908441">
        <ele>422.56</ele>
      </trkpt>
      <trkpt lat="48.758647721260786" lon="11.406930014491081">
        <ele>421.39999999999998</ele>
      </trkpt>
      <trkpt lat="48.758745035156608" lon="11.406890535727143">
        <ele>420.33999999999997</ele>
      </trkpt>
      <trkpt lat="48.758842432871461" lon="11.406836975365877">
        <ele>419.55000000000001</ele>
      </trkpt>
      <trkpt lat="48.758929520845413" lon="11.406798418611288">
        <ele>419</ele>
      </trkpt>
      <trkpt lat="48.759034881368279" lon="11.406762963160872">
        <ele>419.16000000000003</ele>
      </trkpt>
      <trkpt lat="48.759136470034719" lon="11.406761035323143">
        <ele>418.74000000000001</ele>
      </trkpt>
      <trkpt lat="48.759231436997652" lon="11.406780146062374">
        <ele>419.69999999999999</ele>
      </trkpt>
      <trkpt lat="48.759323135018349" lon="11.406784085556865">
        <ele>420.88999999999999</ele>
      </trkpt>
      <trkpt lat="48.759409384801984" lon="11.406735721975565">
        <ele>417.86000000000001</ele>
      </trkpt>
      <trkpt lat="48.759501166641712" lon="11.406726585701108">
        <ele>415.75999999999999</ele>
      </trkpt>
      <trkpt lat="48.759593367576599" lon="11.40669540502131">
        <ele>416</ele>
      </trkpt>
      <trkpt lat="48.759682634845376" lon="11.406731195747852">
        <ele>414.81</ele>
      </trkpt>
      <trkpt lat="48.759780954569578" lon="11.406723568215966">
        <ele>414.79000000000002</ele>
      </trkpt>
      <trkpt lat="48.759881872683764" lon="11.406718958169222">
        <ele>416.70999999999998</ele>
      </trkpt>
      <trkpt lat="48.759969044476748" lon="11.406683921813965">
        <ele>416.95999999999998</ele>
      </trkpt>
      <trkpt lat="48.760064179077744" lon="11.40665584243834">
        <ele>414.73000000000002</ele>
      </trkpt>
      <trkpt lat="48.760155458003283" lon="11.406642347574234">
        <ele>415.39999999999998</ele>
      </trkpt>
      <trkpt lat="48.760251263156533" lon="11.406640168279409">
        <ele>415.67000000000002</ele>
      </trkpt>
      <trkpt lat="48.760338686406612" lon="11.406585350632668">
        <ele>415.61000000000001</ele>
      </trkpt>
      <trkpt lat="48.760359305888414" lon="11.406442103907466">
        <ele>415.54000000000002</ele>
      </trkpt>
      <trkpt lat="48.760390151292086" lon="11.40630547888577">
        <ele>415.37</ele>
      </trkpt>
      <trkpt lat="48.760421583428979" lon="11.406173296272755">
        <ele>412.94</ele>
      </trkpt>
      <trkpt lat="48.760450668632984" lon="11.406032396480441">
        <ele>413.06999999999999</ele>
      </trkpt>
      <trkpt lat="48.760470701381564" lon="11.405892670154572">
        <ele>412.06</ele>
      </trkpt>
      <trkpt lat="48.76046659424901" lon="11.405740957707167">
        <ele>411.00999999999999</ele>
      </trkpt>
      <trkpt lat="48.760455530136824" lon="11.405601231381297">
        <ele>410.20999999999998</ele>
      </trkpt>
      <trkpt lat="48.760473635047674" lon="11.405451949685812">
        <ele>411.11000000000001</ele>
      </trkpt>
      <trkpt lat="48.7604670971632" lon="11.405306272208691">
        <ele>411.26999999999998</ele>
      </trkpt>
      <trkpt lat="48.760480508208275" lon="11.405156152322888">
        <ele>414.25999999999999</ele>
      </trkpt>
      <trkpt lat="48.760483860969543" lon="11.405002009123564">
        <ele>415.18000000000001</ele>
      </trkpt>
      <trkpt lat="48.76047246158123" lon="11.40485867857933">
        <ele>414.26999999999998</ele>
      </trkpt>
      <trkpt lat="48.760469276458025" lon="11.404719371348619">
        <ele>414.88999999999999</ele>
      </trkpt>
      <trkpt lat="48.760476903989911" lon="11.404583584517241">
        <ele>415.43000000000001</ele>
      </trkpt>
      <trkpt lat="48.760479670017958" lon="11.40444721095264">
        <ele>415.13999999999999</ele>
      </trkpt>
      <trkpt lat="48.760487213730812" lon="11.404310250654817">
        <ele>414.55000000000001</ele>
      </trkpt>
      <trkpt lat="48.760483358055353" lon="11.404164740815759">
        <ele>412.12</ele>
      </trkpt>
      <trkpt lat="48.760476820170879" lon="11.404018560424447">
        <ele>412.44</ele>
      </trkpt>
      <trkpt lat="48.760479837656021" lon="11.403877409175038">
        <ele>412.31999999999999</ele>
      </trkpt>
      <trkpt lat="48.76049593091011" lon="11.403735168278217">
        <ele>412.48000000000002</ele>
      </trkpt>
      <trkpt lat="48.760542282834649" lon="11.40361069701612">
        <ele>411.35000000000002</ele>
      </trkpt>
      <trkpt lat="48.76060095615685" lon="11.403498630970716">
        <ele>412.80000000000001</ele>
      </trkpt>
      <trkpt lat="48.760670609772205" lon="11.403401736170053">
        <ele>413.91000000000003</ele>
      </trkpt>
      <trkpt lat="48.760747639462352" lon="11.403314480558038">
        <ele>414.01999999999998</ele>
      </trkpt>
      <trkpt lat="48.760810671374202" lon="11.403215071186423">
        <ele>413.93000000000001</ele>
      </trkpt>
      <trkpt lat="48.760884683579206" lon="11.403119685128331">
        <ele>413.60000000000002</ele>
      </trkpt>
      <trkpt lat="48.76094838604331" lon="11.40302094630897">
        <ele>413.56</ele>
      </trkpt>
      <trkpt lat="48.76101334579289" lon="11.402923716232181">
        <ele>413.69999999999999</ele>
      </trkpt>
      <trkpt lat="48.761089034378529" lon="11.402830425649881">
        <ele>414.93000000000001</ele>
      </trkpt>
      <trkpt lat="48.761173440143466" lon="11.402752306312323">
        <ele>416.58999999999997</ele>
      </trkpt>
      <trkpt lat="48.761253906413913" lon="11.402671169489622">
        <ele>415.56999999999999</ele>
      </trkpt>
      <trkpt lat="48.761327918618917" lon="11.402586260810494">
        <ele>415.77999999999997</ele>
      </trkpt>
      <trkpt lat="48.761415593326092" lon="11.402540076524019">
        <ele>415.42000000000002</ele>
      </trkpt>
      <trkpt lat="48.761506201699376" lon="11.402499927207828">
        <ele>415.02999999999997</ele>
      </trkpt>
      <trkpt lat="48.761599827557802" lon="11.402441589161754">
        <ele>418.17000000000002</ele>
      </trkpt>
      <trkpt lat="48.761692531406879" lon="11.402406636625528">
        <ele>419.12</ele>
      </trkpt>
      <trkpt lat="48.761773081496358" lon="11.402329271659255">
        <ele>417.32999999999998</ele>
      </trkpt>
      <trkpt lat="48.761869892477989" lon="11.402282165363431">
        <ele>417.04000000000002</ele>
      </trkpt>
      <trkpt lat="48.761955052614212" lon="11.40223472379148">
        <ele>417.52999999999997</ele>
      </trkpt>
      <trkpt lat="48.76204633153975" lon="11.402201447635889">
        <ele>416.76999999999998</ele>
      </trkpt>
      <trkpt lat="48.762129228562117" lon="11.402141600847244">
        <ele>414.85000000000002</ele>
      </trkpt>
      <trkpt lat="48.762215729802847" lon="11.402083095163107">
        <ele>414.86000000000001</ele>
      </trkpt>
      <trkpt lat="48.762288568541408" lon="11.402002712711692">
        <ele>415.61000000000001</ele>
      </trkpt>
      <trkpt lat="48.762371381744742" lon="11.401922916993499">
        <ele>415.92000000000002</ele>
      </trkpt>
      <trkpt lat="48.762435670942068" lon="11.40181546099484">
        <ele>415.31</ele>
      </trkpt>
      <trkpt lat="48.762478167191148" lon="11.401680344715714">
        <ele>414.89999999999998</ele>
      </trkpt>
      <trkpt lat="48.762554777786136" lon="11.401596441864967">
        <ele>414.99000000000001</ele>
      </trkpt>
      <trkpt lat="48.762630969285965" lon="11.401505833491683">
        <ele>416.99000000000001</ele>
      </trkpt>
      <trkpt lat="48.762718057259917" lon="11.401440119370818">
        <ele>418.36000000000001</ele>
      </trkpt>
      <trkpt lat="48.762814197689295" lon="11.401412123814225">
        <ele>418.19</ele>
      </trkpt>
      <trkpt lat="48.762904470786452" lon="11.401390917599201">
        <ele>418.44999999999999</ele>
      </trkpt>
      <trkpt lat="48.762986529618502" lon="11.401327298954129">
        <ele>417.12</ele>
      </trkpt>
      <trkpt lat="48.763082586228848" lon="11.401266781613231">
        <ele>415.36000000000001</ele>
      </trkpt>
      <trkpt lat="48.763173948973417" lon="11.401192015036941">
        <ele>415.39999999999998</ele>
      </trkpt>
      <trkpt lat="48.763250559568405" lon="11.401114901527762">
        <ele>415.25</ele>
      </trkpt>
      <trkpt lat="48.763338318094611" lon="11.401056982576847">
        <ele>413.70999999999998</ele>
      </trkpt>
      <trkpt lat="48.763423142954707" lon="11.400995710864663">
        <ele>413.61000000000001</ele>
      </trkpt>
      <trkpt lat="48.763509308919311" lon="11.400925302878022">
        <ele>413.25999999999999</ele>
      </trkpt>
      <trkpt lat="48.763595558702946" lon="11.400864869356155">
        <ele>413.60000000000002</ele>
      </trkpt>
      <trkpt lat="48.763687172904611" lon="11.400828994810581">
        <ele>413.35000000000002</ele>
      </trkpt>
      <trkpt lat="48.763777781277895" lon="11.400817260146141">
        <ele>413.92000000000002</ele>
      </trkpt>
      <trkpt lat="48.763869479298592" lon="11.400804352015257">
        <ele>414.69999999999999</ele>
      </trkpt>
      <trkpt lat="48.763970900326967" lon="11.400798819959164">
        <ele>415.99000000000001</ele>
      </trkpt>
      <trkpt lat="48.764066202566028" lon="11.400764202699065">
        <ele>416.43000000000001</ele>
      </trkpt>
      <trkpt lat="48.764155386015773" lon="11.400737632066011">
        <ele>413.82999999999998</ele>
      </trkpt>
      <trkpt lat="48.764247419312596" lon="11.400709133595228">
        <ele>414.75</ele>
      </trkpt>
      <trkpt lat="48.764344230294228" lon="11.400696309283376">
        <ele>415.11000000000001</ele>
      </trkpt>
      <trkpt lat="48.764438945800066" lon="11.400661608204246">
        <ele>415.37</ele>
      </trkpt>
      <trkpt lat="48.764534164220095" lon="11.40065498650074">
        <ele>417.22000000000003</ele>
      </trkpt>
      <trkpt lat="48.764618486166" lon="11.400607544928789">
        <ele>417.94</ele>
      </trkpt>
      <trkpt lat="48.764706496149302" lon="11.400577537715435">
        <ele>417.50999999999999</ele>
      </trkpt>
      <trkpt lat="48.764719907194376" lon="11.400437308475375">
        <ele>413.63</ele>
      </trkpt>
      <trkpt lat="48.764697946608067" lon="11.400285679847002">
        <ele>413.72000000000003</ele>
      </trkpt>
      <trkpt lat="48.764658635482192" lon="11.400160286575556">
        <ele>415.31</ele>
      </trkpt>
      <trkpt lat="48.764618486166" lon="11.400021482259035">
        <ele>415.88</ele>
      </trkpt>
      <trkpt lat="48.764603147283196" lon="11.399885108694434">
        <ele>415.44</ele>
      </trkpt>
      <trkpt lat="48.764591664075851" lon="11.399750160053372">
        <ele>414.93000000000001</ele>
      </trkpt>
      <trkpt lat="48.764593675732613" lon="11.399601297453046">
        <ele>416.88</ele>
      </trkpt>
      <trkpt lat="48.764567356556654" lon="11.399460313841701">
        <ele>417.25</ele>
      </trkpt>
      <trkpt lat="48.764540618285537" lon="11.399315223097801">
        <ele>419.58999999999997</ele>
      </trkpt>
      <trkpt lat="48.764502061530948" lon="11.399188991636038">
        <ele>418.81</ele>
      </trkpt>
      <trkpt lat="48.764471132308245" lon="11.399054797366261">
        <ele>418.02999999999997</ele>
      </trkpt>
      <trkpt lat="48.764429138973355" lon="11.398917082697153">
        <ele>417.31999999999999</ele>
      </trkpt>
      <trkpt lat="48.764427462592721" lon="11.398767549544573">
        <ele>416.89999999999998</ele>
      </trkpt>
      <trkpt lat="48.764422349631786" lon="11.398630505427718">
        <ele>420.56999999999999</ele>
      </trkpt>
      <trkpt lat="48.764397455379367" lon="11.398487007245421">
        <ele>421.18000000000001</ele>
      </trkpt>
      <trkpt lat="48.764379853382707" lon="11.398349041119218">
        <ele>421.69</ele>
      </trkpt>
      <trkpt lat="48.764348421245813" lon="11.3982187025249">
        <ele>419.38999999999999</ele>
      </trkpt>
      <trkpt lat="48.764351438730955" lon="11.398078138008714">
        <ele>419.26999999999998</ele>
      </trkpt>
      <trkpt lat="48.764332411810756" lon="11.397934388369322">
        <ele>418</ele>
      </trkpt>
      <trkpt lat="48.764316737651825" lon="11.397790471091866">
        <ele>416.19999999999999</ele>
      </trkpt>
      <trkpt lat="48.764309110119939" lon="11.397649319842458">
        <ele>415.25</ele>
      </trkpt>
      <trkpt lat="48.764266446232796" lon="11.39751504175365">
        <ele>413.88999999999999</ele>
      </trkpt>
      <trkpt lat="48.764214981347322" lon="11.397398198023438">
        <ele>414.10000000000002</ele>
      </trkpt>
      <trkpt lat="48.76418455503881" lon="11.397255286574364">
        <ele>416.69999999999999</ele>
      </trkpt>
      <trkpt lat="48.764171060174704" lon="11.397112123668194">
        <ele>419.13</ele>
      </trkpt>
      <trkpt lat="48.764154631644487" lon="11.396971475332975">
        <ele>421.55000000000001</ele>
      </trkpt>
      <trkpt lat="48.764123367145658" lon="11.396837197244167">
        <ele>422.91000000000003</ele>
      </trkpt>
      <trkpt lat="48.764099227264524" lon="11.396705266088247">
        <ele>422.62</ele>
      </trkpt>
      <trkpt lat="48.764071650803089" lon="11.396570652723312">
        <ele>421.76999999999998</ele>
      </trkpt>
      <trkpt lat="48.764059580862522" lon="11.396422879770398">
        <ele>420.23000000000002</ele>
      </trkpt>
      <trkpt lat="48.764047594740987" lon="11.396279381588101">
        <ele>423.25</ele>
      </trkpt>
      <trkpt lat="48.764026053249836" lon="11.396141750738025">
        <ele>423.5</ele>
      </trkpt>
      <trkpt lat="48.763997135683894" lon="11.396004874259233">
        <ele>424.22000000000003</ele>
      </trkpt>
      <trkpt lat="48.763964446261525" lon="11.395873194560409">
        <ele>424.94</ele>
      </trkpt>
      <trkpt lat="48.763940641656518" lon="11.395737491548061">
        <ele>423.06999999999999</ele>
      </trkpt>
      <trkpt lat="48.763915160670877" lon="11.395598771050572">
        <ele>421.31999999999999</ele>
      </trkpt>
      <trkpt lat="48.763870736584067" lon="11.395473210141063">
        <ele>419.55000000000001</ele>
      </trkpt>
      <trkpt lat="48.763826312497258" lon="11.395346978679299">
        <ele>419.14999999999998</ele>
      </trkpt>
      <trkpt lat="48.763771494850516" lon="11.395217226818204">
        <ele>418.95999999999998</ele>
      </trkpt>
      <trkpt lat="48.763728495687246" lon="11.39508948661387">
        <ele>420.00999999999999</ele>
      </trkpt>
      <trkpt lat="48.763604778796434" lon="11.395004913210869">
        <ele>416.54000000000002</ele>
      </trkpt>
      <trkpt lat="48.763618692755699" lon="11.394851608201861">
        <ele>417.41000000000003</ele>
      </trkpt>
      <trkpt lat="48.763614082708955" lon="11.394714061170816">
        <ele>419.05000000000001</ele>
      </trkpt>
      <trkpt lat="48.763613328337669" lon="11.394566874951124">
        <ele>420.04000000000002</ele>
      </trkpt>
      <trkpt lat="48.763584243133664" lon="11.394436871632934">
        <ele>420.63999999999999</ele>
      </trkpt>
      <trkpt lat="48.763558175414801" lon="11.394300078973174">
        <ele>421.80000000000001</ele>
      </trkpt>
      <trkpt lat="48.76352347433567" lon="11.394168566912413">
        <ele>421.32999999999998</ele>
      </trkpt>
      <trkpt lat="48.763504363596439" lon="11.39402381144464">
        <ele>421.48000000000002</ele>
      </trkpt>
      <trkpt lat="48.763474021106958" lon="11.393881738185883">
        <ele>420.77999999999997</ele>
      </trkpt>
      <trkpt lat="48.763443762436509" lon="11.393742179498076">
        <ele>421.29000000000002</ele>
      </trkpt>
      <trkpt lat="48.763402104377747" lon="11.393610332161188">
        <ele>422.16000000000003</ele>
      </trkpt>
      <trkpt lat="48.763345526531339" lon="11.393488878384233">
        <ele>421.25999999999999</ele>
      </trkpt>
      <trkpt lat="48.763294229283929" lon="11.393376057967544">
        <ele>421.23000000000002</ele>
      </trkpt>
      <trkpt lat="48.763263635337353" lon="11.393246222287416">
        <ele>420.75</ele>
      </trkpt>
      <trkpt lat="48.763231029734015" lon="11.393108842894435">
        <ele>421.62</ele>
      </trkpt>
      <trkpt lat="48.763204962015152" lon="11.392967021092772">
        <ele>422.27999999999997</ele>
      </trkpt>
      <trkpt lat="48.76316087320447" lon="11.392834670841694">
        <ele>421.99000000000001</ele>
      </trkpt>
      <trkpt lat="48.763108234852552" lon="11.392709612846375">
        <ele>422.06999999999999</ele>
      </trkpt>
      <trkpt lat="48.7630660738796" lon="11.392578352242708">
        <ele>422.08999999999997</ele>
      </trkpt>
      <trkpt lat="48.763016620650887" lon="11.392458993941545">
        <ele>422.38</ele>
      </trkpt>
      <trkpt lat="48.76297865062952" lon="11.392333265393972">
        <ele>423.81999999999999</ele>
      </trkpt>
      <trkpt lat="48.762951157987118" lon="11.392198819667101">
        <ele>425.86000000000001</ele>
      </trkpt>
      <trkpt lat="48.762918133288622" lon="11.392068481072783">
        <ele>424.85000000000002</ele>
      </trkpt>
      <trkpt lat="48.762894663959742" lon="11.391934286803007">
        <ele>424.56999999999999</ele>
      </trkpt>
      <trkpt lat="48.762866584584117" lon="11.391796907410026">
        <ele>426.86000000000001</ele>
      </trkpt>
      <trkpt lat="48.762820148840547" lon="11.391674699261785">
        <ele>426</ele>
      </trkpt>
      <trkpt lat="48.762777149677277" lon="11.391539499163628">
        <ele>424.48000000000002</ele>
      </trkpt>
      <trkpt lat="48.762778071686625" lon="11.391389714553952">
        <ele>425.25999999999999</ele>
      </trkpt>
      <trkpt lat="48.762775892391801" lon="11.391236241906881">
        <ele>424.88999999999999</ele>
      </trkpt>
      <trkpt lat="48.762775138020515" lon="11.391090480610728">
        <ele>426.25999999999999</ele>
      </trkpt>
      <trkpt lat="48.762762313708663" lon="11.390945808961987">
        <ele>428.69</ele>
      </trkpt>
      <trkpt lat="48.762769605964422" lon="11.390794515609741">
        <ele>425.69999999999999</ele>
      </trkpt>
      <trkpt lat="48.762765917927027" lon="11.390644228085876">
        <ele>424.93000000000001</ele>
      </trkpt>
      <trkpt lat="48.762757536023855" lon="11.39048807322979">
        <ele>423.42000000000002</ele>
      </trkpt>
      <trkpt lat="48.7627621460706" lon="11.390342144295573">
        <ele>422.32999999999998</ele>
      </trkpt>
      <trkpt lat="48.762755440548062" lon="11.390205603092909">
        <ele>421.86000000000001</ele>
      </trkpt>
      <trkpt lat="48.762748567387462" lon="11.390054812654853">
        <ele>423.20999999999998</ele>
      </trkpt>
      <trkpt lat="48.762764493003488" lon="11.389907374978065">
        <ele>424.86000000000001</ele>
      </trkpt>
      <trkpt lat="48.762792404741049" lon="11.389765804633498">
        <ele>424.74000000000001</ele>
      </trkpt>
      <trkpt lat="48.762821489945054" lon="11.389613170176744">
        <ele>422.80000000000001</ele>
      </trkpt>
      <trkpt lat="48.762844875454903" lon="11.389476712793112">
        <ele>422.00999999999999</ele>
      </trkpt>
      <trkpt lat="48.762831296771765" lon="11.389324497431517">
        <ele>421.94</ele>
      </trkpt>
      <trkpt lat="48.7627914827317" lon="11.38918343000114">
        <ele>422.88999999999999</ele>
      </trkpt>
      <trkpt lat="48.762806402519345" lon="11.389039009809494">
        <ele>424.66000000000003</ele>
      </trkpt>
      <trkpt lat="48.762801960110664" lon="11.388899367302656">
        <ele>425.49000000000001</ele>
      </trkpt>
      <trkpt lat="48.762794081121683" lon="11.388761484995484">
        <ele>423.52999999999997</ele>
      </trkpt>
      <trkpt lat="48.762805480509996" lon="11.388621674850583">
        <ele>418.94</ele>
      </trkpt>
      <trkpt lat="48.762794919312" lon="11.388473901897669">
        <ele>416.00999999999999</ele>
      </trkpt>
      <trkpt lat="48.762808833271265" lon="11.388337863609195">
        <ele>416.38</ele>
      </trkpt>
      <trkpt lat="48.762820651754737" lon="11.388199562206864">
        <ele>417.43000000000001</ele>
      </trkpt>
      <trkpt lat="48.762820065021515" lon="11.388062098994851">
        <ele>418.29000000000002</ele>
      </trkpt>
      <trkpt lat="48.7628139462322" lon="11.387907536700368">
        <ele>419.75999999999999</ele>
      </trkpt>
      <trkpt lat="48.762823836877942" lon="11.387761607766151">
        <ele>420.62</ele>
      </trkpt>
      <trkpt lat="48.762853424996138" lon="11.387632442638278">
        <ele>421.75999999999999</ele>
      </trkpt>
      <trkpt lat="48.762876642867923" lon="11.387496739625931">
        <ele>421.43000000000001</ele>
      </trkpt>
      <trkpt lat="48.762888545170426" lon="11.387357348576188">
        <ele>421.76999999999998</ele>
      </trkpt>
      <trkpt lat="48.762883180752397" lon="11.387206306681037">
        <ele>423.67000000000002</ele>
      </trkpt>
      <trkpt lat="48.762911260128021" lon="11.387057946994901">
        <ele>423.69</ele>
      </trkpt>
      <trkpt lat="48.762957192957401" lon="11.386922998353839">
        <ele>424.86000000000001</ele>
      </trkpt>
      <trkpt lat="48.762987535446882" lon="11.386787127703428">
        <ele>424.75</ele>
      </trkpt>
      <trkpt lat="48.763002455234528" lon="11.386632146313787">
        <ele>424.44</ele>
      </trkpt>
      <trkpt lat="48.763004885986447" lon="11.386493509635329">
        <ele>424.55000000000001</ele>
      </trkpt>
      <trkpt lat="48.762998934835196" lon="11.386355711147189">
        <ele>425.35000000000002</ele>
      </trkpt>
      <trkpt lat="48.762981835752726" lon="11.386214140802622">
        <ele>425.02999999999997</ele>
      </trkpt>
      <trkpt lat="48.762946045026183" lon="11.386071564629674">
        <ele>426.24000000000001</ele>
      </trkpt>
      <trkpt lat="48.762927940115333" lon="11.38592915609479">
        <ele>425.64999999999998</ele>
      </trkpt>
      <trkpt lat="48.762872368097305" lon="11.38580066151917">
        <ele>425.06999999999999</ele>
      </trkpt>
      <trkpt lat="48.762821741402149" lon="11.385684488341212">
        <ele>426.38999999999999</ele>
      </trkpt>
      <trkpt lat="48.762767594307661" lon="11.38556663878262">
        <ele>426.81</ele>
      </trkpt>
      <trkpt lat="48.762727612629533" lon="11.38544057495892">
        <ele>427.82999999999998</ele>
      </trkpt>
      <trkpt lat="48.762699868530035" lon="11.385305458679795">
        <ele>427.41000000000003</ele>
      </trkpt>
      <trkpt lat="48.762692911550403" lon="11.385159194469452">
        <ele>426.42000000000002</ele>
      </trkpt>
      <trkpt lat="48.762674387544394" lon="11.38502424582839">
        <ele>423.12</ele>
      </trkpt>
      <trkpt lat="48.762639267370105" lon="11.384879574179649">
        <ele>422.83999999999997</ele>
      </trkpt>
      <trkpt lat="48.762632645666599" lon="11.384734902530909">
        <ele>421.91000000000003</ele>
      </trkpt>
      <trkpt lat="48.762638512998819" lon="11.384585788473487">
        <ele>420.19999999999999</ele>
      </trkpt>
      <trkpt lat="48.762662233784795" lon="11.384434578940272">
        <ele>418.87</ele>
      </trkpt>
      <trkpt lat="48.762697940692306" lon="11.38429619371891">
        <ele>418.66000000000003</ele>
      </trkpt>
      <trkpt lat="48.762749992311001" lon="11.384167950600386">
        <ele>417.49000000000001</ele>
      </trkpt>
      <trkpt lat="48.762779999524355" lon="11.38403233140707">
        <ele>416.25999999999999</ele>
      </trkpt>
      <trkpt lat="48.762829285115004" lon="11.383907524868846">
        <ele>417.79000000000002</ele>
      </trkpt>
      <trkpt lat="48.762891478836536" lon="11.38379780575633">
        <ele>420.16000000000003</ele>
      </trkpt>
      <trkpt lat="48.762949649244547" lon="11.383672161027789">
        <ele>421.08999999999997</ele>
      </trkpt>
      <trkpt lat="48.762980662286282" lon="11.383544001728296">
        <ele>420.94</ele>
      </trkpt>
      <trkpt lat="48.76299574971199" lon="11.38339027762413">
        <ele>420.93000000000001</ele>
      </trkpt>
      <trkpt lat="48.762977728620172" lon="11.383250216022134">
        <ele>420.79000000000002</ele>
      </trkpt>
      <trkpt lat="48.762936154380441" lon="11.383116357028484">
        <ele>419.79000000000002</ele>
      </trkpt>
      <trkpt lat="48.762877564877272" lon="11.383001860231161">
        <ele>416.93000000000001</ele>
      </trkpt>
      <trkpt lat="48.762814784422517" lon="11.382883423939347">
        <ele>416.42000000000002</ele>
      </trkpt>
      <trkpt lat="48.762772539630532" lon="11.38275995850563">
        <ele>419.14999999999998</ele>
      </trkpt>
      <trkpt lat="48.762757368385792" lon="11.38261042535305">
        <ele>420.67000000000002</ele>
      </trkpt>
      <trkpt lat="48.76276072114706" lon="11.382464999333024">
        <ele>419.13999999999999</ele>
      </trkpt>
      <trkpt lat="48.76276608556509" lon="11.382311023771763">
        <ele>417.54000000000002</ele>
      </trkpt>
      <trkpt lat="48.762760385870934" lon="11.382169034332037">
        <ele>416.5</ele>
      </trkpt>
      <trkpt lat="48.762758960947394" lon="11.382022518664598">
        <ele>415.77999999999997</ele>
      </trkpt>
      <trkpt lat="48.762782933190465" lon="11.381889078766108">
        <ele>416.02999999999997</ele>
      </trkpt>
      <trkpt lat="48.762772288173437" lon="11.381753711029887">
        <ele>416.69999999999999</ele>
      </trkpt>
      <trkpt lat="48.762752171605825" lon="11.381605854257941">
        <ele>416.76999999999998</ele>
      </trkpt>
      <trkpt lat="48.762739431113005" lon="11.381456069648266">
        <ele>416.26999999999998</ele>
      </trkpt>
      <trkpt lat="48.762756530195475" lon="11.38132045045495">
        <ele>418.85000000000002</ele>
      </trkpt>
      <trkpt lat="48.762772539630532" lon="11.381172928959131">
        <ele>419.44</ele>
      </trkpt>
      <trkpt lat="48.762752423062921" lon="11.381022306159139">
        <ele>420.44</ele>
      </trkpt>
      <trkpt lat="48.76275091432035" lon="11.380877550691366">
        <ele>422.50999999999999</ele>
      </trkpt>
      <trkpt lat="48.762741358950734" lon="11.380727179348469">
        <ele>422.35000000000002</ele>
      </trkpt>
      <trkpt lat="48.762703891843557" lon="11.380593236535788">
        <ele>421.22000000000003</ele>
      </trkpt>
      <trkpt lat="48.762696599587798" lon="11.380441188812256">
        <ele>420.07999999999998</ele>
      </trkpt>
      <trkpt lat="48.762724427506328" lon="11.380310263484716">
        <ele>419.82999999999998</ele>
      </trkpt>
      <trkpt lat="48.76271135173738" lon="11.38015503063798">
        <ele>419.04000000000002</ele>
      </trkpt>
      <trkpt lat="48.762668436393142" lon="11.380025530233979">
        <ele>418.54000000000002</ele>
      </trkpt>
      <trkpt lat="48.762647230178118" lon="11.379891084507108">
        <ele>418.17000000000002</ele>
      </trkpt>
      <trkpt lat="48.762623677030206" lon="11.379756722599268">
        <ele>417.01999999999998</ele>
      </trkpt>
      <trkpt lat="48.762585204094648" lon="11.37961758300662">
        <ele>417.45999999999998</ele>
      </trkpt>
      <trkpt lat="48.76252812333405" lon="11.379489758983254">
        <ele>416.12</ele>
      </trkpt>
      <trkpt lat="48.762486549094319" lon="11.379366377368569">
        <ele>416.91000000000003</ele>
      </trkpt>
      <trkpt lat="48.762453021481633" lon="11.379233608022332">
        <ele>416.67000000000002</ele>
      </trkpt>
      <trkpt lat="48.762414297088981" lon="11.379099078476429">
        <ele>416.06999999999999</ele>
      </trkpt>
      <trkpt lat="48.762393426150084" lon="11.378964046016335">
        <ele>415.24000000000001</ele>
      </trkpt>
      <trkpt lat="48.762410441413522" lon="11.37882792390883">
        <ele>415.08999999999997</ele>
      </trkpt>
      <trkpt lat="48.762438101693988" lon="11.378693813458085">
        <ele>414.08999999999997</ele>
      </trkpt>
      <trkpt lat="48.762472132220864" lon="11.378547046333551">
        <ele>415.32999999999998</ele>
      </trkpt>
      <trkpt lat="48.762471796944737" lon="11.378397177904844">
        <ele>415.57999999999998</ele>
      </trkpt>
      <trkpt lat="48.762462995946407" lon="11.378253428265452">
        <ele>415.31</ele>
      </trkpt>
      <trkpt lat="48.762452770024538" lon="11.378108924254775">
        <ele>416.10000000000002</ele>
      </trkpt>
      <trkpt lat="48.762433491647243" lon="11.377967102453113">
        <ele>417.01999999999998</ele>
      </trkpt>
      <trkpt lat="48.762432066723704" lon="11.377817066386342">
        <ele>416.66000000000003</ele>
      </trkpt>
      <trkpt lat="48.762427791953087" lon="11.377666108310223">
        <ele>415.32999999999998</ele>
      </trkpt>
      <trkpt lat="48.762437263503671" lon="11.377515234053135">
        <ele>415.14999999999998</ele>
      </trkpt>
      <trkpt lat="48.762459140270948" lon="11.37737181968987">
        <ele>417.39999999999998</ele>
      </trkpt>
      <trkpt lat="48.762424271553755" lon="11.377299651503563">
        <ele>424.26999999999998</ele>
      </trkpt>
      <trkpt lat="48.762514963746071" lon="11.377245085313916">
        <ele>420.00999999999999</ele>
      </trkpt>
      <trkpt lat="48.762651085853577" lon="11.377354888245463">
        <ele>413.64999999999998</ele>
      </trkpt>
      <trkpt lat="48.762733982875943" lon="11.377410544082522">
        <ele>411.33999999999997</ele>
      </trkpt>
      <trkpt lat="48.762804809957743" lon="11.377507019788027">
        <ele>410.18000000000001</ele>
      </trkpt>
      <trkpt lat="48.762882174924016" lon="11.377585306763649">
        <ele>411.22000000000003</ele>
      </trkpt>
      <trkpt lat="48.762946631759405" lon="11.377690583467484">
        <ele>410.67000000000002</ele>
      </trkpt>
      <trkpt lat="48.763022823259234" lon="11.377776246517897">
        <ele>409.69999999999999</ele>
      </trkpt>
      <trkpt lat="48.763108234852552" lon="11.377842547371984">
        <ele>410.33999999999997</ele>
      </trkpt>
      <trkpt lat="48.763203034177423" lon="11.377856126055121">
        <ele>412.13999999999999</ele>
      </trkpt>
      <trkpt lat="48.763288194313645" lon="11.377800889313221">
        <ele>412.41000000000003</ele>
      </trkpt>
      <trkpt lat="48.763211332261562" lon="11.377725284546614">
        <ele>413.64999999999998</ele>
      </trkpt>
      <trkpt lat="48.763150898739696" lon="11.377582121640444">
        <ele>413.22000000000003</ele>
      </trkpt>
      <trkpt lat="48.763155257329345" lon="11.377432588487864">
        <ele>416.52999999999997</ele>
      </trkpt>
      <trkpt lat="48.763167914003134" lon="11.377288419753313">
        <ele>417.91000000000003</ele>
      </trkpt>
      <trkpt lat="48.763170260936022" lon="11.377147268503904">
        <ele>416.93000000000001</ele>
      </trkpt>
      <trkpt lat="48.763173865154386" lon="11.37699119746685">
        <ele>415.58999999999997</ele>
      </trkpt>
      <trkpt lat="48.763155927881598" lon="11.3768504653126">
        <ele>416.26999999999998</ele>
      </trkpt>
      <trkpt lat="48.763157771900296" lon="11.376702859997749">
        <ele>416.70999999999998</ele>
      </trkpt>
      <trkpt lat="48.763162884861231" lon="11.376555757597089">
        <ele>417.97000000000003</ele>
      </trkpt>
      <trkpt lat="48.763178642839193" lon="11.376409661024809">
        <ele>419.24000000000001</ele>
      </trkpt>
      <trkpt lat="48.763198927044868" lon="11.376266917213798">
        <ele>420.45999999999998</ele>
      </trkpt>
      <trkpt lat="48.763162717223167" lon="11.376135153695941">
        <ele>421.16000000000003</ele>
      </trkpt>
      <trkpt lat="48.763122735545039" lon="11.375998193398118">
        <ele>421.70999999999998</ele>
      </trkpt>
      <trkpt lat="48.763090129941702" lon="11.375860143452883">
        <ele>424.14999999999998</ele>
      </trkpt>
      <trkpt lat="48.763077557086945" lon="11.375715639442205">
        <ele>425.98000000000002</ele>
      </trkpt>
      <trkpt lat="48.763085100799799" lon="11.375557640567422">
        <ele>426.12</ele>
      </trkpt>
      <trkpt lat="48.763090716674924" lon="11.375405509024858">
        <ele>426.69</ele>
      </trkpt>
      <trkpt lat="48.763082083314657" lon="11.375269554555416">
        <ele>427.44999999999999</ele>
      </trkpt>
      <trkpt lat="48.763071186840534" lon="11.375128319486976">
        <ele>423.24000000000001</ele>
      </trkpt>
      <trkpt lat="48.763099433854222" lon="11.374985743314028">
        <ele>421.92000000000002</ele>
      </trkpt>
      <trkpt lat="48.763123657554388" lon="11.374845597893">
        <ele>422</ele>
      </trkpt>
      <trkpt lat="48.763127345591784" lon="11.37470536865294">
        <ele>418.83999999999997</ele>
      </trkpt>
      <trkpt lat="48.763054423034191" lon="11.374606797471642">
        <ele>418.37</ele>
      </trkpt>
      <trkpt lat="48.762958953157067" lon="11.374606713652611">
        <ele>415.54000000000002</ele>
      </trkpt>
      <trkpt lat="48.762859711423516" lon="11.374616855755448">
        <ele>414.48000000000002</ele>
      </trkpt>
      <trkpt lat="48.762769354507327" lon="11.37459640391171">
        <ele>415.00999999999999</ele>
      </trkpt>
      <trkpt lat="48.762683691456914" lon="11.374515602365136">
        <ele>415.91000000000003</ele>
      </trkpt>
      <trkpt lat="48.762634824961424" lon="11.374393478035927">
        <ele>418.13</ele>
      </trkpt>
      <trkpt lat="48.762615714222193" lon="11.37424411252141">
        <ele>419.32999999999998</ele>
      </trkpt>
      <trkpt lat="48.762596603482962" lon="11.374110504984856">
        <ele>420.26999999999998</ele>
      </trkpt>
      <trkpt lat="48.762588808313012" lon="11.373956529423594">
        <ele>419.57999999999998</ele>
      </trkpt>
      <trkpt lat="48.762586126103997" lon="11.373805152252316">
        <ele>420.24000000000001</ele>
      </trkpt>
      <trkpt lat="48.762582102790475" lon="11.373652098700404">
        <ele>423.19</ele>
      </trkpt>
      <trkpt lat="48.762554610148072" lon="11.373511785641313">
        <ele>425.5</ele>
      </trkpt>
      <trkpt lat="48.762499205768108" lon="11.373389158397913">
        <ele>424.74000000000001</ele>
      </trkpt>
      <trkpt lat="48.762488812208176" lon="11.373235266655684">
        <ele>424.02999999999997</ele>
      </trkpt>
      <trkpt lat="48.762411279603839" lon="11.373142227530479">
        <ele>422.30000000000001</ele>
      </trkpt>
      <trkpt lat="48.762317737564445" lon="11.373119596391916">
        <ele>423.54000000000002</ele>
      </trkpt>
      <trkpt lat="48.762277672067285" lon="11.372984480112791">
        <ele>423.61000000000001</ele>
      </trkpt>
      <trkpt lat="48.762253532186151" lon="11.372845508158207">
        <ele>421.33999999999997</ele>
      </trkpt>
      <trkpt lat="48.762205000966787" lon="11.372708044946194">
        <ele>420.85000000000002</ele>
      </trkpt>
      <trkpt lat="48.762186225503683" lon="11.372574018314481">
        <ele>421.19</ele>
      </trkpt>
      <trkpt lat="48.762168791145086" lon="11.372426748275757">
        <ele>421.69</ele>
      </trkpt>
      <trkpt lat="48.762130653485656" lon="11.372296409681439">
        <ele>420.13999999999999</ele>
      </trkpt>
      <trkpt lat="48.762115649878979" lon="11.372155090793967">
        <ele>420.07999999999998</ele>
      </trkpt>
      <trkpt lat="48.762102657929063" lon="11.371992817148566">
        <ele>424.5</ele>
      </trkpt>
      <trkpt lat="48.762103579938412" lon="11.37185518629849">
        <ele>424.06999999999999</ele>
      </trkpt>
      <trkpt lat="48.7621093634516" lon="11.371718645095825">
        <ele>424.70999999999998</ele>
      </trkpt>
      <trkpt lat="48.762098383158445" lon="11.371570955961943">
        <ele>426.10000000000002</ele>
      </trkpt>
      <trkpt lat="48.762072650715709" lon="11.371433744207025">
        <ele>427.63</ele>
      </trkpt>
      <trkpt lat="48.762056976556778" lon="11.371295610442758">
        <ele>426.74000000000001</ele>
      </trkpt>
      <trkpt lat="48.762036859989166" lon="11.371143814176321">
        <ele>425.72000000000003</ele>
      </trkpt>
      <trkpt lat="48.762039877474308" lon="11.370995035395026">
        <ele>425.44999999999999</ele>
      </trkpt>
      <trkpt lat="48.762040045112371" lon="11.370849357917905">
        <ele>424.43000000000001</ele>
      </trkpt>
      <trkpt lat="48.762041050940752" lon="11.370707117021084">
        <ele>422.49000000000001</ele>
      </trkpt>
      <trkpt lat="48.762042140588164" lon="11.370551632717252">
        <ele>423.16000000000003</ele>
      </trkpt>
      <trkpt lat="48.762060748413205" lon="11.370400758460164">
        <ele>423.16000000000003</ele>
      </trkpt>
      <trkpt lat="48.762078015133739" lon="11.370251476764679">
        <ele>422.04000000000002</ele>
      </trkpt>
      <trkpt lat="48.76208396628499" lon="11.370115438476205">
        <ele>420.30000000000001</ele>
      </trkpt>
      <trkpt lat="48.762064352631569" lon="11.369976215064526">
        <ele>418.50999999999999</ele>
      </trkpt>
      <trkpt lat="48.762075919657946" lon="11.369828525930643">
        <ele>419.06999999999999</ele>
      </trkpt>
      <trkpt lat="48.762121517211199" lon="11.369707826524973">
        <ele>419.14999999999998</ele>
      </trkpt>
      <trkpt lat="48.762208772823215" lon="11.369646554812789">
        <ele>418.24000000000001</ele>
      </trkpt>
      <trkpt lat="48.762308014556766" lon="11.36964320205152">
        <ele>417.44</ele>
      </trkpt>
      <trkpt lat="48.762396778911352" lon="11.369666503742337">
        <ele>416.60000000000002</ele>
      </trkpt>
      <trkpt lat="48.762490404769778" lon="11.369701707735658">
        <ele>415.72000000000003</ele>
      </trkpt>
      <trkpt lat="48.762581432238221" lon="11.369717549532652">
        <ele>414.44999999999999</ele>
      </trkpt>
      <trkpt lat="48.762674806639552" lon="11.369746131822467">
        <ele>414.24000000000001</ele>
      </trkpt>
      <trkpt lat="48.76277782022953" lon="11.369771948084235">
        <ele>415.02999999999997</ele>
      </trkpt>
      <trkpt lat="48.762853257358074" lon="11.369693074375391">
        <ele>414.50999999999999</ele>
      </trkpt>
      <trkpt lat="48.76287404447794" lon="11.369549827650189">
        <ele>414.16000000000003</ele>
      </trkpt>
      <trkpt lat="48.762902794405818" lon="11.36941940523684">
        <ele>412.49000000000001</ele>
      </trkpt>
      <trkpt lat="48.762970352545381" lon="11.36932167224586">
        <ele>415.30000000000001</ele>
      </trkpt>
      <trkpt lat="48.763049729168415" lon="11.369245648384094">
        <ele>416.43000000000001</ele>
      </trkpt>
      <trkpt lat="48.76313597895205" lon="11.369189321994781">
        <ele>415.64999999999998</ele>
      </trkpt>
      <trkpt lat="48.763233795762062" lon="11.369182113558054">
        <ele>415.67000000000002</ele>
      </trkpt>
      <trkpt lat="48.763326080515981" lon="11.369148921221495">
        <ele>416.05000000000001</ele>
      </trkpt>
      <trkpt lat="48.763417527079582" lon="11.369114723056555">
        <ele>417.35000000000002</ele>
      </trkpt>
      <trkpt lat="48.763504363596439" lon="11.369029646739364">
        <ele>419.75999999999999</ele>
      </trkpt>
      <trkpt lat="48.763529341667891" lon="11.368897715583444">
        <ele>422.38999999999999</ele>
      </trkpt>
      <trkpt lat="48.763550296425819" lon="11.368743823841214">
        <ele>422.92000000000002</ele>
      </trkpt>
      <trkpt lat="48.763562198728323" lon="11.368605606257915">
        <ele>421.52999999999997</ele>
      </trkpt>
      <trkpt lat="48.763572089374065" lon="11.368449116125703">
        <ele>421.83999999999997</ele>
      </trkpt>
      <trkpt lat="48.763577872887254" lon="11.368306539952755">
        <ele>421.81</ele>
      </trkpt>
      <trkpt lat="48.763583153486252" lon="11.368160443380475">
        <ele>421.02999999999997</ele>
      </trkpt>
      <trkpt lat="48.763594971969724" lon="11.368022561073303">
        <ele>420.43000000000001</ele>
      </trkpt>
      <trkpt lat="48.763624308630824" lon="11.367878308519721">
        <ele>418.74000000000001</ele>
      </trkpt>
      <trkpt lat="48.76361483708024" lon="11.367731625214219">
        <ele>417.67000000000002</ele>
      </trkpt>
      <trkpt lat="48.763594217598438" lon="11.367596173658967">
        <ele>418.02999999999997</ele>
      </trkpt>
      <trkpt lat="48.763584326952696" lon="11.367441946640611">
        <ele>418.12</ele>
      </trkpt>
      <trkpt lat="48.763595307245851" lon="11.367302555590868">
        <ele>418.52999999999997</ele>
      </trkpt>
      <trkpt lat="48.763597318902612" lon="11.36715461499989">
        <ele>420.37</ele>
      </trkpt>
      <trkpt lat="48.763622380793095" lon="11.367019498720765">
        <ele>419.62</ele>
      </trkpt>
      <trkpt lat="48.763632858172059" lon="11.366868624463677">
        <ele>419.30000000000001</ele>
      </trkpt>
      <trkpt lat="48.763681389391422" lon="11.366730825975537">
        <ele>415.33999999999997</ele>
      </trkpt>
      <trkpt lat="48.763688765466213" lon="11.366582382470369">
        <ele>415.25999999999999</ele>
      </trkpt>
      <trkpt lat="48.763681221753359" lon="11.366437543183565">
        <ele>415.56999999999999</ele>
      </trkpt>
      <trkpt lat="48.763683652505279" lon="11.36629069224">
        <ele>416.20999999999998</ele>
      </trkpt>
      <trkpt lat="48.763680467382073" lon="11.366143170744181">
        <ele>416.95999999999998</ele>
      </trkpt>
      <trkpt lat="48.763664374127984" lon="11.366009060293436">
        <ele>418.06</ele>
      </trkpt>
      <trkpt lat="48.763629924505949" lon="11.365868411958218">
        <ele>418.44999999999999</ele>
      </trkpt>
      <trkpt lat="48.763511152938008" lon="11.365932701155543">
        <ele>419.41000000000003</ele>
      </trkpt>
      <trkpt lat="48.76341987401247" lon="11.365899257361889">
        <ele>421.56</ele>
      </trkpt>
      <trkpt lat="48.763327337801456" lon="11.365917529910803">
        <ele>424.19</ele>
      </trkpt>
      <trkpt lat="48.763218875974417" lon="11.365963378921151">
        <ele>425.58999999999997</ele>
      </trkpt>
      <trkpt lat="48.76312181353569" lon="11.365969749167562">
        <ele>426.07999999999998</ele>
      </trkpt>
      <trkpt lat="48.763022990897298" lon="11.365988356992602">
        <ele>427.31</ele>
      </trkpt>
      <trkpt lat="48.762929532676935" lon="11.365993302315474">
        <ele>429.05000000000001</ele>
      </trkpt>
      <trkpt lat="48.762836828827858" lon="11.365977795794606">
        <ele>429.14999999999998</ele>
      </trkpt>
      <trkpt lat="48.76280028373003" lon="11.365836309269071">
        <ele>427.81999999999999</ele>
      </trkpt>
      <trkpt lat="48.762786872684956" lon="11.365693565458059">
        <ele>425.87</ele>
      </trkpt>
      <trkpt lat="48.762758960947394" lon="11.365555012598634">
        <ele>425.86000000000001</ele>
      </trkpt>
      <trkpt lat="48.762675644829869" lon="11.36547127738595">
        <ele>426.01999999999998</ele>
      </trkpt>
      <trkpt lat="48.762583024799824" lon="11.365469265729189">
        <ele>425.56</ele>
      </trkpt>
      <trkpt lat="48.762494260445237" lon="11.365439174696803">
        <ele>424.92000000000002</ele>
      </trkpt>
      <trkpt lat="48.762385128065944" lon="11.365443533286452">
        <ele>424.97000000000003</ele>
      </trkpt>
      <trkpt lat="48.762281527742743" lon="11.365447975695133">
        <ele>424.85000000000002</ele>
      </trkpt>
      <trkpt lat="48.762185638770461" lon="11.365407323464751">
        <ele>423.68000000000001</ele>
      </trkpt>
      <trkpt lat="48.762084720656276" lon="11.365387625992298">
        <ele>423.42000000000002</ele>
      </trkpt>
      <trkpt lat="48.761983886361122" lon="11.365355607122183">
        <ele>422.92000000000002</ele>
      </trkpt>
      <trkpt lat="48.761887159198523" lon="11.365353176370263">
        <ele>421.69</ele>
      </trkpt>
      <trkpt lat="48.761786241084337" lon="11.365333646535873">
        <ele>422.5</ele>
      </trkpt>
      <trkpt lat="48.76169010065496" lon="11.365309674292803">
        <ele>423.63</ele>
      </trkpt>
      <trkpt lat="48.761606281623244" lon="11.365252006798983">
        <ele>424.23000000000002</ele>
      </trkpt>
      <trkpt lat="48.761524809524417" lon="11.365184700116515">
        <ele>423.30000000000001</ele>
      </trkpt>
      <trkpt lat="48.761426657438278" lon="11.365171875804663">
        <ele>422.86000000000001</ele>
      </trkpt>
      <trkpt lat="48.761332361027598" lon="11.365140862762928">
        <ele>423.02999999999997</ele>
      </trkpt>
      <trkpt lat="48.761238567531109" lon="11.365117812529206">
        <ele>424.50999999999999</ele>
      </trkpt>
      <trkpt lat="48.761149719357491" lon="11.365150585770607">
        <ele>422.5</ele>
      </trkpt>
      <trkpt lat="48.761053662747145" lon="11.36516391299665">
        <ele>422.13999999999999</ele>
      </trkpt>
      <trkpt lat="48.760961294174194" lon="11.365145640447736">
        <ele>424.29000000000002</ele>
      </trkpt>
      <trkpt lat="48.76089122146368" lon="11.365057546645403">
        <ele>425.29000000000002</ele>
      </trkpt>
      <trkpt lat="48.760885102674365" lon="11.364900805056095">
        <ele>423.02999999999997</ele>
      </trkpt>
      <trkpt lat="48.760859537869692" lon="11.364769879728556">
        <ele>423.27999999999997</ele>
      </trkpt>
      <trkpt lat="48.760833470150828" lon="11.364622358232737">
        <ele>422.98000000000002</ele>
      </trkpt>
      <trkpt lat="48.760820562019944" lon="11.364473830908537">
        <ele>424.04000000000002</ele>
      </trkpt>
      <trkpt lat="48.760792734101415" lon="11.364323459565639">
        <ele>425.5</ele>
      </trkpt>
      <trkpt lat="48.760769935324788" lon="11.36417442932725">
        <ele>425.42000000000002</ele>
      </trkpt>
      <trkpt lat="48.760737916454673" lon="11.364036127924919">
        <ele>424.47000000000003</ele>
      </trkpt>
      <trkpt lat="48.760725259780884" lon="11.363886091858149">
        <ele>424.86000000000001</ele>
      </trkpt>
      <trkpt lat="48.760710675269365" lon="11.363740498200059">
        <ele>424.97000000000003</ele>
      </trkpt>
      <trkpt lat="48.76068938523531" lon="11.363590881228447">
        <ele>426.04000000000002</ele>
      </trkpt>
      <trkpt lat="48.760679494589567" lon="11.363448724150658">
        <ele>427.79000000000002</ele>
      </trkpt>
      <trkpt lat="48.76066348515451" lon="11.363303549587727">
        <ele>428.50999999999999</ele>
      </trkpt>
      <trkpt lat="48.760641356930137" lon="11.363166673108935">
        <ele>427.07999999999998</ele>
      </trkpt>
      <trkpt lat="48.760631969198585" lon="11.363023342564702">
        <ele>426.20999999999998</ele>
      </trkpt>
      <trkpt lat="48.760609589517117" lon="11.362878754734993">
        <ele>426.81999999999999</ele>
      </trkpt>
      <trkpt lat="48.760598693042994" lon="11.36272955685854">
        <ele>426.37</ele>
      </trkpt>
      <trkpt lat="48.760573379695415" lon="11.362582538276911">
        <ele>425.29000000000002</ele>
      </trkpt>
      <trkpt lat="48.760540019720793" lon="11.36245253495872">
        <ele>426.94999999999999</ele>
      </trkpt>
      <trkpt lat="48.760540019720793" lon="11.362301241606474">
        <ele>423</ele>
      </trkpt>
      <trkpt lat="48.760548401623964" lon="11.362154223024845">
        <ele>420.55000000000001</ele>
      </trkpt>
      <trkpt lat="48.760547311976552" lon="11.362011479213834">
        <ele>421.48000000000002</ele>
      </trkpt>
      <trkpt lat="48.760595759376884" lon="11.361892791464925">
        <ele>422.25999999999999</ele>
      </trkpt>
      <trkpt lat="48.760638255625963" lon="11.361767984926701">
        <ele>425.85000000000002</ele>
      </trkpt>
      <trkpt lat="48.760621156543493" lon="11.361632533371449">
        <ele>426.37</ele>
      </trkpt>
      <trkpt lat="48.760636076331139" lon="11.361481156200171">
        <ele>426.19</ele>
      </trkpt>
      <trkpt lat="48.760654935613275" lon="11.361313015222549">
        <ele>425.06</ele>
      </trkpt>
      <trkpt lat="48.760671615600586" lon="11.361163984984159">
        <ele>424.88999999999999</ele>
      </trkpt>
      <trkpt lat="48.760691061615944" lon="11.361030796542764">
        <ele>424.31999999999999</ele>
      </trkpt>
      <trkpt lat="48.760700700804591" lon="11.360891321673989">
        <ele>424.54000000000002</ele>
      </trkpt>
      <trkpt lat="48.760704640299082" lon="11.360745476558805">
        <ele>424.76999999999998</ele>
      </trkpt>
      <trkpt lat="48.760688211768866" lon="11.360603822395205">
        <ele>425.20999999999998</ele>
      </trkpt>
      <trkpt lat="48.76067521981895" lon="11.360467197373509">
        <ele>425.44999999999999</ele>
      </trkpt>
      <trkpt lat="48.760631298646331" lon="11.360340462997556">
        <ele>425.31999999999999</ele>
      </trkpt>
      <trkpt lat="48.760640183463693" lon="11.360188666731119">
        <ele>424.5</ele>
      </trkpt>
      <trkpt lat="48.760660802945495" lon="11.360043743625283">
        <ele>424.14999999999998</ele>
      </trkpt>
      <trkpt lat="48.760675555095077" lon="11.359905526041985">
        <ele>424.37</ele>
      </trkpt>
      <trkpt lat="48.760690642520785" lon="11.359759513288736">
        <ele>425.91000000000003</ele>
      </trkpt>
      <trkpt lat="48.760695001110435" lon="11.359615512192249">
        <ele>426.44</ele>
      </trkpt>
      <trkpt lat="48.760697348043323" lon="11.359458267688751">
        <ele>426.47000000000003</ele>
      </trkpt>
      <trkpt lat="48.760709585621953" lon="11.359321726486087">
        <ele>425.93000000000001</ele>
      </trkpt>
      <trkpt lat="48.760737329721451" lon="11.359179150313139">
        <ele>425.60000000000002</ele>
      </trkpt>
      <trkpt lat="48.760755099356174" lon="11.359033640474081">
        <ele>426</ele>
      </trkpt>
      <trkpt lat="48.76077244989574" lon="11.35888603515923">
        <ele>424.38</ele>
      </trkpt>
      <trkpt lat="48.760800110176206" lon="11.358744045719504">
        <ele>423.23000000000002</ele>
      </trkpt>
      <trkpt lat="48.760816371068358" lon="11.358606079593301">
        <ele>423.22000000000003</ele>
      </trkpt>
      <trkpt lat="48.76083305105567" lon="11.358466856181622">
        <ele>423.11000000000001</ele>
      </trkpt>
      <trkpt lat="48.760847635567188" lon="11.358317658305168">
        <ele>423.30000000000001</ele>
      </trkpt>
      <trkpt lat="48.760865908116102" lon="11.358164101839066">
        <ele>423.12</ele>
      </trkpt>
      <trkpt lat="48.760875128209591" lon="11.358012137934566">
        <ele>423.06999999999999</ele>
      </trkpt>
      <trkpt lat="48.760915193706751" lon="11.357877608388662">
        <ele>421.93000000000001</ele>
      </trkpt>
      <trkpt lat="48.760947631672025" lon="11.357735367491841">
        <ele>421.06</ele>
      </trkpt>
      <trkpt lat="48.760969927534461" lon="11.357598826289177">
        <ele>421.68000000000001</ele>
      </trkpt>
      <trkpt lat="48.76100798137486" lon="11.357474941760302">
        <ele>421.39999999999998</ele>
      </trkpt>
      <trkpt lat="48.761097332462668" lon="11.357444766908884">
        <ele>419.35000000000002</ele>
      </trkpt>
      <trkpt lat="48.761027930304408" lon="11.357357930392027">
        <ele>421.06999999999999</ele>
      </trkpt>
      <trkpt lat="48.761018458753824" lon="11.357215605676174">
        <ele>422.18000000000001</ele>
      </trkpt>
      <trkpt lat="48.761034552007914" lon="11.357077388092875">
        <ele>423.63999999999999</ele>
      </trkpt>
      <trkpt lat="48.761033043265343" lon="11.356933219358325">
        <ele>424.83999999999997</ele>
      </trkpt>
      <trkpt lat="48.761047292500734" lon="11.35679324157536">
        <ele>425.85000000000002</ele>
      </trkpt>
      <trkpt lat="48.761067157611251" lon="11.356645887717605">
        <ele>425.30000000000001</ele>
      </trkpt>
      <trkpt lat="48.76105978153646" lon="11.356490571051836">
        <ele>426.44999999999999</ele>
      </trkpt>
      <trkpt lat="48.761071180924773" lon="11.356344474479556">
        <ele>426.16000000000003</ele>
      </trkpt>
      <trkpt lat="48.761062882840633" lon="11.356207430362701">
        <ele>426.05000000000001</ele>
      </trkpt>
      <trkpt lat="48.761072941124439" lon="11.356054879724979">
        <ele>426.23000000000002</ele>
      </trkpt>
      <trkpt lat="48.761102361604571" lon="11.355905095115304">
        <ele>426.56</ele>
      </trkpt>
      <trkpt lat="48.76112038269639" lon="11.355768386274576">
        <ele>427.12</ele>
      </trkpt>
      <trkpt lat="48.7611492164433" lon="11.355631928890944">
        <ele>426.56</ele>
      </trkpt>
      <trkpt lat="48.761188611388206" lon="11.355500752106309">
        <ele>426.22000000000003</ele>
      </trkpt>
      <trkpt lat="48.761211074888706" lon="11.355348620563745">
        <ele>426.02999999999997</ele>
      </trkpt>
      <trkpt lat="48.761220965534449" lon="11.355204535648227">
        <ele>425.25999999999999</ele>
      </trkpt>
      <trkpt lat="48.761240411549807" lon="11.355068078264594">
        <ele>425.17000000000002</ele>
      </trkpt>
      <trkpt lat="48.761274022981524" lon="11.354930447414517">
        <ele>424.99000000000001</ele>
      </trkpt>
      <trkpt lat="48.761300593614578" lon="11.354775633662939">
        <ele>424.63999999999999</ele>
      </trkpt>
      <trkpt lat="48.761326996609569" lon="11.354642445221543">
        <ele>423.56999999999999</ele>
      </trkpt>
      <trkpt lat="48.761322889477015" lon="11.354501796886325">
        <ele>423.66000000000003</ele>
      </trkpt>
      <trkpt lat="48.761318530887365" lon="11.354353772476315">
        <ele>425.51999999999998</ele>
      </trkpt>
      <trkpt lat="48.761321464553475" lon="11.354215387254953">
        <ele>426.49000000000001</ele>
      </trkpt>
      <trkpt lat="48.761322218924761" lon="11.354079348966479">
        <ele>428.06999999999999</ele>
      </trkpt>
      <trkpt lat="48.761318447068334" lon="11.353928474709392">
        <ele>428.62</ele>
      </trkpt>
      <trkpt lat="48.761350968852639" lon="11.353796795010567">
        <ele>428.63999999999999</ele>
      </trkpt>
      <trkpt lat="48.761384999379516" lon="11.353668132796884">
        <ele>429.36000000000001</ele>
      </trkpt>
      <trkpt lat="48.761395141482353" lon="11.353529831394553">
        <ele>430.74000000000001</ele>
      </trkpt>
      <trkpt lat="48.761425148695707" lon="11.353391110897064">
        <ele>431.51999999999998</ele>
      </trkpt>
      <trkpt lat="48.761450797319412" lon="11.353251552209258">
        <ele>430.63999999999999</ele>
      </trkpt>
      <trkpt lat="48.761512907221913" lon="11.353138145059347">
        <ele>429.56</ele>
      </trkpt>
      <trkpt lat="48.761513493955135" lon="11.352999173104763">
        <ele>430</ele>
      </trkpt>
      <trkpt lat="48.761496311053634" lon="11.352846287190914">
        <ele>430.61000000000001</ele>
      </trkpt>
      <trkpt lat="48.761537214741111" lon="11.352705387398601">
        <ele>429.61000000000001</ele>
      </trkpt>
      <trkpt lat="48.761579375714064" lon="11.352572115138173">
        <ele>427.87</ele>
      </trkpt>
      <trkpt lat="48.761604186147451" lon="11.352427192032337">
        <ele>428.67000000000002</ele>
      </trkpt>
      <trkpt lat="48.761636205017567" lon="11.352277575060725">
        <ele>427.76999999999998</ele>
      </trkpt>
      <trkpt lat="48.761652717366815" lon="11.352107170969248">
        <ele>427.55000000000001</ele>
      </trkpt>
      <trkpt lat="48.761666715145111" lon="11.35197046212852">
        <ele>427.70999999999998</ele>
      </trkpt>
      <trkpt lat="48.761582477018237" lon="11.351884547621012">
        <ele>430.75</ele>
      </trkpt>
      <trkpt lat="48.761489018797874" lon="11.351852025836706">
        <ele>429.39999999999998</ele>
      </trkpt>
      <trkpt lat="48.761395895853639" lon="11.351811792701483">
        <ele>428.16000000000003</ele>
      </trkpt>
      <trkpt lat="48.761302856728435" lon="11.351770637556911">
        <ele>428.63</ele>
      </trkpt>
      <trkpt lat="48.761213170364499" lon="11.351744988933206">
        <ele>428.76999999999998</ele>
      </trkpt>
      <trkpt lat="48.761122142896056" lon="11.351694948971272">
        <ele>427.19999999999999</ele>
      </trkpt>
      <trkpt lat="48.761029103770852" lon="11.351655637845397">
        <ele>426.70999999999998</ele>
      </trkpt>
      <trkpt lat="48.760939501225948" lon="11.351621188223362">
        <ele>426.44999999999999</ele>
      </trkpt>
      <trkpt lat="48.760840594768524" lon="11.35159813798964">
        <ele>427.20999999999998</ele>
      </trkpt>
      <trkpt lat="48.760773371905088" lon="11.351477354764938">
        <ele>427.01999999999998</ele>
      </trkpt>
      <trkpt lat="48.760729618370533" lon="11.351349530741572">
        <ele>428.06999999999999</ele>
      </trkpt>
      <trkpt lat="48.760754931718111" lon="11.351198321208358">
        <ele>428.08999999999997</ele>
      </trkpt>
      <trkpt lat="48.760795835405588" lon="11.351070832461119">
        <ele>426.69999999999999</ele>
      </trkpt>
      <trkpt lat="48.760848725214601" lon="11.35095214471221">
        <ele>425.93000000000001</ele>
      </trkpt>
      <trkpt lat="48.760913936421275" lon="11.350825661793351">
        <ele>424.88</ele>
      </trkpt>
      <trkpt lat="48.760957438498735" lon="11.350704878568649">
        <ele>424.39999999999998</ele>
      </trkpt>
      <trkpt lat="48.761024326086044" lon="11.350585520267487">
        <ele>427.06999999999999</ele>
      </trkpt>
      <trkpt lat="48.761053830385208" lon="11.350429868325591">
        <ele>427.35000000000002</ele>
      </trkpt>
      <trkpt lat="48.761099511757493" lon="11.350294752046466">
        <ele>429.69</ele>
      </trkpt>
      <trkpt lat="48.761124070733786" lon="11.350147230550647">
        <ele>430.67000000000002</ele>
      </trkpt>
      <trkpt lat="48.761144941672683" lon="11.350012701004744">
        <ele>428.58999999999997</ele>
      </trkpt>
      <trkpt lat="48.761151228100061" lon="11.349870879203081">
        <ele>428.69999999999999</ele>
      </trkpt>
      <trkpt lat="48.761156341060996" lon="11.349734757095575">
        <ele>429.42000000000002</ele>
      </trkpt>
      <trkpt lat="48.761150054633617" lon="11.349581787362695">
        <ele>429.93000000000001</ele>
      </trkpt>
      <trkpt lat="48.761169165372849" lon="11.349448682740331">
        <ele>429.95999999999998</ele>
      </trkpt>
      <trkpt lat="48.761188862845302" lon="11.34930401109159">
        <ele>433.12</ele>
      </trkpt>
      <trkpt lat="48.761198837310076" lon="11.349165877327323">
        <ele>432.68000000000001</ele>
      </trkpt>
      <trkpt lat="48.761170003563166" lon="11.34902112185955">
        <ele>431.54000000000002</ele>
      </trkpt>
      <trkpt lat="48.761113509535789" lon="11.348913498222828">
        <ele>430.64999999999998</ele>
      </trkpt>
      <trkpt lat="48.76102851703763" lon="11.348840910941362">
        <ele>430.75</ele>
      </trkpt>
      <trkpt lat="48.760943189263344" lon="11.348768575116992">
        <ele>429.50999999999999</ele>
      </trkpt>
      <trkpt lat="48.760862974449992" lon="11.348688108846545">
        <ele>429.31999999999999</ele>
      </trkpt>
      <trkpt lat="48.760773204267025" lon="11.348636811599135">
        <ele>429.57999999999998</ele>
      </trkpt>
      <trkpt lat="48.760738000273705" lon="11.348503790795803">
        <ele>429.86000000000001</ele>
      </trkpt>
      <trkpt lat="48.760767839848995" lon="11.348363729193807">
        <ele>429.49000000000001</ele>
      </trkpt>
      <trkpt lat="48.760787704959512" lon="11.348214531317353">
        <ele>426.73000000000002</ele>
      </trkpt>
      <trkpt lat="48.760801367461681" lon="11.348075307905674">
        <ele>425.97000000000003</ele>
      </trkpt>
      <trkpt lat="48.76079885289073" lon="11.347932144999504">
        <ele>424.69</ele>
      </trkpt>
      <trkpt lat="48.760802373290062" lon="11.347784791141748">
        <ele>423.42000000000002</ele>
      </trkpt>
      <trkpt lat="48.760826177895069" lon="11.347637437283993">
        <ele>423.42000000000002</ele>
      </trkpt>
      <trkpt lat="48.760760715231299" lon="11.347542051225901">
        <ele>423.32999999999998</ele>
      </trkpt>
      <trkpt lat="48.760678740218282" lon="11.34746141731739">
        <ele>423.06</ele>
      </trkpt>
      <trkpt lat="48.760595507919788" lon="11.347377765923738">
        <ele>421.88</ele>
      </trkpt>
      <trkpt lat="48.760511856526136" lon="11.347301909700036">
        <ele>420.70999999999998</ele>
      </trkpt>
      <trkpt lat="48.760416554287076" lon="11.347241476178169">
        <ele>421.35000000000002</ele>
      </trkpt>
      <trkpt lat="48.760338351130486" lon="11.347161596640944">
        <ele>421.30000000000001</ele>
      </trkpt>
      <trkpt lat="48.760262746363878" lon="11.34707685559988">
        <ele>420.85000000000002</ele>
      </trkpt>
      <trkpt lat="48.76017733477056" lon="11.346998065710068">
        <ele>420.56</ele>
      </trkpt>
      <trkpt lat="48.760087732225657" lon="11.346931681036949">
        <ele>421.37</ele>
      </trkpt>
      <trkpt lat="48.759998129680753" lon="11.346870576962829">
        <ele>421.68000000000001</ele>
      </trkpt>
      <trkpt lat="48.759908610954881" lon="11.346786506474018">
        <ele>422.49000000000001</ele>
      </trkpt>
      <trkpt lat="48.759836861863732" lon="11.346698077395558">
        <ele>422.39999999999998</ele>
      </trkpt>
      <trkpt lat="48.759742816910148" lon="11.346644265577197">
        <ele>421.67000000000002</ele>
      </trkpt>
      <trkpt lat="48.7596779409796" lon="11.34654376655817">
        <ele>421.93000000000001</ele>
      </trkpt>
      <trkpt lat="48.759592110291123" lon="11.346496911719441">
        <ele>422.06999999999999</ele>
      </trkpt>
      <trkpt lat="48.759501669555902" lon="11.346470508724451">
        <ele>423.56</ele>
      </trkpt>
      <trkpt lat="48.759411815553904" lon="11.346463384106755">
        <ele>423.30000000000001</ele>
      </trkpt>
      <trkpt lat="48.759328164160252" lon="11.346535049378872">
        <ele>422.73000000000002</ele>
      </trkpt>
      <trkpt lat="48.759235879406333" lon="11.346620293334126">
        <ele>422.88999999999999</ele>
      </trkpt>
      <trkpt lat="48.759153066202998" lon="11.346676200628281">
        <ele>422.12</ele>
      </trkpt>
      <trkpt lat="48.759082742035389" lon="11.346782734617591">
        <ele>422.76999999999998</ele>
      </trkpt>
      <trkpt lat="48.759010154753923" lon="11.346875270828605">
        <ele>426.02999999999997</ele>
      </trkpt>
      <trkpt lat="48.758944356814027" lon="11.346979457885027">
        <ele>427.35000000000002</ele>
      </trkpt>
      <trkpt lat="48.758876211941242" lon="11.347076017409563">
        <ele>427.29000000000002</ele>
      </trkpt>
      <trkpt lat="48.758783591911197" lon="11.347109209746122">
        <ele>427.66000000000003</ele>
      </trkpt>
      <trkpt lat="48.758692815899849" lon="11.347170397639275">
        <ele>427.38</ele>
      </trkpt>
      <trkpt lat="48.758683260530233" lon="11.347179785370827">
        <ele>377</ele>
      </trkpt>
      <trkpt lat="48.758464995771646" lon="11.347592594102025">
        <ele>377</ele>
      </trkpt>
      <trkpt lat="48.758265590295196" lon="11.348112942650914">
        <ele>377</ele>
      </trkpt>
      <trkpt lat="48.758165845647454" lon="11.348439836874604">
        <ele>376.90625</ele>
      </trkpt>
      <trkpt lat="48.758082361891866" lon="11.348882736638188">
        <ele>376.99609375</ele>
      </trkpt>
      <trkpt lat="48.757891003042459" lon="11.348895644769073">
        <ele>377</ele>
      </trkpt>
      <trkpt lat="48.758071549236774" lon="11.348848370835185">
        <ele>377</ele>
      </trkpt>
      <trkpt lat="48.758152350783348" lon="11.348435478284955">
        <ele>376.921875</ele>
      </trkpt>
      <trkpt lat="48.758129300549626" lon="11.348396334797144">
        <ele>377.96875</ele>
      </trkpt>
      <trkpt lat="48.758400622755289" lon="11.347596282139421">
        <ele>377.109375</ele>
      </trkpt>
      <trkpt lat="48.758609080687165" lon="11.347129577770829">
        <ele>377.00390625</ele>
      </trkpt>
      <trkpt lat="48.75841143541038" lon="11.347178779542446">
        <ele>377.0234375</ele>
      </trkpt>
      <trkpt lat="48.758001811802387" lon="11.347436858341098">
        <ele>377.1640625</ele>
      </trkpt>
      <trkpt lat="48.757890416309237" lon="11.347520928829908">
        <ele>377.28515625</ele>
      </trkpt>
      <trkpt lat="48.757899384945631" lon="11.347596282139421">
        <ele>377.359375</ele>
      </trkpt>
      <trkpt lat="48.757912293076515" lon="11.347615225240588">
        <ele>424.39999999999998</ele>
      </trkpt>
      <trkpt lat="48.757823025807738" lon="11.347683034837246">
        <ele>424.91000000000003</ele>
      </trkpt>
      <trkpt lat="48.757730657234788" lon="11.347722429782152">
        <ele>423.66000000000003</ele>
      </trkpt>
      <trkpt lat="48.757628900930285" lon="11.347778923809528">
        <ele>426.49000000000001</ele>
      </trkpt>
      <trkpt lat="48.757553547620773" lon="11.347854947671294">
        <ele>426.11000000000001</ele>
      </trkpt>
      <trkpt lat="48.757457407191396" lon="11.347897192463279">
        <ele>424.16000000000003</ele>
      </trkpt>
      <trkpt lat="48.757377527654171" lon="11.347965169698">
        <ele>423.5</ele>
      </trkpt>
      <trkpt lat="48.757277615368366" lon="11.348020574077964">
        <ele>424.11000000000001</ele>
      </trkpt>
      <trkpt lat="48.757198741659522" lon="11.348104225471616">
        <ele>423.30000000000001</ele>
      </trkpt>
      <trkpt lat="48.757193041965365" lon="11.347954776138067">
        <ele>423.60000000000002</ele>
      </trkpt>
      <trkpt lat="48.757183654233813" lon="11.347812535241246">
        <ele>426.06999999999999</ele>
      </trkpt>
      <trkpt lat="48.75711852684617" lon="11.3477096054703">
        <ele>426.55000000000001</ele>
      </trkpt>
      <trkpt lat="48.75702565535903" lon="11.347641795873642">
        <ele>425.93000000000001</ele>
      </trkpt>
      <trkpt lat="48.756967317312956" lon="11.347537105903029">
        <ele>425.58999999999997</ele>
      </trkpt>
      <trkpt lat="48.756907805800438" lon="11.347421016544104">
        <ele>424.99000000000001</ele>
      </trkpt>
      <trkpt lat="48.756843935698271" lon="11.347299143671989">
        <ele>424.70999999999998</ele>
      </trkpt>
      <trkpt lat="48.756787860766053" lon="11.347167380154133">
        <ele>427.02999999999997</ele>
      </trkpt>
      <trkpt lat="48.756751650944352" lon="11.347034024074674">
        <ele>428.23000000000002</ele>
      </trkpt>
      <trkpt lat="48.756726924329996" lon="11.34689262136817">
        <ele>428.30000000000001</ele>
      </trkpt>
      <trkpt lat="48.756655259057879" lon="11.346785584464669">
        <ele>427.63</ele>
      </trkpt>
      <trkpt lat="48.756556184962392" lon="11.346762701869011">
        <ele>427.69</ele>
      </trkpt>
      <trkpt lat="48.756457949057221" lon="11.346700675785542">
        <ele>427.61000000000001</ele>
      </trkpt>
      <trkpt lat="48.756355019286275" lon="11.346677290275693">
        <ele>427.73000000000002</ele>
      </trkpt>
      <trkpt lat="48.756256280466914" lon="11.346647366881371">
        <ele>427.43000000000001</ele>
      </trkpt>
      <trkpt lat="48.756150165572762" lon="11.346653234213591">
        <ele>428.73000000000002</ele>
      </trkpt>
      <trkpt lat="48.756050504744053" lon="11.34665516205132">
        <ele>428.77999999999997</ele>
      </trkpt>
      <trkpt lat="48.755958722904325" lon="11.346690198406577">
        <ele>429.81999999999999</ele>
      </trkpt>
      <trkpt lat="48.755877502262592" lon="11.346631273627281">
        <ele>424.48000000000002</ele>
      </trkpt>
      <trkpt lat="48.75579334795475" lon="11.346575953066349">
        <ele>422.5</ele>
      </trkpt>
      <trkpt lat="48.755701817572117" lon="11.346543012186885">
        <ele>422.17000000000002</ele>
      </trkpt>
      <trkpt lat="48.755615819245577" lon="11.346498001366854">
        <ele>421.72000000000003</ele>
      </trkpt>
      <trkpt lat="48.755520936101675" lon="11.346462965011597">
        <ele>422.23000000000002</ele>
      </trkpt>
      <trkpt lat="48.755451366305351" lon="11.346375960856676">
        <ele>422.85000000000002</ele>
      </trkpt>
      <trkpt lat="48.755362518131733" lon="11.346328519284725">
        <ele>423.64999999999998</ele>
      </trkpt>
      <trkpt lat="48.755252966657281" lon="11.346321227028966">
        <ele>423.48000000000002</ele>
      </trkpt>
      <trkpt lat="48.755163196474314" lon="11.346296919509768">
        <ele>423.82999999999998</ele>
      </trkpt>
      <trkpt lat="48.755050962790847" lon="11.34630823507905">
        <ele>424.30000000000001</ele>
      </trkpt>
      <trkpt lat="48.754960857331753" lon="11.346270935609937">
        <ele>426.02999999999997</ele>
      </trkpt>
      <trkpt lat="48.75484493561089" lon="11.346249897032976">
        <ele>426.75999999999999</ele>
      </trkpt>
      <trkpt lat="48.754817945882678" lon="11.346239252015948">
        <ele>378.69140625</ele>
      </trkpt>
      <trkpt lat="48.754788273945451" lon="11.346238413825631">
        <ele>428.52999999999997</ele>
      </trkpt>
      <trkpt lat="48.754769414663315" lon="11.346238413825631">
        <ele>378.7109375</ele>
      </trkpt>
      <trkpt lat="48.754726247861981" lon="11.346222404390574">
        <ele>378.7265625</ele>
      </trkpt>
      <trkpt lat="48.754668412730098" lon="11.34622709825635">
        <ele>433.48000000000002</ele>
      </trkpt>
      <trkpt lat="48.754667406901717" lon="11.346112098544836">
        <ele>433.63999999999999</ele>
      </trkpt>
      <trkpt lat="48.754655923694372" lon="11.346062310039997">
        <ele>434.56</ele>
      </trkpt>
      <trkpt lat="48.754564980044961" lon="11.346016628667712">
        <ele>435.85000000000002</ele>
      </trkpt>
      <trkpt lat="48.754510330036283" lon="11.345903808251023">
        <ele>434.94</ele>
      </trkpt>
      <trkpt lat="48.7544334679842" lon="11.345832478255033">
        <ele>434.07999999999998</ele>
      </trkpt>
      <trkpt lat="48.754275050014257" lon="11.345800375565886">
        <ele>433.23000000000002</ele>
      </trkpt>
      <trkpt lat="48.754172287881374" lon="11.345745641738176">
        <ele>432.38999999999999</ele>
      </trkpt>
      <trkpt lat="48.754161978140473" lon="11.345614548772573">
        <ele>426.01999999999998</ele>
      </trkpt>
      <trkpt lat="48.754123589023948" lon="11.345473481342196">
        <ele>424.81999999999999</ele>
      </trkpt>
      <trkpt lat="48.754084445536137" lon="11.345259072259068">
        <ele>431.97000000000003</ele>
      </trkpt>
      <trkpt lat="48.75405821017921" lon="11.34512672200799">
        <ele>431.14999999999998</ele>
      </trkpt>
      <trkpt lat="48.754060473293066" lon="11.344975428655744">
        <ele>431.06</ele>
      </trkpt>
      <trkpt lat="48.754013366997242" lon="11.344854645431042">
        <ele>433.47000000000003</ele>
      </trkpt>
      <trkpt lat="48.754005068913102" lon="11.344730006530881">
        <ele>433.69</ele>
      </trkpt>
      <trkpt lat="48.754031807184219" lon="11.344557842239738">
        <ele>378.87890625</ele>
      </trkpt>
      <trkpt lat="48.754061311483383" lon="11.344471760094166">
        <ele>431.98000000000002</ele>
      </trkpt>
      <trkpt lat="48.754063993692398" lon="11.344424402341247">
        <ele>433.02999999999997</ele>
      </trkpt>
      <trkpt lat="48.754096096381545" lon="11.344278054311872">
        <ele>434.75999999999999</ele>
      </trkpt>
      <trkpt lat="48.754130881279707" lon="11.344101615250111">
        <ele>436.29000000000002</ele>
      </trkpt>
      <trkpt lat="48.754142196848989" lon="11.34408401325345">
        <ele>429.87</ele>
      </trkpt>
      <trkpt lat="48.754035327583551" lon="11.344060963019729">
        <ele>428.25</ele>
      </trkpt>
      <trkpt lat="48.753941366448998" lon="11.344044283032417">
        <ele>427.92000000000002</ele>
      </trkpt>
      <trkpt lat="48.753841873258352" lon="11.344047803431749">
        <ele>427.33999999999997</ele>
      </trkpt>
      <trkpt lat="48.753751181066036" lon="11.344096083194017">
        <ele>427.61000000000001</ele>
      </trkpt>
      <trkpt lat="48.753659147769213" lon="11.344129778444767">
        <ele>427.91000000000003</ele>
      </trkpt>
      <trkpt lat="48.753565270453691" lon="11.344089545309544">
        <ele>428.37</ele>
      </trkpt>
      <trkpt lat="48.753470974043012" lon="11.344107985496521">
        <ele>428.00999999999999</ele>
      </trkpt>
      <trkpt lat="48.753366367891431" lon="11.344106225296855">
        <ele>428.45999999999998</ele>
      </trkpt>
      <trkpt lat="48.753272825852036" lon="11.344131538644433">
        <ele>429.51999999999998</ele>
      </trkpt>
      <trkpt lat="48.753182888031006" lon="11.34416707791388">
        <ele>428.72000000000003</ele>
      </trkpt>
      <trkpt lat="48.753083478659391" lon="11.344161881133914">
        <ele>431.18000000000001</ele>
      </trkpt>
      <trkpt lat="48.752994127571583" lon="11.344144949689507">
        <ele>429.48000000000002</ele>
      </trkpt>
      <trkpt lat="48.752932185307145" lon="11.344024753198028">
        <ele>427.63999999999999</ele>
      </trkpt>
      <trkpt lat="48.752849539741874" lon="11.343937832862139">
        <ele>423.44</ele>
      </trkpt>
      <trkpt lat="48.752745520323515" lon="11.343903383240104">
        <ele>424.44999999999999</ele>
      </trkpt>
      <trkpt lat="48.752656253054738" lon="11.34388217702508">
        <ele>425.06</ele>
      </trkpt>
      <trkpt lat="48.752558268606663" lon="11.343872454017401">
        <ele>426.43000000000001</ele>
      </trkpt>
      <trkpt lat="48.752468163147569" lon="11.343856528401375">
        <ele>427.42000000000002</ele>
      </trkpt>
      <trkpt lat="48.75236414372921" lon="11.343855438753963">
        <ele>428.02999999999997</ele>
      </trkpt>
      <trkpt lat="48.752265488728881" lon="11.343832723796368">
        <ele>426.80000000000001</ele>
      </trkpt>
      <trkpt lat="48.752170689404011" lon="11.343798190355301">
        <ele>425.29000000000002</ele>
      </trkpt>
      <trkpt lat="48.75208075158298" lon="11.343750078231096">
        <ele>422.02999999999997</ele>
      </trkpt>
      <trkpt lat="48.752001039683819" lon="11.343661984428763">
        <ele>422.55000000000001</ele>
      </trkpt>
      <trkpt lat="48.751978157088161" lon="11.343517983332276">
        <ele>421.38999999999999</ele>
      </trkpt>
      <trkpt lat="48.751939181238413" lon="11.343375742435455">
        <ele>422.29000000000002</ele>
      </trkpt>
      <trkpt lat="48.751907330006361" lon="11.343225371092558">
        <ele>423.27999999999997</ele>
      </trkpt>
      <trkpt lat="48.75192929059267" lon="11.343083633109927">
        <ele>422.92000000000002</ele>
      </trkpt>
      <trkpt lat="48.751969439908862" lon="11.342952037230134">
        <ele>422.92000000000002</ele>
      </trkpt>
      <trkpt lat="48.751979330554605" lon="11.342801414430141">
        <ele>421.52999999999997</ele>
      </trkpt>
      <trkpt lat="48.751991484314203" lon="11.342663280665874">
        <ele>420.86000000000001</ele>
      </trkpt>
      <trkpt lat="48.75201721675694" lon="11.342518189921975">
        <ele>420.04000000000002</ele>
      </trkpt>
      <trkpt lat="48.752020318061113" lon="11.34236253798008">
        <ele>419.66000000000003</ele>
      </trkpt>
      <trkpt lat="48.751989137381315" lon="11.342225410044193">
        <ele>419.92000000000002</ele>
      </trkpt>
      <trkpt lat="48.751986119896173" lon="11.342082498595119">
        <ele>419.83999999999997</ele>
      </trkpt>
      <trkpt lat="48.752026269212365" lon="11.341944867745042">
        <ele>421.00999999999999</ele>
      </trkpt>
      <trkpt lat="48.751991651952267" lon="11.341807320713997">
        <ele>420.39999999999998</ele>
      </trkpt>
      <trkpt lat="48.75193658284843" lon="11.341691566631198">
        <ele>421.68000000000001</ele>
      </trkpt>
      <trkpt lat="48.75185988843441" lon="11.341615375131369">
        <ele>422.67000000000002</ele>
      </trkpt>
      <trkpt lat="48.751808675006032" lon="11.341489143669605">
        <ele>423.45999999999998</ele>
      </trkpt>
      <trkpt lat="48.751797946169972" lon="11.341339442878962">
        <ele>425.26999999999998</ele>
      </trkpt>
      <trkpt lat="48.751840945333242" lon="11.341214971616864">
        <ele>427.72000000000003</ele>
      </trkpt>
      <trkpt lat="48.751872126013041" lon="11.341084130108356">
        <ele>430.00999999999999</ele>
      </trkpt>
      <trkpt lat="48.75188922509551" lon="11.340933423489332">
        <ele>430.43000000000001</ele>
      </trkpt>
      <trkpt lat="48.751891236752272" lon="11.340784393250942">
        <ele>429.70999999999998</ele>
      </trkpt>
      <trkpt lat="48.751925099641085" lon="11.340653970837593">
        <ele>429.23000000000002</ele>
      </trkpt>
      <trkpt lat="48.751950664445758" lon="11.340502509847283">
        <ele>427.73000000000002</ele>
      </trkpt>
      <trkpt lat="48.751961309462786" lon="11.340348366647959">
        <ele>426.99000000000001</ele>
      </trkpt>
      <trkpt lat="48.75200355425477" lon="11.34020084515214">
        <ele>426.56999999999999</ele>
      </trkpt>
      <trkpt lat="48.752045044675469" lon="11.340069165453315">
        <ele>425.07999999999998</ele>
      </trkpt>
      <trkpt lat="48.752006571739912" lon="11.339934132993221">
        <ele>420.27999999999997</ele>
      </trkpt>
      <trkpt lat="48.75203968025744" lon="11.339795161038637">
        <ele>418.11000000000001</ele>
      </trkpt>
      <trkpt lat="48.752061892300844" lon="11.339657111093402">
        <ele>417.73000000000002</ele>
      </trkpt>
      <trkpt lat="48.75212425366044" lon="11.339527610689402">
        <ele>417.08999999999997</ele>
      </trkpt>
      <trkpt lat="48.752196589484811" lon="11.339420741423965">
        <ele>418.68000000000001</ele>
      </trkpt>
      <trkpt lat="48.752229698002338" lon="11.339285792782903">
        <ele>416.73000000000002</ele>
      </trkpt>
      <trkpt lat="48.752157026901841" lon="11.33920163847506">
        <ele>418.48000000000002</ele>
      </trkpt>
      <trkpt lat="48.752067843452096" lon="11.339140618219972">
        <ele>419.89999999999998</ele>
      </trkpt>
      <trkpt lat="48.7519864551723" lon="11.339076245203614">
        <ele>418.87</ele>
      </trkpt>
      <trkpt lat="48.75189651735127" lon="11.338995611295104">
        <ele>418.67000000000002</ele>
      </trkpt>
      <trkpt lat="48.751820577308536" lon="11.338922185823321">
        <ele>420.88999999999999</ele>
      </trkpt>
      <trkpt lat="48.75173918902874" lon="11.338841216638684">
        <ele>420.57999999999998</ele>
      </trkpt>
      <trkpt lat="48.751666434109211" lon="11.338727055117488">
        <ele>419.47000000000003</ele>
      </trkpt>
      <trkpt lat="48.751591164618731" lon="11.33864508010447">
        <ele>419.79000000000002</ele>
      </trkpt>
      <trkpt lat="48.751512710005045" lon="11.338576013222337">
        <ele>420.58999999999997</ele>
      </trkpt>
      <trkpt lat="48.751426627859473" lon="11.338489511981606">
        <ele>420.47000000000003</ele>
      </trkpt>
      <trkpt lat="48.751349514350295" lon="11.338410470634699">
        <ele>419.69999999999999</ele>
      </trkpt>
      <trkpt lat="48.751265192404389" lon="11.338328998535872">
        <ele>420.86000000000001</ele>
      </trkpt>
      <trkpt lat="48.751175170764327" lon="11.338270828127861">
        <ele>421.38999999999999</ele>
      </trkpt>
      <trkpt lat="48.751096548512578" lon="11.338197402656078">
        <ele>421.87</ele>
      </trkpt>
      <trkpt lat="48.751021949574351" lon="11.338114086538553">
        <ele>420.91000000000003</ele>
      </trkpt>
      <trkpt lat="48.75093687325716" lon="11.338041666895151">
        <ele>420.33999999999997</ele>
      </trkpt>
      <trkpt lat="48.750854730606079" lon="11.337950387969613">
        <ele>421.79000000000002</ele>
      </trkpt>
      <trkpt lat="48.750763367861509" lon="11.337865479290485">
        <ele>422.19999999999999</ele>
      </trkpt>
      <trkpt lat="48.750675022602081" lon="11.337775206193328">
        <ele>423.85000000000002</ele>
      </trkpt>
      <trkpt lat="48.750603189691901" lon="11.3376902975142">
        <ele>424.07999999999998</ele>
      </trkpt>
      <trkpt lat="48.750515514984727" lon="11.337620308622718">
        <ele>424.18000000000001</ele>
      </trkpt>
      <trkpt lat="48.750439658761024" lon="11.337538501247764">
        <ele>423.38</ele>
      </trkpt>
      <trkpt lat="48.750365395098925" lon="11.337434062734246">
        <ele>422.38</ele>
      </trkpt>
      <trkpt lat="48.750295322388411" lon="11.337336916476488">
        <ele>421.87</ele>
      </trkpt>
      <trkpt lat="48.750211084261537" lon="11.337250163778663">
        <ele>422.19</ele>
      </trkpt>
      <trkpt lat="48.75012525357306" lon="11.337175900116563">
        <ele>420.82999999999998</ele>
      </trkpt>
      <trkpt lat="48.750040680170059" lon="11.337092751637101">
        <ele>420.52999999999997</ele>
      </trkpt>
      <trkpt lat="48.749949904158711" lon="11.337012955918908">
        <ele>420.77999999999997</ele>
      </trkpt>
      <trkpt lat="48.749871868640184" lon="11.336928801611066">
        <ele>422.80000000000001</ele>
      </trkpt>
      <trkpt lat="48.749794168397784" lon="11.336832996457815">
        <ele>421.64999999999998</ele>
      </trkpt>
      <trkpt lat="48.749709762632847" lon="11.336761917918921">
        <ele>421.51999999999998</ele>
      </trkpt>
      <trkpt lat="48.749632984399796" lon="11.336687821894884">
        <ele>422.32999999999998</ele>
      </trkpt>
      <trkpt lat="48.749551260843873" lon="11.336595201864839">
        <ele>423.41000000000003</ele>
      </trkpt>
      <trkpt lat="48.749473979696631" lon="11.336508868262172">
        <ele>423.22000000000003</ele>
      </trkpt>
      <trkpt lat="48.749399213120341" lon="11.336422534659505">
        <ele>422.19999999999999</ele>
      </trkpt>
      <trkpt lat="48.749318076297641" lon="11.336345421150327">
        <ele>421.88999999999999</ele>
      </trkpt>
      <trkpt lat="48.749225540086627" lon="11.336272330954671">
        <ele>421.12</ele>
      </trkpt>
      <trkpt lat="48.749150019139051" lon="11.33619706146419">
        <ele>422.06999999999999</ele>
      </trkpt>
      <trkpt lat="48.749076426029205" lon="11.336105363443494">
        <ele>421.81999999999999</ele>
      </trkpt>
      <trkpt lat="48.748997803777456" lon="11.336036967113614">
        <ele>422.07999999999998</ele>
      </trkpt>
      <trkpt lat="48.748925551772118" lon="11.335955243557692">
        <ele>421.81999999999999</ele>
      </trkpt>
      <trkpt lat="48.748838631436229" lon="11.335879471153021">
        <ele>422.97000000000003</ele>
      </trkpt>
      <trkpt lat="48.748769648373127" lon="11.335789365693927">
        <ele>422.66000000000003</ele>
      </trkpt>
      <trkpt lat="48.748702593147755" lon="11.335684759542346">
        <ele>423.75</ele>
      </trkpt>
      <trkpt lat="48.748621791601181" lon="11.335604377090931">
        <ele>424.50999999999999</ele>
      </trkpt>
      <trkpt lat="48.748538140207529" lon="11.335528772324324">
        <ele>423.73000000000002</ele>
      </trkpt>
      <trkpt lat="48.748466223478317" lon="11.335441349074244">
        <ele>424.11000000000001</ele>
      </trkpt>
      <trkpt lat="48.748372513800859" lon="11.335387453436852">
        <ele>423.25999999999999</ele>
      </trkpt>
      <trkpt lat="48.7482875213027" lon="11.335310926660895">
        <ele>423.94999999999999</ele>
      </trkpt>
      <trkpt lat="48.748217113316059" lon="11.335223922505975">
        <ele>423.61000000000001</ele>
      </trkpt>
      <trkpt lat="48.748135808855295" lon="11.335138846188784">
        <ele>424.00999999999999</ele>
      </trkpt>
      <trkpt lat="48.748059114441276" lon="11.335067013278604">
        <ele>424.81</ele>
      </trkpt>
      <trkpt lat="48.74797185882926" lon="11.334983948618174">
        <ele>425.83999999999997</ele>
      </trkpt>
      <trkpt lat="48.747892733663321" lon="11.334905913099647">
        <ele>425.51999999999998</ele>
      </trkpt>
      <trkpt lat="48.747811010107398" lon="11.334841288626194">
        <ele>424.36000000000001</ele>
      </trkpt>
      <trkpt lat="48.747743787243962" lon="11.334747327491641">
        <ele>423.20999999999998</ele>
      </trkpt>
      <trkpt lat="48.747661979869008" lon="11.334669291973114">
        <ele>423.13</ele>
      </trkpt>
      <trkpt lat="48.747582854703069" lon="11.334589160978794">
        <ele>424.04000000000002</ele>
      </trkpt>
      <trkpt lat="48.747512279078364" lon="11.334481872618198">
        <ele>424.12</ele>
      </trkpt>
      <trkpt lat="48.747430220246315" lon="11.334392018616199">
        <ele>425.99000000000001</ele>
      </trkpt>
      <trkpt lat="48.747352184727788" lon="11.334289088845253">
        <ele>425.99000000000001</ele>
      </trkpt>
      <trkpt lat="48.747265767306089" lon="11.334223039448261">
        <ele>425.30000000000001</ele>
      </trkpt>
      <trkpt lat="48.747180690988898" lon="11.334170736372471">
        <ele>425.00999999999999</ele>
      </trkpt>
      <trkpt lat="48.747099805623293" lon="11.334108542650938">
        <ele>424.58999999999997</ele>
      </trkpt>
      <trkpt lat="48.747006179764867" lon="11.334065375849605">
        <ele>423.94999999999999</ele>
      </trkpt>
      <trkpt lat="48.746916325762868" lon="11.333999326452613">
        <ele>422.07999999999998</ele>
      </trkpt>
      <trkpt lat="48.746827645227313" lon="11.333936797454953">
        <ele>422.44999999999999</ele>
      </trkpt>
      <trkpt lat="48.74673075042665" lon="11.333894385024905">
        <ele>422.27999999999997</ele>
      </trkpt>
      <trkpt lat="48.746641231700778" lon="11.333857085555792">
        <ele>423.36000000000001</ele>
      </trkpt>
      <trkpt lat="48.746543666347861" lon="11.333844847977161">
        <ele>424.64999999999998</ele>
      </trkpt>
      <trkpt lat="48.746446603909135" lon="11.333818109706044">
        <ele>424.77999999999997</ele>
      </trkpt>
      <trkpt lat="48.746352139860392" lon="11.333827329799533">
        <ele>425.95999999999998</ele>
      </trkpt>
      <trkpt lat="48.746262369677424" lon="11.333875861018896">
        <ele>424.92000000000002</ele>
      </trkpt>
      <trkpt lat="48.746171006932855" lon="11.333891618996859">
        <ele>424.38</ele>
      </trkpt>
      <trkpt lat="48.746107639744878" lon="11.333988849073648">
        <ele>427.08999999999997</ele>
      </trkpt>
      <trkpt lat="48.746016779914498" lon="11.334036039188504">
        <ele>427.87</ele>
      </trkpt>
      <trkpt lat="48.745928099378943" lon="11.334075937047601">
        <ele>427.88999999999999</ele>
      </trkpt>
      <trkpt lat="48.745829360559583" lon="11.334070656448603">
        <ele>428.24000000000001</ele>
      </trkpt>
      <trkpt lat="48.74573590233922" lon="11.33411256596446">
        <ele>429.26999999999998</ele>
      </trkpt>
      <trkpt lat="48.745642779394984" lon="11.334115080535412">
        <ele>429.12</ele>
      </trkpt>
      <trkpt lat="48.745549656450748" lon="11.334132431074977">
        <ele>429.45999999999998</ele>
      </trkpt>
      <trkpt lat="48.745465585961938" lon="11.334065962582827">
        <ele>430.38</ele>
      </trkpt>
      <trkpt lat="48.745396099984646" lon="11.33396789431572">
        <ele>431.08999999999997</ele>
      </trkpt>
      <trkpt lat="48.745289733633399" lon="11.333941156044602">
        <ele>429.85000000000002</ele>
      </trkpt>
      <trkpt lat="48.745183367282152" lon="11.333924056962132">
        <ele>430.47000000000003</ele>
      </trkpt>
      <trkpt lat="48.74509577639401" lon="11.333861611783504">
        <ele>431.73000000000002</ele>
      </trkpt>
      <trkpt lat="48.745002904906869" lon="11.33378709666431">
        <ele>430.62</ele>
      </trkpt>
      <trkpt lat="48.744912212714553" lon="11.333820540457964">
        <ele>431.10000000000002</ele>
      </trkpt>
      <trkpt lat="48.744814563542604" lon="11.333822887390852">
        <ele>432.45999999999998</ele>
      </trkpt>
      <trkpt lat="48.744714064523578" lon="11.333864713087678">
        <ele>433.80000000000001</ele>
      </trkpt>
      <trkpt lat="48.744624210521579" lon="11.333890194073319">
        <ele>432.81999999999999</ele>
      </trkpt>
      <trkpt lat="48.744532847777009" lon="11.333898240700364">
        <ele>432.89999999999998</ele>
      </trkpt>
      <trkpt lat="48.744430840015411" lon="11.333933444693685">
        <ele>432.41000000000003</ele>
      </trkpt>
      <trkpt lat="48.744324054569006" lon="11.333922715857625">
        <ele>432.66000000000003</ele>
      </trkpt>
      <trkpt lat="48.744226321578026" lon="11.333875609561801">
        <ele>432.56</ele>
      </trkpt>
      <trkpt lat="48.744130851700902" lon="11.333804028108716">
        <ele>434.76999999999998</ele>
      </trkpt>
      <trkpt lat="48.744034040719271" lon="11.333781396970153">
        <ele>436.80000000000001</ele>
      </trkpt>
      <trkpt lat="48.743946617469192" lon="11.333748791366816">
        <ele>434.89999999999998</ele>
      </trkpt>
      <trkpt lat="48.743856009095907" lon="11.333695901557803">
        <ele>430.89999999999998</ele>
      </trkpt>
      <trkpt lat="48.743753498420119" lon="11.333659691736102">
        <ele>431.04000000000002</ele>
      </trkpt>
      <trkpt lat="48.743667332455516" lon="11.333605879917741">
        <ele>430.72000000000003</ele>
      </trkpt>
      <trkpt lat="48.743576221168041" lon="11.333568245172501">
        <ele>429.75999999999999</ele>
      </trkpt>
      <trkpt lat="48.74349307268858" lon="11.333497166633606">
        <ele>427.93000000000001</ele>
      </trkpt>
      <trkpt lat="48.743402548134327" lon="11.333488700911403">
        <ele>427.68000000000001</ele>
      </trkpt>
      <trkpt lat="48.743308084085584" lon="11.333471685647964">
        <ele>428.52999999999997</ele>
      </trkpt>
      <trkpt lat="48.743208339437842" lon="11.333440085873008">
        <ele>427.56</ele>
      </trkpt>
      <trkpt lat="48.743102559819818" lon="11.33340748026967">
        <ele>425.19999999999999</ele>
      </trkpt>
      <trkpt lat="48.743004994466901" lon="11.333445869386196">
        <ele>420.68000000000001</ele>
      </trkpt>
      <trkpt lat="48.742921929806471" lon="11.333499681204557">
        <ele>416.47000000000003</ele>
      </trkpt>
      <trkpt lat="48.742837272584438" lon="11.33357310667634">
        <ele>417.19</ele>
      </trkpt>
      <trkpt lat="48.742737025022507" lon="11.333596324548125">
        <ele>423.94</ele>
      </trkpt>
      <trkpt lat="48.742646584287286" lon="11.333558019250631">
        <ele>424.93000000000001</ele>
      </trkpt>
      <trkpt lat="48.742585647851229" lon="11.333445785567164">
        <ele>426.63999999999999</ele>
      </trkpt>
      <trkpt lat="48.742553126066923" lon="11.333312094211578">
        <ele>426.50999999999999</ele>
      </trkpt>
      <trkpt lat="48.742547845467925" lon="11.333175469189882">
        <ele>426.94999999999999</ele>
      </trkpt>
      <trkpt lat="48.74251683242619" lon="11.333030881360173">
        <ele>429.13999999999999</ele>
      </trkpt>
      <trkpt lat="48.742508534342051" lon="11.332886125892401">
        <ele>429.12</ele>
      </trkpt>
      <trkpt lat="48.742508115246892" lon="11.332737514749169">
        <ele>425.16000000000003</ele>
      </trkpt>
      <trkpt lat="48.742509875446558" lon="11.332600638270378">
        <ele>425.11000000000001</ele>
      </trkpt>
      <trkpt lat="48.742533512413502" lon="11.332463258877397">
        <ele>426.20999999999998</ele>
      </trkpt>
      <trkpt lat="48.742516497150064" lon="11.332327388226986">
        <ele>426.79000000000002</ele>
      </trkpt>
      <trkpt lat="48.742481209337711" lon="11.332199396565557">
        <ele>426.47000000000003</ele>
      </trkpt>
      <trkpt lat="48.742442149668932" lon="11.332068806514144">
        <ele>431.07999999999998</ele>
      </trkpt>
      <trkpt lat="48.742423541843891" lon="11.331925475969911">
        <ele>431.68000000000001</ele>
      </trkpt>
      <trkpt lat="48.742435863241553" lon="11.331786587834358">
        <ele>430.11000000000001</ele>
      </trkpt>
      <trkpt lat="48.742461008951068" lon="11.33165524341166">
        <ele>428.24000000000001</ele>
      </trkpt>
      <trkpt lat="48.742477521300316" lon="11.331501519307494">
        <ele>426.52999999999997</ele>
      </trkpt>
      <trkpt lat="48.742489758878946" lon="11.331282332539558">
        <ele>423.43000000000001</ele>
      </trkpt>
      <trkpt lat="48.742437036707997" lon="11.331171607598662">
        <ele>422.61000000000001</ele>
      </trkpt>
      <trkpt lat="48.742366125807166" lon="11.331059541553259">
        <ele>423.07999999999998</ele>
      </trkpt>
      <trkpt lat="48.742298819124699" lon="11.330962562933564">
        <ele>422.81</ele>
      </trkpt>
      <trkpt lat="48.742216760292649" lon="11.330873966217041">
        <ele>421.31</ele>
      </trkpt>
      <trkpt lat="48.742160936817527" lon="11.33076399564743">
        <ele>418.55000000000001</ele>
      </trkpt>
      <trkpt lat="48.742078794166446" lon="11.330669531598687">
        <ele>417.37</ele>
      </trkpt>
      <trkpt lat="48.741996819153428" lon="11.330602979287505">
        <ele>415.92000000000002</ele>
      </trkpt>
      <trkpt lat="48.741890452802181" lon="11.330567020922899">
        <ele>415.41000000000003</ele>
      </trkpt>
      <trkpt lat="48.741792384535074" lon="11.330550676211715">
        <ele>414.30000000000001</ele>
      </trkpt>
      <trkpt lat="48.741701524704695" lon="11.330517483875155">
        <ele>413.13999999999999</ele>
      </trkpt>
      <trkpt lat="48.741608485579491" lon="11.33048546500504">
        <ele>414.35000000000002</ele>
      </trkpt>
      <trkpt lat="48.741516033187509" lon="11.330446070060134">
        <ele>415.50999999999999</ele>
      </trkpt>
      <trkpt lat="48.741420730948448" lon="11.330450177192688">
        <ele>416.01999999999998</ele>
      </trkpt>
      <trkpt lat="48.741322746500373" lon="11.330490075051785">
        <ele>415.89999999999998</ele>
      </trkpt>
      <trkpt lat="48.741230210289359" lon="11.330513963475823">
        <ele>416.61000000000001</ele>
      </trkpt>
      <trkpt lat="48.741135327145457" lon="11.330562746152282">
        <ele>418.52999999999997</ele>
      </trkpt>
      <trkpt lat="48.741041868925095" lon="11.330631729215384">
        <ele>417.31</ele>
      </trkpt>
      <trkpt lat="48.740945728495717" lon="11.330686211585999">
        <ele>417.66000000000003</ele>
      </trkpt>
      <trkpt lat="48.740855790674686" lon="11.330700377002358">
        <ele>417.75999999999999</ele>
      </trkpt>
      <trkpt lat="48.740763757377863" lon="11.330709513276815">
        <ele>418.26999999999998</ele>
      </trkpt>
      <trkpt lat="48.740666024386883" lon="11.330720409750938">
        <ele>420.13999999999999</ele>
      </trkpt>
      <trkpt lat="48.740591090172529" lon="11.330630304291844">
        <ele>422.62</ele>
      </trkpt>
      <trkpt lat="48.740526549518108" lon="11.330517902970314">
        <ele>422.94999999999999</ele>
      </trkpt>
      <trkpt lat="48.740437868982553" lon="11.33048496209085">
        <ele>424.29000000000002</ele>
      </trkpt>
      <trkpt lat="48.740335693582892" lon="11.330465348437428">
        <ele>423.06999999999999</ele>
      </trkpt>
      <trkpt lat="48.740242989733815" lon="11.330428803339601">
        <ele>423.38999999999999</ele>
      </trkpt>
      <trkpt lat="48.740157745778561" lon="11.330337021499872">
        <ele>424.58999999999997</ele>
      </trkpt>
      <trkpt lat="48.740088175982237" lon="11.33023576810956">
        <ele>422.42000000000002</ele>
      </trkpt>
      <trkpt lat="48.739992957562208" lon="11.330181201919913">
        <ele>421.25</ele>
      </trkpt>
      <trkpt lat="48.739911653101444" lon="11.330085480585694">
        <ele>422.99000000000001</ele>
      </trkpt>
      <trkpt lat="48.739816686138511" lon="11.330063017085195">
        <ele>422.97000000000003</ele>
      </trkpt>
      <trkpt lat="48.739725239574909" lon="11.330061089247465">
        <ele>422.35000000000002</ele>
      </trkpt>
      <trkpt lat="48.73963781632483" lon="11.330019347369671">
        <ele>420.5</ele>
      </trkpt>
      <trkpt lat="48.739556092768908" lon="11.329958494752645">
        <ele>421.61000000000001</ele>
      </trkpt>
      <trkpt lat="48.739462718367577" lon="11.329910298809409">
        <ele>422.54000000000002</ele>
      </trkpt>
      <trkpt lat="48.739364901557565" lon="11.329874005168676">
        <ele>423.95999999999998</ele>
      </trkpt>
      <trkpt lat="48.739268593490124" lon="11.329824468120933">
        <ele>429.11000000000001</ele>
      </trkpt>
      <trkpt lat="48.739172872155905" lon="11.329827485606074">
        <ele>431.02999999999997</ele>
      </trkpt>
      <trkpt lat="48.739080503582954" lon="11.329826982691884">
        <ele>430.01999999999998</ele>
      </trkpt>
      <trkpt lat="48.738984195515513" lon="11.329835029318929">
        <ele>428.97000000000003</ele>
      </trkpt>
      <trkpt lat="48.738897610455751" lon="11.329764034599066">
        <ele>427.41000000000003</ele>
      </trkpt>
      <trkpt lat="48.738813791424036" lon="11.329703936353326">
        <ele>427.24000000000001</ele>
      </trkpt>
      <trkpt lat="48.738726451992989" lon="11.329628834500909">
        <ele>429.64999999999998</ele>
      </trkpt>
      <trkpt lat="48.738657888025045" lon="11.329529928043485">
        <ele>429.67000000000002</ele>
      </trkpt>
      <trkpt lat="48.738579181954265" lon="11.329442001879215">
        <ele>428.07999999999998</ele>
      </trkpt>
      <trkpt lat="48.738486645743251" lon="11.329422472044826">
        <ele>428.69</ele>
      </trkpt>
      <trkpt lat="48.738433001562953" lon="11.329538561403751">
        <ele>428.55000000000001</ele>
      </trkpt>
      <trkpt lat="48.738450268283486" lon="11.329689016565681">
        <ele>429.08999999999997</ele>
      </trkpt>
      <trkpt lat="48.738410538062453" lon="11.329812481999397">
        <ele>427.17000000000002</ele>
      </trkpt>
      <trkpt lat="48.738409029319882" lon="11.329971654340625">
        <ele>425.30000000000001</ele>
      </trkpt>
      <trkpt lat="48.738390253856778" lon="11.330112051218748">
        <ele>424.56999999999999</ele>
      </trkpt>
      <trkpt lat="48.738354882225394" lon="11.330252531915903">
        <ele>422.88999999999999</ele>
      </trkpt>
      <trkpt lat="48.738314565271139" lon="11.33037650026381">
        <ele>422.04000000000002</ele>
      </trkpt>
      <trkpt lat="48.738301489502192" lon="11.330523686483502">
        <ele>420.48000000000002</ele>
      </trkpt>
      <trkpt lat="48.738245833665133" lon="11.330656707286835">
        <ele>421.31</ele>
      </trkpt>
      <trkpt lat="48.738221861422062" lon="11.33080649189651">
        <ele>418.82999999999998</ele>
      </trkpt>
      <trkpt lat="48.738222364336252" lon="11.330953929573298">
        <ele>417.77999999999997</ele>
      </trkpt>
      <trkpt lat="48.738217502832413" lon="11.331101870164275">
        <ele>416.81</ele>
      </trkpt>
      <trkpt lat="48.738220185041428" lon="11.331260707229376">
        <ele>415.73000000000002</ele>
      </trkpt>
      <trkpt lat="48.738198559731245" lon="11.33140554651618">
        <ele>416.43000000000001</ele>
      </trkpt>
      <trkpt lat="48.738185148686171" lon="11.331548541784286">
        <ele>415.70999999999998</ele>
      </trkpt>
      <trkpt lat="48.738131504505873" lon="11.331670330837369">
        <ele>415.80000000000001</ele>
      </trkpt>
      <trkpt lat="48.738145250827074" lon="11.331805950030684">
        <ele>414.75999999999999</ele>
      </trkpt>
      <trkpt lat="48.738129828125238" lon="11.331945592537522">
        <ele>414.58999999999997</ele>
      </trkpt>
      <trkpt lat="48.738121027126908" lon="11.332098562270403">
        <ele>414.20999999999998</ele>
      </trkpt>
      <trkpt lat="48.738081799820065" lon="11.332229655236006">
        <ele>416.37</ele>
      </trkpt>
      <trkpt lat="48.738065036013722" lon="11.332379356026649">
        <ele>417.91000000000003</ele>
      </trkpt>
      <trkpt lat="48.738026143983006" lon="11.332510281354189">
        <ele>418.20999999999998</ele>
      </trkpt>
      <trkpt lat="48.737997729331255" lon="11.332642380148172">
        <ele>418.30000000000001</ele>
      </trkpt>
      <trkpt lat="48.737960262224078" lon="11.332781184464693">
        <ele>417.79000000000002</ele>
      </trkpt>
      <trkpt lat="48.737947102636099" lon="11.332924095913768">
        <ele>416.49000000000001</ele>
      </trkpt>
      <trkpt lat="48.737948527559638" lon="11.333066001534462">
        <ele>417.24000000000001</ele>
      </trkpt>
      <trkpt lat="48.737918185070157" lon="11.333199189975858">
        <ele>419.23000000000002</ele>
      </trkpt>
      <trkpt lat="48.737916760146618" lon="11.333352914080024">
        <ele>420.41000000000003</ele>
      </trkpt>
      <trkpt lat="48.737938720732927" lon="11.333498759195209">
        <ele>419.58999999999997</ele>
      </trkpt>
      <trkpt lat="48.737902259454131" lon="11.333627169951797">
        <ele>419.02999999999997</ele>
      </trkpt>
      <trkpt lat="48.737892536446452" lon="11.333783660084009">
        <ele>419.64999999999998</ele>
      </trkpt>
      <trkpt lat="48.737855656072497" lon="11.333917016163468">
        <ele>419.30000000000001</ele>
      </trkpt>
      <trkpt lat="48.73784945346415" lon="11.334067136049271">
        <ele>419.52999999999997</ele>
      </trkpt>
      <trkpt lat="48.737841490656137" lon="11.334206694737077">
        <ele>418.43000000000001</ele>
      </trkpt>
      <trkpt lat="48.737854398787022" lon="11.334344325587153">
        <ele>416.19</ele>
      </trkpt>
      <trkpt lat="48.737830091267824" lon="11.334500228986144">
        <ele>416.39999999999998</ele>
      </trkpt>
      <trkpt lat="48.737808298319578" lon="11.334646409377456">
        <ele>415.06</ele>
      </trkpt>
      <trkpt lat="48.737778123468161" lon="11.334789488464594">
        <ele>413.18000000000001</ele>
      </trkpt>
      <trkpt lat="48.737773513421416" lon="11.33493390865624">
        <ele>415.07999999999998</ele>
      </trkpt>
      <trkpt lat="48.737783906981349" lon="11.33507564663887">
        <ele>415.14999999999998</ele>
      </trkpt>
      <trkpt lat="48.737755073234439" lon="11.335223503410816">
        <ele>415.17000000000002</ele>
      </trkpt>
      <trkpt lat="48.737727496773005" lon="11.335371024906635">
        <ele>414.27999999999997</ele>
      </trkpt>
      <trkpt lat="48.737743841484189" lon="11.335508236661553">
        <ele>414.64999999999998</ele>
      </trkpt>
      <trkpt lat="48.737743506208062" lon="11.335653243586421">
        <ele>412.98000000000002</ele>
      </trkpt>
      <trkpt lat="48.737729424610734" lon="11.33579975925386">
        <ele>411.66000000000003</ele>
      </trkpt>
      <trkpt lat="48.737708050757647" lon="11.335933785885572">
        <ele>411.88</ele>
      </trkpt>
      <trkpt lat="48.737689442932606" lon="11.336077703163028">
        <ele>414.63</ele>
      </trkpt>
      <trkpt lat="48.737681647762656" lon="11.336213406175375">
        <ele>416.76999999999998</ele>
      </trkpt>
      <trkpt lat="48.737683156505227" lon="11.336350282654166">
        <ele>418.97000000000003</ele>
      </trkpt>
      <trkpt lat="48.737730430439115" lon="11.336498558521271">
        <ele>418.50999999999999</ele>
      </trkpt>
      <trkpt lat="48.737710062414408" lon="11.33663484826684">
        <ele>418.12</ele>
      </trkpt>
      <trkpt lat="48.737703608348966" lon="11.336780861020088">
        <ele>416.27999999999997</ele>
      </trkpt>
      <trkpt lat="48.737700171768665" lon="11.336932741105556">
        <ele>414.94</ele>
      </trkpt>
      <trkpt lat="48.737649461254478" lon="11.337060313671827">
        <ele>416.54000000000002</ele>
      </trkpt>
      <trkpt lat="48.737681563943624" lon="11.337187550961971">
        <ele>427.52999999999997</ele>
      </trkpt>
      <trkpt lat="48.737614676356316" lon="11.337435068562627">
        <ele>426.44999999999999</ele>
      </trkpt>
      <trkpt lat="48.737586848437786" lon="11.337578566744924">
        <ele>425.18000000000001</ele>
      </trkpt>
      <trkpt lat="48.737558266147971" lon="11.337717538699508">
        <ele>425.29000000000002</ele>
      </trkpt>
      <trkpt lat="48.737528342753649" lon="11.337847039103508">
        <ele>425.38</ele>
      </trkpt>
      <trkpt lat="48.737518368288875" lon="11.337996404618025">
        <ele>424.88999999999999</ele>
      </trkpt>
      <trkpt lat="48.737506382167339" lon="11.338141662999988">
        <ele>425.31999999999999</ele>
      </trkpt>
      <trkpt lat="48.737487271428108" lon="11.338287591934204">
        <ele>424.51999999999998</ele>
      </trkpt>
      <trkpt lat="48.737491797655821" lon="11.338434694334865">
        <ele>421.06</ele>
      </trkpt>
      <trkpt lat="48.737512668594718" lon="11.338579952716827">
        <ele>419.43000000000001</ele>
      </trkpt>
      <trkpt lat="48.737474363297224" lon="11.3387212716043">
        <ele>420.55000000000001</ele>
      </trkpt>
      <trkpt lat="48.737446535378695" lon="11.338860997930169">
        <ele>420.63</ele>
      </trkpt>
      <trkpt lat="48.737446451559663" lon="11.339004747569561">
        <ele>421.25999999999999</ele>
      </trkpt>
      <trkpt lat="48.737464221194386" lon="11.339149000123143">
        <ele>419.86000000000001</ele>
      </trkpt>
      <trkpt lat="48.737466651946306" lon="11.339291576296091">
        <ele>419.77999999999997</ele>
      </trkpt>
      <trkpt lat="48.737462796270847" lon="11.339447479695082">
        <ele>420.49000000000001</ele>
      </trkpt>
      <trkpt lat="48.737458102405071" lon="11.339590894058347">
        <ele>421.91000000000003</ele>
      </trkpt>
      <trkpt lat="48.737454917281866" lon="11.339727519080043">
        <ele>423.62</ele>
      </trkpt>
      <trkpt lat="48.737434213981032" lon="11.339865904301405">
        <ele>425.37</ele>
      </trkpt>
      <trkpt lat="48.737450391054153" lon="11.340007390826941">
        <ele>422.99000000000001</ele>
      </trkpt>
      <trkpt lat="48.737458186224103" lon="11.340146530419588">
        <ele>421.25999999999999</ele>
      </trkpt>
      <trkpt lat="48.737433878704906" lon="11.340281059965491">
        <ele>421.89999999999998</ele>
      </trkpt>
      <trkpt lat="48.737422898411751" lon="11.340419529005885">
        <ele>420.64999999999998</ele>
      </trkpt>
      <trkpt lat="48.737446954473853" lon="11.340551376342773">
        <ele>420.26999999999998</ele>
      </trkpt>
      <trkpt lat="48.737437399104238" lon="11.340694706887007">
        <ele>421.60000000000002</ele>
      </trkpt>
      <trkpt lat="48.737431028857827" lon="11.340844491496682">
        <ele>423.49000000000001</ele>
      </trkpt>
      <trkpt lat="48.737419545650482" lon="11.341003580018878">
        <ele>425.83999999999997</ele>
      </trkpt>
      <trkpt lat="48.737426418811083" lon="11.341152526438236">
        <ele>425.13999999999999</ele>
      </trkpt>
      <trkpt lat="48.737406972795725" lon="11.341286133974791">
        <ele>422.93000000000001</ele>
      </trkpt>
      <trkpt lat="48.737417114898562" lon="11.341433487832546">
        <ele>421.49000000000001</ele>
      </trkpt>
      <trkpt lat="48.737398087978363" lon="11.341570112854242">
        <ele>420.61000000000001</ele>
      </trkpt>
      <trkpt lat="48.737397417426109" lon="11.34172149002552">
        <ele>420.19</ele>
      </trkpt>
      <trkpt lat="48.737388281151652" lon="11.341859875246882">
        <ele>420.30000000000001</ele>
      </trkpt>
      <trkpt lat="48.737372774630785" lon="11.342013012617826">
        <ele>419.30000000000001</ele>
      </trkpt>
      <trkpt lat="48.737394399940968" lon="11.342171430587769">
        <ele>420.04000000000002</ele>
      </trkpt>
      <trkpt lat="48.737417533993721" lon="11.342318197712302">
        <ele>419.61000000000001</ele>
      </trkpt>
      <trkpt lat="48.737400099635124" lon="11.342455241829157">
        <ele>419.86000000000001</ele>
      </trkpt>
      <trkpt lat="48.737370260059834" lon="11.342594046145678">
        <ele>420.86000000000001</ele>
      </trkpt>
      <trkpt lat="48.737359698861837" lon="11.342735951766372">
        <ele>422.49000000000001</ele>
      </trkpt>
      <trkpt lat="48.737359447404742" lon="11.342892358079553">
        <ele>423.61000000000001</ele>
      </trkpt>
      <trkpt lat="48.737368918955326" lon="11.343045830726624">
        <ele>423.95999999999998</ele>
      </trkpt>
      <trkpt lat="48.737374451011419" lon="11.343186562880874">
        <ele>423.42000000000002</ele>
      </trkpt>
      <trkpt lat="48.737366320565343" lon="11.343341208994389">
        <ele>422.61000000000001</ele>
      </trkpt>
      <trkpt lat="48.737366823479533" lon="11.343484539538622">
        <ele>422.91000000000003</ele>
      </trkpt>
      <trkpt lat="48.737386940047145" lon="11.343622924759984">
        <ele>423.88</ele>
      </trkpt>
      <trkpt lat="48.737383168190718" lon="11.343760555610061">
        <ele>422.83999999999997</ele>
      </trkpt>
      <trkpt lat="48.737402111291885" lon="11.343895504251122">
        <ele>424.00999999999999</ele>
      </trkpt>
      <trkpt lat="48.737408816814423" lon="11.344051072373986">
        <ele>426.12</ele>
      </trkpt>
      <trkpt lat="48.73740429058671" lon="11.344192726537585">
        <ele>427.73000000000002</ele>
      </trkpt>
      <trkpt lat="48.737461622804403" lon="11.344298170879483">
        <ele>426</ele>
      </trkpt>
      <trkpt lat="48.737504538148642" lon="11.344427336007357">
        <ele>419.62</ele>
      </trkpt>
      <trkpt lat="48.73747805133462" lon="11.344563458114862">
        <ele>416.44999999999999</ele>
      </trkpt>
      <trkpt lat="48.737447708845139" lon="11.344700753688812">
        <ele>418.23000000000002</ele>
      </trkpt>
      <trkpt lat="48.737416276708245" lon="11.344831176102161">
        <ele>420.98000000000002</ele>
      </trkpt>
      <trkpt lat="48.737426502630115" lon="11.344970650970936">
        <ele>422.06</ele>
      </trkpt>
      <trkpt lat="48.737421054393053" lon="11.345116328448057">
        <ele>421.91000000000003</ele>
      </trkpt>
      <trkpt lat="48.737445278093219" lon="11.345265442505479">
        <ele>421.88999999999999</ele>
      </trkpt>
      <trkpt lat="48.737472016364336" lon="11.34539695456624">
        <ele>422.89999999999998</ele>
      </trkpt>
      <trkpt lat="48.737481823191047" lon="11.345550427213311">
        <ele>422.68000000000001</ele>
      </trkpt>
      <trkpt lat="48.737497497349977" lon="11.345701385289431">
        <ele>422.41000000000003</ele>
      </trkpt>
      <trkpt lat="48.737518452107906" lon="11.34584060870111">
        <ele>421.02999999999997</ele>
      </trkpt>
      <trkpt lat="48.737505041062832" lon="11.34597891010344">
        <ele>419.30000000000001</ele>
      </trkpt>
      <trkpt lat="48.737494060769677" lon="11.346124839037657">
        <ele>420.27999999999997</ele>
      </trkpt>
      <trkpt lat="48.73750789090991" lon="11.346261715516448">
        <ele>421.13999999999999</ele>
      </trkpt>
      <trkpt lat="48.737519290298223" lon="11.346397334709764">
        <ele>421.43000000000001</ele>
      </trkpt>
      <trkpt lat="48.737520799040794" lon="11.346535552293062">
        <ele>421.48000000000002</ele>
      </trkpt>
      <trkpt lat="48.737505208700895" lon="11.346674105152488">
        <ele>422.41000000000003</ele>
      </trkpt>
      <trkpt lat="48.737536389380693" lon="11.346811149269342">
        <ele>423.85000000000002</ele>
      </trkpt>
      <trkpt lat="48.737556422129273" lon="11.346956072375178">
        <ele>423.52999999999997</ele>
      </trkpt>
      <trkpt lat="48.737564468756318" lon="11.347107449546456">
        <ele>422.06999999999999</ele>
      </trkpt>
      <trkpt lat="48.737555500119925" lon="11.347250947728753">
        <ele>420.74000000000001</ele>
      </trkpt>
      <trkpt lat="48.737559942528605" lon="11.347402911633253">
        <ele>420.13999999999999</ele>
      </trkpt>
      <trkpt lat="48.737576957792044" lon="11.347546074539423">
        <ele>420.24000000000001</ele>
      </trkpt>
      <trkpt lat="48.737585758790374" lon="11.347695775330067">
        <ele>420.69999999999999</ele>
      </trkpt>
      <trkpt lat="48.737656250596046" lon="11.347802979871631">
        <ele>418.45999999999998</ele>
      </trkpt>
      <trkpt lat="48.737722048535943" lon="11.347901383414865">
        <ele>420.58999999999997</ele>
      </trkpt>
      <trkpt lat="48.737755492329597" lon="11.348036834970117">
        <ele>421.62</ele>
      </trkpt>
      <trkpt lat="48.737778626382351" lon="11.348176477476954">
        <ele>422.10000000000002</ele>
      </trkpt>
      <trkpt lat="48.737807543948293" lon="11.348323747515678">
        <ele>422.88999999999999</ele>
      </trkpt>
      <trkpt lat="48.737842328846455" lon="11.348468335345387">
        <ele>422.87</ele>
      </trkpt>
      <trkpt lat="48.737878203392029" lon="11.348594399169087">
        <ele>424.25</ele>
      </trkpt>
      <trkpt lat="48.737884741276503" lon="11.34873379021883">
        <ele>424.80000000000001</ele>
      </trkpt>
      <trkpt lat="48.737916676327586" lon="11.348870666697621">
        <ele>423.61000000000001</ele>
      </trkpt>
      <trkpt lat="48.737958166748285" lon="11.348993461579084">
        <ele>425.07999999999998</ele>
      </trkpt>
      <trkpt lat="48.737994292750955" lon="11.349120028316975">
        <ele>425.31999999999999</ele>
      </trkpt>
      <trkpt lat="48.738007452338934" lon="11.349269980564713">
        <ele>423.82999999999998</ele>
      </trkpt>
      <trkpt lat="48.738031089305878" lon="11.349405348300934">
        <ele>423.63</ele>
      </trkpt>
      <trkpt lat="48.738061934709549" lon="11.349536860361695">
        <ele>423.58999999999997</ele>
      </trkpt>
      <trkpt lat="48.738066544756293" lon="11.349682789295912">
        <ele>423.56</ele>
      </trkpt>
      <trkpt lat="48.738086242228746" lon="11.349826874211431">
        <ele>423.63</ele>
      </trkpt>
      <trkpt lat="48.738154890015721" lon="11.34992946870625">
        <ele>422.83999999999997</ele>
      </trkpt>
      <trkpt lat="48.738186322152615" lon="11.350063243880868">
        <ele>423.23000000000002</ele>
      </trkpt>
      <trkpt lat="48.738238038495183" lon="11.350178411230445">
        <ele>423.29000000000002</ele>
      </trkpt>
      <trkpt lat="48.738291850313544" lon="11.350295506417751">
        <ele>424.49000000000001</ele>
      </trkpt>
      <trkpt lat="48.73833367601037" lon="11.35041612200439">
        <ele>425.43000000000001</ele>
      </trkpt>
      <trkpt lat="48.738351613283157" lon="11.350570349022746">
        <ele>425.70999999999998</ele>
      </trkpt>
      <trkpt lat="48.738366449251771" lon="11.35072004981339">
        <ele>424.43000000000001</ele>
      </trkpt>
      <trkpt lat="48.738396288827062" lon="11.350850639864802">
        <ele>424.63</ele>
      </trkpt>
      <trkpt lat="48.738420177251101" lon="11.350994389504194">
        <ele>424.88</ele>
      </trkpt>
      <trkpt lat="48.738452782854438" lon="11.351125314831734">
        <ele>426.30000000000001</ele>
      </trkpt>
      <trkpt lat="48.73847977258265" lon="11.351269986480474">
        <ele>426.63999999999999</ele>
      </trkpt>
      <trkpt lat="48.738502990454435" lon="11.351404516026378">
        <ele>424.81</ele>
      </trkpt>
      <trkpt lat="48.738526795059443" lon="11.351548181846738">
        <ele>422.67000000000002</ele>
      </trkpt>
      <trkpt lat="48.738536769524217" lon="11.351701989769936">
        <ele>422.52999999999997</ele>
      </trkpt>
      <trkpt lat="48.738556802272797" lon="11.351837525144219">
        <ele>423.72000000000003</ele>
      </trkpt>
      <trkpt lat="48.738602232187986" lon="11.351969791576266">
        <ele>424.54000000000002</ele>
      </trkpt>
      <trkpt lat="48.738635592162609" lon="11.35211018845439">
        <ele>426.81999999999999</ele>
      </trkpt>
      <trkpt lat="48.738673897460103" lon="11.352240778505802">
        <ele>425.87</ele>
      </trkpt>
      <trkpt lat="48.738679094240069" lon="11.3523911498487">
        <ele>424.72000000000003</ele>
      </trkpt>
      <trkpt lat="48.738673813641071" lon="11.352533390745521">
        <ele>423.50999999999999</ele>
      </trkpt>
      <trkpt lat="48.738698791712523" lon="11.352682840079069">
        <ele>424.27999999999997</ele>
      </trkpt>
      <trkpt lat="48.73872653581202" lon="11.352825416252017">
        <ele>424.85000000000002</ele>
      </trkpt>
      <trkpt lat="48.738771798089147" lon="11.352965729311109">
        <ele>425.38</ele>
      </trkpt>
      <trkpt lat="48.738783365115523" lon="11.353107551112771">
        <ele>424.14999999999998</ele>
      </trkpt>
      <trkpt lat="48.738794764503837" lon="11.353259766474366">
        <ele>423.72000000000003</ele>
      </trkpt>
      <trkpt lat="48.738803146407008" lon="11.353397481143475">
        <ele>423.91000000000003</ele>
      </trkpt>
      <trkpt lat="48.738842373713851" lon="11.35353016667068">
        <ele>423.30000000000001</ele>
      </trkpt>
      <trkpt lat="48.738855952396989" lon="11.353678107261658">
        <ele>424.41000000000003</ele>
      </trkpt>
      <trkpt lat="48.738859975710511" lon="11.353835770860314">
        <ele>423.89999999999998</ele>
      </trkpt>
      <trkpt lat="48.738880259916186" lon="11.353984465822577">
        <ele>422.69999999999999</ele>
      </trkpt>
      <trkpt lat="48.73890146613121" lon="11.354122934862971">
        <ele>422.95999999999998</ele>
      </trkpt>
      <trkpt lat="48.738930970430374" lon="11.354260984808207">
        <ele>422.69999999999999</ele>
      </trkpt>
      <trkpt lat="48.738951589912176" lon="11.354396101087332">
        <ele>424.74000000000001</ele>
      </trkpt>
      <trkpt lat="48.738980256021023" lon="11.354536497965455">
        <ele>426.29000000000002</ele>
      </trkpt>
      <trkpt lat="48.739002803340554" lon="11.354681756347418">
        <ele>426.04000000000002</ele>
      </trkpt>
      <trkpt lat="48.739020992070436" lon="11.354827685281634">
        <ele>425.43000000000001</ele>
      </trkpt>
      <trkpt lat="48.739042114466429" lon="11.354967327788472">
        <ele>424.72000000000003</ele>
      </trkpt>
      <trkpt lat="48.73906365595758" lon="11.355099426582456">
        <ele>422.97000000000003</ele>
      </trkpt>
      <trkpt lat="48.739066505804658" lon="11.355242589488626">
        <ele>421.62</ele>
      </trkpt>
      <trkpt lat="48.73911009170115" lon="11.355363959446549">
        <ele>421.29000000000002</ele>
      </trkpt>
      <trkpt lat="48.739147139713168" lon="11.355513324961066">
        <ele>419.94999999999999</ele>
      </trkpt>
      <trkpt lat="48.739174129441381" lon="11.355644585564733">
        <ele>419.25</ele>
      </trkpt>
      <trkpt lat="48.739173794165254" lon="11.355781462043524">
        <ele>420.19</ele>
      </trkpt>
      <trkpt lat="48.73919416218996" lon="11.355928145349026">
        <ele>420.39999999999998</ele>
      </trkpt>
      <trkpt lat="48.739204807206988" lon="11.356079606339335">
        <ele>420.31999999999999</ele>
      </trkpt>
      <trkpt lat="48.7392283603549" lon="11.35622494854033">
        <ele>423.12</ele>
      </trkpt>
      <trkpt lat="48.739268677309155" lon="11.356355119496584">
        <ele>424.08999999999997</ele>
      </trkpt>
      <trkpt lat="48.739304719492793" lon="11.356504317373037">
        <ele>424.62</ele>
      </trkpt>
      <trkpt lat="48.739334894344211" lon="11.356643959879875">
        <ele>424.22000000000003</ele>
      </trkpt>
      <trkpt lat="48.739347802475095" lon="11.356786703690886">
        <ele>422.70999999999998</ele>
      </trkpt>
      <trkpt lat="48.739380408078432" lon="11.356913689523935">
        <ele>424.64999999999998</ele>
      </trkpt>
      <trkpt lat="48.739413097500801" lon="11.357060540467501">
        <ele>425.57999999999998</ele>
      </trkpt>
      <trkpt lat="48.73939105309546" lon="11.357206553220749">
        <ele>422.97000000000003</ele>
      </trkpt>
      <trkpt lat="48.739390885457397" lon="11.357343094423413">
        <ele>420.94999999999999</ele>
      </trkpt>
      <trkpt lat="48.739391975104809" lon="11.35749782435596">
        <ele>419.06</ele>
      </trkpt>
      <trkpt lat="48.73944478109479" lon="11.357623217627406">
        <ele>418.48000000000002</ele>
      </trkpt>
      <trkpt lat="48.73946875333786" lon="11.357754897326231">
        <ele>418</ele>
      </trkpt>
      <trkpt lat="48.739451067522168" lon="11.357910465449095">
        <ele>418.33999999999997</ele>
      </trkpt>
      <trkpt lat="48.739485014230013" lon="11.358041558414698">
        <ele>418.45999999999998</ele>
      </trkpt>
      <trkpt lat="48.739507980644703" lon="11.358181368559599">
        <ele>418.94</ele>
      </trkpt>
      <trkpt lat="48.739553410559893" lon="11.358325453475118">
        <ele>420.25</ele>
      </trkpt>
      <trkpt lat="48.739590123295784" lon="11.358464760705829">
        <ele>420.83999999999997</ele>
      </trkpt>
      <trkpt lat="48.739613341167569" lon="11.358600379899144">
        <ele>421.70999999999998</ele>
      </trkpt>
      <trkpt lat="48.739613844081759" lon="11.358745973557234">
        <ele>419.95999999999998</ele>
      </trkpt>
      <trkpt lat="48.739646030589938" lon="11.358890645205975">
        <ele>420.86000000000001</ele>
      </trkpt>
      <trkpt lat="48.739685090258718" lon="11.359026096761227">
        <ele>421.11000000000001</ele>
      </trkpt>
      <trkpt lat="48.739698920398951" lon="11.359174037352204">
        <ele>423.77999999999997</ele>
      </trkpt>
      <trkpt lat="48.739714007824659" lon="11.359319547191262">
        <ele>426.60000000000002</ele>
      </trkpt>
      <trkpt lat="48.739719120785594" lon="11.35947092436254">
        <ele>427.99000000000001</ele>
      </trkpt>
      <trkpt lat="48.739761952310801" lon="11.359603190794587">
        <ele>427.63999999999999</ele>
      </trkpt>
      <trkpt lat="48.739798162132502" lon="11.359731517732143">
        <ele>426.95999999999998</ele>
      </trkpt>
      <trkpt lat="48.739822553470731" lon="11.359880631789565">
        <ele>425.30000000000001</ele>
      </trkpt>
      <trkpt lat="48.739841915667057" lon="11.360031003132463">
        <ele>423.91000000000003</ele>
      </trkpt>
      <trkpt lat="48.739839904010296" lon="11.360180284827948">
        <ele>423.97000000000003</ele>
      </trkpt>
      <trkpt lat="48.739854237064719" lon="11.360320597887039">
        <ele>423.63</ele>
      </trkpt>
      <trkpt lat="48.73986404389143" lon="11.360466443002224">
        <ele>424.02999999999997</ele>
      </trkpt>
      <trkpt lat="48.739891704171896" lon="11.3605972006917">
        <ele>424.20999999999998</ele>
      </trkpt>
      <trkpt lat="48.739917185157537" lon="11.360733658075333">
        <ele>424.04000000000002</ele>
      </trkpt>
      <trkpt lat="48.739965967833996" lon="11.360864667221904">
        <ele>424.86000000000001</ele>
      </trkpt>
      <trkpt lat="48.739980887621641" lon="11.361002884805202">
        <ele>424.37</ele>
      </trkpt>
      <trkpt lat="48.740023719146848" lon="11.361134396865964">
        <ele>424.17000000000002</ele>
      </trkpt>
      <trkpt lat="48.740119943395257" lon="11.361149568110704">
        <ele>424.41000000000003</ele>
      </trkpt>
      <trkpt lat="48.740215245634317" lon="11.361104222014546">
        <ele>421.00999999999999</ele>
      </trkpt>
      <trkpt lat="48.740306776016951" lon="11.361057450994849">
        <ele>419.14999999999998</ele>
      </trkpt>
      <trkpt lat="48.740400653332472" lon="11.361005315557122">
        <ele>419.17000000000002</ele>
      </trkpt>
      <trkpt lat="48.740497464314103" lon="11.360959969460964">
        <ele>420.74000000000001</ele>
      </trkpt>
      <trkpt lat="48.740585977211595" lon="11.360890986397862">
        <ele>421.87</ele>
      </trkpt>
      <trkpt lat="48.740684548392892" lon="11.360870869830251">
        <ele>422.58999999999997</ele>
      </trkpt>
      <trkpt lat="48.740772306919098" lon="11.360837174579501">
        <ele>423.33999999999997</ele>
      </trkpt>
      <trkpt lat="48.740852605551481" lon="11.360753523185849">
        <ele>423.60000000000002</ele>
      </trkpt>
      <trkpt lat="48.740923767909408" lon="11.360645899549127">
        <ele>424.39999999999998</ele>
      </trkpt>
      <trkpt lat="48.741006497293711" lon="11.36058253236115">
        <ele>423.74000000000001</ele>
      </trkpt>
      <trkpt lat="48.741109259426594" lon="11.36054934002459">
        <ele>423.63999999999999</ele>
      </trkpt>
      <trkpt lat="48.741199113428593" lon="11.360514052212238">
        <ele>423.56999999999999</ele>
      </trkpt>
      <trkpt lat="48.741287458688021" lon="11.36045353487134">
        <ele>424.31</ele>
      </trkpt>
      <trkpt lat="48.741391813382506" lon="11.360421096906066">
        <ele>423.98000000000002</ele>
      </trkpt>
      <trkpt lat="48.741484768688679" lon="11.360384216532111">
        <ele>425.56</ele>
      </trkpt>
      <trkpt lat="48.741568503901362" lon="11.360301738604903">
        <ele>424.74000000000001</ele>
      </trkpt>
      <trkpt lat="48.741660956293344" lon="11.360265780240297">
        <ele>424.83999999999997</ele>
      </trkpt>
      <trkpt lat="48.741749301552773" lon="11.360231498256326">
        <ele>423.56999999999999</ele>
      </trkpt>
      <trkpt lat="48.741838820278645" lon="11.360165784135461">
        <ele>420.85000000000002</ele>
      </trkpt>
      <trkpt lat="48.741924231871963" lon="11.36011783964932">
        <ele>420.47000000000003</ele>
      </trkpt>
      <trkpt lat="48.742013499140739" lon="11.360074253752828">
        <ele>421.13</ele>
      </trkpt>
      <trkpt lat="48.742081811651587" lon="11.359962187707424">
        <ele>423.69999999999999</ele>
      </trkpt>
      <trkpt lat="48.742167642340064" lon="11.359918434172869">
        <ele>418.52999999999997</ele>
      </trkpt>
      <trkpt lat="48.742262693122029" lon="11.359881637617946">
        <ele>421.64999999999998</ele>
      </trkpt>
      <trkpt lat="48.742343410849571" lon="11.359807457774878">
        <ele>422.77999999999997</ele>
      </trkpt>
      <trkpt lat="48.742401329800487" lon="11.359695810824633">
        <ele>424.04000000000002</ele>
      </trkpt>
      <trkpt lat="48.742469307035208" lon="11.359600508585572">
        <ele>425.12</ele>
      </trkpt>
      <trkpt lat="48.742517922073603" lon="11.35948458686471">
        <ele>426.25</ele>
      </trkpt>
      <trkpt lat="48.742588749155402" lon="11.359368748962879">
        <ele>428.64999999999998</ele>
      </trkpt>
      <trkpt lat="48.742668041959405" lon="11.359260706230998">
        <ele>429.57999999999998</ele>
      </trkpt>
      <trkpt lat="48.742745909839869" lon="11.359140425920486">
        <ele>429.72000000000003</ele>
      </trkpt>
      <trkpt lat="48.742814976722002" lon="11.35902676731348">
        <ele>429.44999999999999</ele>
      </trkpt>
      <trkpt lat="48.74288672581315" lon="11.358922412618995">
        <ele>426.63999999999999</ele>
      </trkpt>
      <trkpt lat="48.742966186255217" lon="11.358854938298464">
        <ele>426.24000000000001</ele>
      </trkpt>
      <trkpt lat="48.743028044700623" lon="11.358746644109488">
        <ele>426.24000000000001</ele>
      </trkpt>
      <trkpt lat="48.743109684437513" lon="11.358645809814334">
        <ele>426.24000000000001</ele>
      </trkpt>
      <trkpt lat="48.7431759852916" lon="11.358546568080783">
        <ele>425.93000000000001</ele>
      </trkpt>
      <trkpt lat="48.743255529552698" lon="11.358463671058416">
        <ele>426.37</ele>
      </trkpt>
      <trkpt lat="48.743334822356701" lon="11.35839007794857">
        <ele>425.29000000000002</ele>
      </trkpt>
      <trkpt lat="48.743427777662873" lon="11.358386389911175">
        <ele>427.18000000000001</ele>
      </trkpt>
      <trkpt lat="48.743505561724305" lon="11.358306845650077">
        <ele>426.25</ele>
      </trkpt>
      <trkpt lat="48.743592230603099" lon="11.358251105993986">
        <ele>426.42000000000002</ele>
      </trkpt>
      <trkpt lat="48.743685856461525" lon="11.358169885352254">
        <ele>424.82999999999998</ele>
      </trkpt>
      <trkpt lat="48.743771184235811" lon="11.358070559799671">
        <ele>422.14999999999998</ele>
      </trkpt>
      <trkpt lat="48.743839245289564" lon="11.357969809323549">
        <ele>421.27999999999997</ele>
      </trkpt>
      <trkpt lat="48.74389766715467" lon="11.357845589518547">
        <ele>419.39999999999998</ele>
      </trkpt>
      <trkpt lat="48.743961118161678" lon="11.357736960053444">
        <ele>418.51999999999998</ele>
      </trkpt>
      <trkpt lat="48.744054744020104" lon="11.35771919041872">
        <ele>417.94999999999999</ele>
      </trkpt>
      <trkpt lat="48.744134455919266" lon="11.357642160728574">
        <ele>418.61000000000001</ele>
      </trkpt>
      <trkpt lat="48.7442069593817" lon="11.357547612860799">
        <ele>419.18000000000001</ele>
      </trkpt>
      <trkpt lat="48.744283989071846" lon="11.357459519058466">
        <ele>418.48000000000002</ele>
      </trkpt>
      <trkpt lat="48.744350457563996" lon="11.357359690591693">
        <ele>420.32999999999998</ele>
      </trkpt>
      <trkpt lat="48.744440479204059" lon="11.357284337282181">
        <ele>422.99000000000001</ele>
      </trkpt>
      <trkpt lat="48.744504936039448" lon="11.357175959274173">
        <ele>423.04000000000002</ele>
      </trkpt>
      <trkpt lat="48.744580959901214" lon="11.357098426669836">
        <ele>423.81999999999999</ele>
      </trkpt>
      <trkpt lat="48.74467852525413" lon="11.357062384486198">
        <ele>424.13999999999999</ele>
      </trkpt>
      <trkpt lat="48.744773073121905" lon="11.357029778882861">
        <ele>425.49000000000001</ele>
      </trkpt>
      <trkpt lat="48.744862424209714" lon="11.357060205191374">
        <ele>427.88999999999999</ele>
      </trkpt>
      <trkpt lat="48.744874661788344" lon="11.357204793021083">
        <ele>426.33999999999997</ele>
      </trkpt>
      <trkpt lat="48.744856808334589" lon="11.357338400557637">
        <ele>428.02999999999997</ele>
      </trkpt>
      <trkpt lat="48.744845911860466" lon="11.3574836589396">
        <ele>427.54000000000002</ele>
      </trkpt>
      <trkpt lat="48.744833003729582" lon="11.357625816017389">
        <ele>429.35000000000002</ele>
      </trkpt>
      <trkpt lat="48.744798135012388" lon="11.357771074399352">
        <ele>427.88999999999999</ele>
      </trkpt>
      <trkpt lat="48.744823196902871" lon="11.357917673885822">
        <ele>427.35000000000002</ele>
      </trkpt>
      <trkpt lat="48.744834344834089" lon="11.358069721609354">
        <ele>427.30000000000001</ele>
      </trkpt>
      <trkpt lat="48.744835015386343" lon="11.358223361894488">
        <ele>427.64999999999998</ele>
      </trkpt>
      <trkpt lat="48.744857395067811" lon="11.358356717973948">
        <ele>429.10000000000002</ele>
      </trkpt>
      <trkpt lat="48.744846750050783" lon="11.358512034639716">
        <ele>430.23000000000002</ele>
      </trkpt>
      <trkpt lat="48.744816156104207" lon="11.358653269708157">
        <ele>430.58999999999997</ele>
      </trkpt>
      <trkpt lat="48.744783131405711" lon="11.358787547796965">
        <ele>429.44999999999999</ele>
      </trkpt>
      <trkpt lat="48.744765194132924" lon="11.358929621055722">
        <ele>428.30000000000001</ele>
      </trkpt>
      <trkpt lat="48.744743401184678" lon="11.359069431200624">
        <ele>427.88</ele>
      </trkpt>
      <trkpt lat="48.744732839986682" lon="11.359205050393939">
        <ele>428.38</ele>
      </trkpt>
      <trkpt lat="48.744739210233092" lon="11.359349386766553">
        <ele>428.97000000000003</ele>
      </trkpt>
      <trkpt lat="48.744715489447117" lon="11.359491124749184">
        <ele>427.37</ele>
      </trkpt>
      <trkpt lat="48.744695791974664" lon="11.359632862731814">
        <ele>425.11000000000001</ele>
      </trkpt>
      <trkpt lat="48.744657067582011" lon="11.359772002324462">
        <ele>422.94999999999999</ele>
      </trkpt>
      <trkpt lat="48.744624964892864" lon="11.360029075294733">
        <ele>423.32999999999998</ele>
      </trkpt>
      <trkpt lat="48.744566375389695" lon="11.360156228765845">
        <ele>424.08999999999997</ele>
      </trkpt>
      <trkpt lat="48.744573500007391" lon="11.360315401107073">
        <ele>424.22000000000003</ele>
      </trkpt>
      <trkpt lat="48.744554473087192" lon="11.360484044998884">
        <ele>424.01999999999998</ele>
      </trkpt>
      <trkpt lat="48.744599567726254" lon="11.360626453533769">
        <ele>424.63999999999999</ele>
      </trkpt>
      <trkpt lat="48.74467458575964" lon="11.360707087442279">
        <ele>424.97000000000003</ele>
      </trkpt>
      <trkpt lat="48.744669305160642" lon="11.360844550654292">
        <ele>425.00999999999999</ele>
      </trkpt>
      <trkpt lat="48.744663773104548" lon="11.360996766015887">
        <ele>424.73000000000002</ele>
      </trkpt>
      <trkpt lat="48.744656816124916" lon="11.361146131530404">
        <ele>425.36000000000001</ele>
      </trkpt>
      <trkpt lat="48.744661761447787" lon="11.361293066293001">
        <ele>425.5</ele>
      </trkpt>
      <trkpt lat="48.744639633223414" lon="11.361425835639238">
        <ele>424.24000000000001</ele>
      </trkpt>
      <trkpt lat="48.744711382314563" lon="11.361527591943741">
        <ele>422.07999999999998</ele>
      </trkpt>
      <trkpt lat="48.74473225325346" lon="11.361682824790478">
        <ele>420.35000000000002</ele>
      </trkpt>
      <trkpt lat="48.744701659306884" lon="11.361818695440888">
        <ele>419.74000000000001</ele>
      </trkpt>
      <trkpt lat="48.74468581750989" lon="11.36195263825357">
        <ele>419.05000000000001</ele>
      </trkpt>
      <trkpt lat="48.744633430615067" lon="11.362067051231861">
        <ele>417.57999999999998</ele>
      </trkpt>
      <trkpt lat="48.744666958227754" lon="11.362210381776094">
        <ele>416.32999999999998</ele>
      </trkpt>
      <trkpt lat="48.744689924642444" lon="11.362360836938024">
        <ele>415.81</ele>
      </trkpt>
      <trkpt lat="48.744688332080841" lon="11.362508526071906">
        <ele>415.20999999999998</ele>
      </trkpt>
      <trkpt lat="48.744677351787686" lon="11.362649593502283">
        <ele>414.57999999999998</ele>
      </trkpt>
      <trkpt lat="48.744673412293196" lon="11.362796360626817">
        <ele>415.88</ele>
      </trkpt>
      <trkpt lat="48.744677603244781" lon="11.362935835495591">
        <ele>418.69999999999999</ele>
      </trkpt>
      <trkpt lat="48.744655894115567" lon="11.363085368648171">
        <ele>418.14999999999998</ele>
      </trkpt>
      <trkpt lat="48.744624881073833" lon="11.363227777183056">
        <ele>418.16000000000003</ele>
      </trkpt>
      <trkpt lat="48.744643153622746" lon="11.363371694460511">
        <ele>418.94999999999999</ele>
      </trkpt>
      <trkpt lat="48.744623120874166" lon="11.363525334745646">
        <ele>419.22000000000003</ele>
      </trkpt>
      <trkpt lat="48.744626808911562" lon="11.36366430670023">
        <ele>419.69</ele>
      </trkpt>
      <trkpt lat="48.744646925479174" lon="11.363800931721926">
        <ele>421.25999999999999</ele>
      </trkpt>
      <trkpt lat="48.744606021791697" lon="11.363929091021419">
        <ele>421.43000000000001</ele>
      </trkpt>
      <trkpt lat="48.744629491120577" lon="11.364073678851128">
        <ele>422.18000000000001</ele>
      </trkpt>
      <trkpt lat="48.744647428393364" lon="11.364207118749619">
        <ele>420.45999999999998</ele>
      </trkpt>
      <trkpt lat="48.744741808623075" lon="11.364158084616065">
        <ele>420.60000000000002</ele>
      </trkpt>
      <trkpt lat="48.744826130568981" lon="11.364073846489191">
        <ele>420.69999999999999</ele>
      </trkpt>
      <trkpt lat="48.744927803054452" lon="11.364042079076171">
        <ele>417.85000000000002</ele>
      </trkpt>
      <trkpt lat="48.745036935433745" lon="11.363970329985023">
        <ele>416.39999999999998</ele>
      </trkpt>
      <trkpt lat="48.745114132761955" lon="11.363881481811404">
        <ele>416.5</ele>
      </trkpt>
      <trkpt lat="48.745164927095175" lon="11.363758854568005">
        <ele>417.44</ele>
      </trkpt>
      <trkpt lat="48.745183786377311" lon="11.363623570650816">
        <ele>417.88999999999999</ele>
      </trkpt>
      <trkpt lat="48.745218822732568" lon="11.363479066640139">
        <ele>417.88</ele>
      </trkpt>
      <trkpt lat="48.745302725583315" lon="11.363426428288221">
        <ele>417.54000000000002</ele>
      </trkpt>
      <trkpt lat="48.745404984802008" lon="11.363356690853834">
        <ele>418.88</ele>
      </trkpt>
      <trkpt lat="48.745476901531219" lon="11.363254599273205">
        <ele>420.13</ele>
      </trkpt>
      <trkpt lat="48.745553847402334" lon="11.363169439136982">
        <ele>420.99000000000001</ele>
      </trkpt>
      <trkpt lat="48.745636409148574" lon="11.363102803006768">
        <ele>419.43000000000001</ele>
      </trkpt>
      <trkpt lat="48.745711678639054" lon="11.363006578758359">
        <ele>418.14999999999998</ele>
      </trkpt>
      <trkpt lat="48.745782002806664" lon="11.362890154123306">
        <ele>417.30000000000001</ele>
      </trkpt>
      <trkpt lat="48.745879316702485" lon="11.36283366009593">
        <ele>419.69999999999999</ele>
      </trkpt>
      <trkpt lat="48.745953245088458" lon="11.362724779173732">
        <ele>422.94</ele>
      </trkpt>
      <trkpt lat="48.746030274778605" lon="11.362645151093602">
        <ele>423.97000000000003</ele>
      </trkpt>
      <trkpt lat="48.746102610602975" lon="11.362545657902956">
        <ele>423.88999999999999</ele>
      </trkpt>
      <trkpt lat="48.746183160692453" lon="11.362479608505964">
        <ele>423.31999999999999</ele>
      </trkpt>
      <trkpt lat="48.746253065764904" lon="11.362573318183422">
        <ele>423.94</ele>
      </trkpt>
      <trkpt lat="48.746273936703801" lon="11.36270659044385">
        <ele>421.97000000000003</ele>
      </trkpt>
      <trkpt lat="48.746271086856723" lon="11.36285905726254">
        <ele>421.56999999999999</ele>
      </trkpt>
      <trkpt lat="48.746255496516824" lon="11.363005489110947">
        <ele>421.14999999999998</ele>
      </trkpt>
      <trkpt lat="48.746264213696122" lon="11.363155106082559">
        <ele>421.18000000000001</ele>
      </trkpt>
      <trkpt lat="48.746289359405637" lon="11.363302879035473">
        <ele>421.26999999999998</ele>
      </trkpt>
      <trkpt lat="48.746287263929844" lon="11.363450987264514">
        <ele>422.01999999999998</ele>
      </trkpt>
      <trkpt lat="48.746273349970579" lon="11.363597838208079">
        <ele>422.07999999999998</ele>
      </trkpt>
      <trkpt lat="48.746287934482098" lon="11.36374494060874">
        <ele>421.56</ele>
      </trkpt>
      <trkpt lat="48.746321126818657" lon="11.363872764632106">
        <ele>420.79000000000002</ele>
      </trkpt>
      <trkpt lat="48.746294220909476" lon="11.364010479301214">
        <ele>418.5</ele>
      </trkpt>
      <trkpt lat="48.746309811249375" lon="11.364166969433427">
        <ele>416.44</ele>
      </trkpt>
      <trkpt lat="48.746321881189942" lon="11.364307198673487">
        <ele>414.60000000000002</ele>
      </trkpt>
      <trkpt lat="48.746349541470408" lon="11.364436615258455">
        <ele>414.89999999999998</ele>
      </trkpt>
      <trkpt lat="48.746385416015983" lon="11.364569468423724">
        <ele>414.70999999999998</ele>
      </trkpt>
      <trkpt lat="48.746352978050709" lon="11.364698046818376">
        <ele>415.19999999999999</ele>
      </trkpt>
      <trkpt lat="48.746368149295449" lon="11.364864595234394">
        <ele>413.93000000000001</ele>
      </trkpt>
      <trkpt lat="48.746413243934512" lon="11.364989737048745">
        <ele>414.76999999999998</ele>
      </trkpt>
      <trkpt lat="48.746428415179253" lon="11.365134995430708">
        <ele>416.32999999999998</ele>
      </trkpt>
      <trkpt lat="48.746438976377249" lon="11.365273548290133">
        <ele>415.05000000000001</ele>
      </trkpt>
      <trkpt lat="48.746435707435012" lon="11.365412939339876">
        <ele>414.41000000000003</ele>
      </trkpt>
      <trkpt lat="48.746492452919483" lon="11.365542439743876">
        <ele>416.51999999999998</ele>
      </trkpt>
      <trkpt lat="48.746570656076074" lon="11.365631958469748">
        <ele>417.05000000000001</ele>
      </trkpt>
      <trkpt lat="48.746663779020309" lon="11.365669341757894">
        <ele>415.51999999999998</ele>
      </trkpt>
      <trkpt lat="48.746756063774228" lon="11.36567990295589">
        <ele>415.75999999999999</ele>
      </trkpt>
      <trkpt lat="48.746847761794925" lon="11.365672443062067">
        <ele>416.19999999999999</ele>
      </trkpt>
      <trkpt lat="48.74693795107305" lon="11.365640927106142">
        <ele>416.12</ele>
      </trkpt>
      <trkpt lat="48.747041216120124" lon="11.365653332322836">
        <ele>417.66000000000003</ele>
      </trkpt>
      <trkpt lat="48.747129561379552" lon="11.365724997594953">
        <ele>417.73000000000002</ele>
      </trkpt>
      <trkpt lat="48.747221175581217" lon="11.365748215466738">
        <ele>417.60000000000002</ele>
      </trkpt>
      <trkpt lat="48.747325111180544" lon="11.365737738087773">
        <ele>418.12</ele>
      </trkpt>
      <trkpt lat="48.747421251609921" lon="11.365741929039359">
        <ele>418.33999999999997</ele>
      </trkpt>
      <trkpt lat="48.747520912438631" lon="11.365768415853381">
        <ele>417.32999999999998</ele>
      </trkpt>
      <trkpt lat="48.747619232162833" lon="11.36577277444303">
        <ele>416.57999999999998</ele>
      </trkpt>
      <trkpt lat="48.747712606564164" lon="11.365794986486435">
        <ele>416.70999999999998</ele>
      </trkpt>
      <trkpt lat="48.747809501364827" lon="11.365815019235015">
        <ele>416.88</ele>
      </trkpt>
      <trkpt lat="48.7479058932513" lon="11.365845780819654">
        <ele>416.57999999999998</ele>
      </trkpt>
      <trkpt lat="48.748006895184517" lon="11.365860030055046">
        <ele>416.25</ele>
      </trkpt>
      <trkpt lat="48.74810479581356" lon="11.365862628445029">
        <ele>416.92000000000002</ele>
      </trkpt>
      <trkpt lat="48.748196745291352" lon="11.365860616788268">
        <ele>417.42000000000002</ele>
      </trkpt>
      <trkpt lat="48.748288694769144" lon="11.365890624001622">
        <ele>416.63999999999999</ele>
      </trkpt>
      <trkpt lat="48.748387768864632" lon="11.36589540168643">
        <ele>415.37</ele>
      </trkpt>
      <trkpt lat="48.748484831303358" lon="11.365891294553876">
        <ele>415.43000000000001</ele>
      </trkpt>
      <trkpt lat="48.74857334420085" lon="11.365925995633006">
        <ele>416.76999999999998</ele>
      </trkpt>
      <trkpt lat="48.748670071363449" lon="11.365943849086761">
        <ele>416.75999999999999</ele>
      </trkpt>
      <trkpt lat="48.748770235106349" lon="11.365953907370567">
        <ele>418.08999999999997</ele>
      </trkpt>
      <trkpt lat="48.748867968097329" lon="11.365974945947528">
        <ele>418.31</ele>
      </trkpt>
      <trkpt lat="48.748960420489311" lon="11.365962205454707">
        <ele>417.94999999999999</ele>
      </trkpt>
      <trkpt lat="48.749051783233881" lon="11.365969246253371">
        <ele>416.13</ele>
      </trkpt>
      <trkpt lat="48.749148510396481" lon="11.365993469953537">
        <ele>415.10000000000002</ele>
      </trkpt>
      <trkpt lat="48.749245572835207" lon="11.366019370034337">
        <ele>414.98000000000002</ele>
      </trkpt>
      <trkpt lat="48.749337857589126" lon="11.366053316742182">
        <ele>415.27999999999997</ele>
      </trkpt>
      <trkpt lat="48.74943919479847" lon="11.366049125790596">
        <ele>416.56999999999999</ele>
      </trkpt>
      <trkpt lat="48.749535670503974" lon="11.366076450794935">
        <ele>416.30000000000001</ele>
      </trkpt>
      <trkpt lat="48.749627703800797" lon="11.36609623208642">
        <ele>415.19999999999999</ele>
      </trkpt>
      <trkpt lat="48.749717306345701" lon="11.366120371967554">
        <ele>414.11000000000001</ele>
      </trkpt>
      <trkpt lat="48.749810764566064" lon="11.36612556874752">
        <ele>414.16000000000003</ele>
      </trkpt>
      <trkpt lat="48.749903049319983" lon="11.366137387230992">
        <ele>413.70999999999998</ele>
      </trkpt>
      <trkpt lat="48.750001452863216" lon="11.366108972579241">
        <ele>412.77999999999997</ele>
      </trkpt>
      <trkpt lat="48.750030789524317" lon="11.366246351972222">
        <ele>414.55000000000001</ele>
      </trkpt>
      <trkpt lat="48.749965578317642" lon="11.366370990872383">
        <ele>416.62</ele>
      </trkpt>
      <trkpt lat="48.749965075403452" lon="11.366535611450672">
        <ele>416.69999999999999</ele>
      </trkpt>
      <trkpt lat="48.749958369880915" lon="11.366679612547159">
        <ele>415.24000000000001</ele>
      </trkpt>
      <trkpt lat="48.74992442317307" lon="11.366819925606251">
        <ele>415.69999999999999</ele>
      </trkpt>
      <trkpt lat="48.749904222786427" lon="11.366965267807245">
        <ele>416.04000000000002</ele>
      </trkpt>
      <trkpt lat="48.749888045713305" lon="11.367104575037956">
        <ele>415.31</ele>
      </trkpt>
      <trkpt lat="48.749851584434509" lon="11.367241870611906">
        <ele>414.63999999999999</ele>
      </trkpt>
      <trkpt lat="48.749804645776749" lon="11.367358714342117">
        <ele>413.38999999999999</ele>
      </trkpt>
      <trkpt lat="48.749783858656883" lon="11.367499195039272">
        <ele>414.07999999999998</ele>
      </trkpt>
      <trkpt lat="48.749784110113978" lon="11.36765643954277">
        <ele>415.17000000000002</ele>
      </trkpt>
      <trkpt lat="48.749754102900624" lon="11.367791807278991">
        <ele>415.14999999999998</ele>
      </trkpt>
      <trkpt lat="48.74972895719111" lon="11.367931365966797">
        <ele>413.72000000000003</ele>
      </trkpt>
      <trkpt lat="48.749702889472246" lon="11.368069248273969">
        <ele>413.75</ele>
      </trkpt>
      <trkpt lat="48.749690568074584" lon="11.368215763941407">
        <ele>414.73000000000002</ele>
      </trkpt>
      <trkpt lat="48.749706409871578" lon="11.368358172476292">
        <ele>415.97000000000003</ele>
      </trkpt>
      <trkpt lat="48.749669529497623" lon="11.368494294583797">
        <ele>417.69</ele>
      </trkpt>
      <trkpt lat="48.749646646901965" lon="11.368631590157747">
        <ele>417.81</ele>
      </trkpt>
      <trkpt lat="48.749641869217157" lon="11.368769556283951">
        <ele>417.75999999999999</ele>
      </trkpt>
      <trkpt lat="48.749683275818825" lon="11.368893105536699">
        <ele>416.06999999999999</ele>
      </trkpt>
      <trkpt lat="48.749651173129678" lon="11.369029898196459">
        <ele>414</ele>
      </trkpt>
      <trkpt lat="48.749624518677592" lon="11.369177838787436">
        <ele>413.10000000000002</ele>
      </trkpt>
      <trkpt lat="48.749601636081934" lon="11.369330389425159">
        <ele>416.22000000000003</ele>
      </trkpt>
      <trkpt lat="48.74960876069963" lon="11.369478749111295">
        <ele>416.27999999999997</ele>
      </trkpt>
      <trkpt lat="48.749587219208479" lon="11.36962903663516">
        <ele>414.98000000000002</ele>
      </trkpt>
      <trkpt lat="48.749571712687612" lon="11.369772031903267">
        <ele>415.51999999999998</ele>
      </trkpt>
      <trkpt lat="48.749559139832854" lon="11.369908405467868">
        <ele>416.23000000000002</ele>
      </trkpt>
      <trkpt lat="48.749540615826845" lon="11.370046539232135">
        <ele>415.44</ele>
      </trkpt>
      <trkpt lat="48.749542543664575" lon="11.370194312185049">
        <ele>414.70999999999998</ele>
      </trkpt>
      <trkpt lat="48.749538101255894" lon="11.370346779003739">
        <ele>415.22000000000003</ele>
      </trkpt>
      <trkpt lat="48.749548997730017" lon="11.3704973179847">
        <ele>415.41000000000003</ele>
      </trkpt>
      <trkpt lat="48.749526115134358" lon="11.370630757883191">
        <ele>414.38</ele>
      </trkpt>
      <trkpt lat="48.749494096264243" lon="11.370774675160646">
        <ele>414.94</ele>
      </trkpt>
      <trkpt lat="48.749480349943042" lon="11.370924459770322">
        <ele>415.39999999999998</ele>
      </trkpt>
      <trkpt lat="48.749473141506314" lon="11.371081452816725">
        <ele>414.75999999999999</ele>
      </trkpt>
      <trkpt lat="48.749496191740036" lon="11.371226292103529">
        <ele>413.82999999999998</ele>
      </trkpt>
      <trkpt lat="48.749460568651557" lon="11.37135143391788">
        <ele>412.58999999999997</ele>
      </trkpt>
      <trkpt lat="48.749443218111992" lon="11.371492082253098">
        <ele>412.06999999999999</ele>
      </trkpt>
      <trkpt lat="48.749429723247886" lon="11.371627617627382">
        <ele>411.31999999999999</ele>
      </trkpt>
      <trkpt lat="48.749420838430524" lon="11.371773965656757">
        <ele>412.56999999999999</ele>
      </trkpt>
      <trkpt lat="48.749421173706651" lon="11.371927857398987">
        <ele>413.19</ele>
      </trkpt>
      <trkpt lat="48.749425448477268" lon="11.372077642008662">
        <ele>412.93000000000001</ele>
      </trkpt>
      <trkpt lat="48.749424694105983" lon="11.372231366112828">
        <ele>413.31</ele>
      </trkpt>
      <trkpt lat="48.749447744339705" lon="11.37238877825439">
        <ele>414.13999999999999</ele>
      </trkpt>
      <trkpt lat="48.749432489275932" lon="11.37252951040864">
        <ele>413.35000000000002</ele>
      </trkpt>
      <trkpt lat="48.749448582530022" lon="11.372686419636011">
        <ele>411.31</ele>
      </trkpt>
      <trkpt lat="48.749445229768753" lon="11.372832097113132">
        <ele>413.38</ele>
      </trkpt>
      <trkpt lat="48.749459143728018" lon="11.372966878116131">
        <ele>414.57999999999998</ele>
      </trkpt>
      <trkpt lat="48.749433662742376" lon="11.373108280822635">
        <ele>414.81999999999999</ele>
      </trkpt>
      <trkpt lat="48.749459395185113" lon="11.37325563468039">
        <ele>413.10000000000002</ele>
      </trkpt>
      <trkpt lat="48.749472890049219" lon="11.373406760394573">
        <ele>412.76999999999998</ele>
      </trkpt>
      <trkpt lat="48.749453946948051" lon="11.373539697378874">
        <ele>412.64999999999998</ele>
      </trkpt>
      <trkpt lat="48.749445313587785" lon="11.373678920790553">
        <ele>413.13999999999999</ele>
      </trkpt>
      <trkpt lat="48.749419245868921" lon="11.373828370124102">
        <ele>414.63</ele>
      </trkpt>
      <trkpt lat="48.749435422942042" lon="11.373982513323426">
        <ele>415.06</ele>
      </trkpt>
      <trkpt lat="48.749418407678604" lon="11.3741116784513">
        <ele>413.85000000000002</ele>
      </trkpt>
      <trkpt lat="48.749394686892629" lon="11.374528929591179">
        <ele>411.18000000000001</ele>
      </trkpt>
      <trkpt lat="48.749365769326687" lon="11.375010721385479">
        <ele>409.00999999999999</ele>
      </trkpt>
      <trkpt lat="48.749341880902648" lon="11.375268800184131">
        <ele>411.23000000000002</ele>
      </trkpt>
      <trkpt lat="48.7493288051337" lon="11.375552695244551">
        <ele>411.23000000000002</ele>
      </trkpt>
      <trkpt lat="48.74932587146759" lon="11.375931054353714">
        <ele>411.47000000000003</ele>
      </trkpt>
      <trkpt lat="48.749301312491298" lon="11.376322489231825">
        <ele>410.44</ele>
      </trkpt>
      <trkpt lat="48.74909377656877" lon="11.37630321085453">
        <ele>410.37</ele>
      </trkpt>
      <trkpt lat="48.748835865408182" lon="11.376263983547688">
        <ele>409.77999999999997</ele>
      </trkpt>
      <trkpt lat="48.748552640900016" lon="11.376260966062546">
        <ele>412.75</ele>
      </trkpt>
      <trkpt lat="48.748461781069636" lon="11.37626457028091">
        <ele>413.36000000000001</ele>
      </trkpt>
      <trkpt lat="48.748361868783832" lon="11.376260127872229">
        <ele>414.31999999999999</ele>
      </trkpt>
      <trkpt lat="48.748261788859963" lon="11.376248896121979">
        <ele>414.5</ele>
      </trkpt>
      <trkpt lat="48.748165396973491" lon="11.37629197910428">
        <ele>415.11000000000001</ele>
      </trkpt>
      <trkpt lat="48.748067412525415" lon="11.376273790374398">
        <ele>416.50999999999999</ele>
      </trkpt>
      <trkpt lat="48.747968673706055" lon="11.376237077638507">
        <ele>415.83999999999997</ele>
      </trkpt>
      <trkpt lat="48.747872700914741" lon="11.376218050718307">
        <ele>414.54000000000002</ele>
      </trkpt>
      <trkpt lat="48.747781924903393" lon="11.376190641894937">
        <ele>412.54000000000002</ele>
      </trkpt>
      <trkpt lat="48.747709589079022" lon="11.376096848398447">
        <ele>412.17000000000002</ele>
      </trkpt>
      <trkpt lat="48.74765963293612" lon="11.375967934727669">
        <ele>412.80000000000001</ele>
      </trkpt>
      <trkpt lat="48.747594757005572" lon="11.37586735188961">
        <ele>413.73000000000002</ele>
      </trkpt>
      <trkpt lat="48.747501885518432" lon="11.375885708257556">
        <ele>415.66000000000003</ele>
      </trkpt>
      <trkpt lat="48.74740649946034" lon="11.375908758491278">
        <ele>416.42000000000002</ele>
      </trkpt>
      <trkpt lat="48.747308682650328" lon="11.375927366316319">
        <ele>415.87</ele>
      </trkpt>
      <trkpt lat="48.747221175581217" lon="11.375991823151708">
        <ele>416.13999999999999</ele>
      </trkpt>
      <trkpt lat="48.747179098427296" lon="11.376122329384089">
        <ele>417.24000000000001</ele>
      </trkpt>
      <trkpt lat="48.747153617441654" lon="11.376255936920643">
        <ele>418.69</ele>
      </trkpt>
      <trkpt lat="48.74706694856286" lon="11.376307401806116">
        <ele>419.42000000000002</ele>
      </trkpt>
      <trkpt lat="48.746985392645001" lon="11.376370098441839">
        <ele>419.57999999999998</ele>
      </trkpt>
      <trkpt lat="48.74691448174417" lon="11.376459030434489">
        <ele>419.44999999999999</ele>
      </trkpt>
      <trkpt lat="48.746828651055694" lon="11.376547459512949">
        <ele>415.06999999999999</ele>
      </trkpt>
      <trkpt lat="48.746736701577902" lon="11.37660026550293">
        <ele>414.47000000000003</ele>
      </trkpt>
      <trkpt lat="48.746646260842681" lon="11.376672852784395">
        <ele>415.38999999999999</ele>
      </trkpt>
      <trkpt lat="48.746556658297777" lon="11.37670923024416">
        <ele>416.37</ele>
      </trkpt>
      <trkpt lat="48.74647325836122" lon="11.376766143366694">
        <ele>417.44</ele>
      </trkpt>
      <trkpt lat="48.746392205357552" lon="11.376844011247158">
        <ele>419.10000000000002</ele>
      </trkpt>
      <trkpt lat="48.746313834562898" lon="11.376918023452163">
        <ele>420.01999999999998</ele>
      </trkpt>
      <trkpt lat="48.746230099350214" lon="11.376989856362343">
        <ele>418.06999999999999</ele>
      </trkpt>
      <trkpt lat="48.74612633138895" lon="11.376987090334296">
        <ele>417.13999999999999</ele>
      </trkpt>
      <trkpt lat="48.746027927845716" lon="11.376996729522943">
        <ele>416.80000000000001</ele>
      </trkpt>
      <trkpt lat="48.745935223996639" lon="11.376969823613763">
        <ele>416.14999999999998</ele>
      </trkpt>
      <trkpt lat="48.745849560946226" lon="11.376919113099575">
        <ele>415.25999999999999</ele>
      </trkpt>
      <trkpt lat="48.745763227343559" lon="11.376875611022115">
        <ele>414.50999999999999</ele>
      </trkpt>
      <trkpt lat="48.745664237067103" lon="11.376852057874203">
        <ele>415.58999999999997</ele>
      </trkpt>
      <trkpt lat="48.745571365579963" lon="11.376836886629462">
        <ele>417.05000000000001</ele>
      </trkpt>
      <trkpt lat="48.745475392788649" lon="11.376873264089227">
        <ele>419.18000000000001</ele>
      </trkpt>
      <trkpt lat="48.74537531286478" lon="11.37691006064415">
        <ele>421.05000000000001</ele>
      </trkpt>
      <trkpt lat="48.745283363386989" lon="11.376912239938974">
        <ele>419.82999999999998</ele>
      </trkpt>
      <trkpt lat="48.745175488293171" lon="11.376938475295901">
        <ele>418.12</ele>
      </trkpt>
      <trkpt lat="48.745066272094846" lon="11.376942498609424">
        <ele>416.19</ele>
      </trkpt>
      <trkpt lat="48.744975663721561" lon="11.376909641548991">
        <ele>417.33999999999997</ele>
      </trkpt>
      <trkpt lat="48.744894359260798" lon="11.376981055364013">
        <ele>420.33999999999997</ele>
      </trkpt>
      <trkpt lat="48.74482654966414" lon="11.3770732562989">
        <ele>421.13999999999999</ele>
      </trkpt>
      <trkpt lat="48.744828058406711" lon="11.377211809158325">
        <ele>419.31999999999999</ele>
      </trkpt>
      <trkpt lat="48.744831159710884" lon="11.377360336482525">
        <ele>418.18000000000001</ele>
      </trkpt>
      <trkpt lat="48.744870638474822" lon="11.377503415569663">
        <ele>418.62</ele>
      </trkpt>
      <trkpt lat="48.744912128895521" lon="11.377628138288856">
        <ele>417.83999999999997</ele>
      </trkpt>
      <trkpt lat="48.744949596002698" lon="11.37776467949152">
        <ele>417.29000000000002</ele>
      </trkpt>
      <trkpt lat="48.744985638186336" lon="11.377896443009377">
        <ele>418.62</ele>
      </trkpt>
      <trkpt lat="48.744996534660459" lon="11.378039522096515">
        <ele>419.88999999999999</ele>
      </trkpt>
      <trkpt lat="48.745055291801691" lon="11.378164244815707">
        <ele>421.41000000000003</ele>
      </trkpt>
      <trkpt lat="48.745109271258116" lon="11.378281926736236">
        <ele>420.44999999999999</ele>
      </trkpt>
      <trkpt lat="48.745111282914877" lon="11.378438752144575">
        <ele>419.07999999999998</ele>
      </trkpt>
      <trkpt lat="48.74515637755394" lon="11.378557104617357">
        <ele>416.94</ele>
      </trkpt>
      <trkpt lat="48.745221504941583" lon="11.378669254481792">
        <ele>416.74000000000001</ele>
      </trkpt>
      <trkpt lat="48.745287638157606" lon="11.37879473157227">
        <ele>416.12</ele>
      </trkpt>
      <trkpt lat="48.74534647911787" lon="11.378898415714502">
        <ele>415.85000000000002</ele>
      </trkpt>
      <trkpt lat="48.74540314078331" lon="11.379011739045382">
        <ele>415.45999999999998</ele>
      </trkpt>
      <trkpt lat="48.745463993400335" lon="11.379145681858063">
        <ele>415.82999999999998</ele>
      </trkpt>
      <trkpt lat="48.745535826310515" lon="11.379231847822666">
        <ele>414.99000000000001</ele>
      </trkpt>
      <trkpt lat="48.745591482147574" lon="11.379342908039689">
        <ele>415.13</ele>
      </trkpt>
      <trkpt lat="48.745641019195318" lon="11.379478527233005">
        <ele>413.95999999999998</ele>
      </trkpt>
      <trkpt lat="48.745700279250741" lon="11.379588078707457">
        <ele>414.36000000000001</ele>
      </trkpt>
      <trkpt lat="48.745740260928869" lon="11.379713220521808">
        <ele>413.81</ele>
      </trkpt>
      <trkpt lat="48.74577546492219" lon="11.379852946847677">
        <ele>413.23000000000002</ele>
      </trkpt>
      <trkpt lat="48.745841179043055" lon="11.379961408674717">
        <ele>413.16000000000003</ele>
      </trkpt>
      <trkpt lat="48.745889710262418" lon="11.38008126989007">
        <ele>411.44</ele>
      </trkpt>
      <trkpt lat="48.745876969769597" lon="11.380221582949162">
        <ele>409.95999999999998</ele>
      </trkpt>
      <trkpt lat="48.745834641158581" lon="11.380350831896067">
        <ele>413.49000000000001</ele>
      </trkpt>
      <trkpt lat="48.745840424671769" lon="11.3804975990206">
        <ele>414.66000000000003</ele>
      </trkpt>
      <trkpt lat="48.745809495449066" lon="11.380647802725434">
        <ele>415.73000000000002</ele>
      </trkpt>
      <trkpt lat="48.745774794369936" lon="11.380792642012239">
        <ele>414.37</ele>
      </trkpt>
      <trkpt lat="48.745779991149902" lon="11.380939660593867">
        <ele>415.04000000000002</ele>
      </trkpt>
      <trkpt lat="48.745754593983293" lon="11.381093803793192">
        <ele>414.56999999999999</ele>
      </trkpt>
      <trkpt lat="48.745786529034376" lon="11.381240235641599">
        <ele>412.56999999999999</ele>
      </trkpt>
      <trkpt lat="48.745761215686798" lon="11.381376860663295">
        <ele>411.38</ele>
      </trkpt>
      <trkpt lat="48.745717881247401" lon="11.381497560068965">
        <ele>410.25</ele>
      </trkpt>
      <trkpt lat="48.745672116056085" lon="11.381616499274969">
        <ele>414.63999999999999</ele>
      </trkpt>
      <trkpt lat="48.745625345036387" lon="11.381757063791156">
        <ele>415.70999999999998</ele>
      </trkpt>
      <trkpt lat="48.745549153536558" lon="11.381850773468614">
        <ele>416.22000000000003</ele>
      </trkpt>
      <trkpt lat="48.745555356144905" lon="11.381938783451915">
        <ele>416.23000000000002</ele>
      </trkpt>
      <trkpt lat="48.745525851845741" lon="11.382152438163757">
        <ele>412.45999999999998</ele>
      </trkpt>
      <trkpt lat="48.745508501306176" lon="11.382286129519343">
        <ele>413.38</ele>
      </trkpt>
      <trkpt lat="48.745433986186981" lon="11.382387382909656">
        <ele>413.00999999999999</ele>
      </trkpt>
      <trkpt lat="48.74539140611887" lon="11.382513279095292">
        <ele>416.00999999999999</ele>
      </trkpt>
      <trkpt lat="48.745345054194331" lon="11.382644372060895">
        <ele>419.08999999999997</ele>
      </trkpt>
      <trkpt lat="48.745329547673464" lon="11.382792647927999">
        <ele>419.73000000000002</ele>
      </trkpt>
      <trkpt lat="48.745283363386989" lon="11.382917119190097">
        <ele>420.22000000000003</ele>
      </trkpt>
      <trkpt lat="48.745274730026722" lon="11.383056845515966">
        <ele>421.25</ele>
      </trkpt>
      <trkpt lat="48.745287051424384" lon="11.383194727823138">
        <ele>420.36000000000001</ele>
      </trkpt>
      <trkpt lat="48.745333403348923" lon="11.383324060589075">
        <ele>420.55000000000001</ele>
      </trkpt>
      <trkpt lat="48.745344551280141" lon="11.383459679782391">
        <ele>420.99000000000001</ele>
      </trkpt>
      <trkpt lat="48.745367517694831" lon="11.383608458563685">
        <ele>421</ele>
      </trkpt>
      <trkpt lat="48.74541487544775" lon="11.383726978674531">
        <ele>421.57999999999998</ele>
      </trkpt>
      <trkpt lat="48.745472375303507" lon="11.38383342884481">
        <ele>420.13</ele>
      </trkpt>
      <trkpt lat="48.745483104139566" lon="11.38398396782577">
        <ele>420.27999999999997</ele>
      </trkpt>
      <trkpt lat="48.745509758591652" lon="11.384116318076849">
        <ele>421.79000000000002</ele>
      </trkpt>
      <trkpt lat="48.745545297861099" lon="11.384259229525924">
        <ele>423.00999999999999</ele>
      </trkpt>
      <trkpt lat="48.745559630915523" lon="11.384400380775332">
        <ele>420.36000000000001</ele>
      </trkpt>
      <trkpt lat="48.745472291484475" lon="11.384501131251454">
        <ele>416.74000000000001</ele>
      </trkpt>
      <trkpt lat="48.745381264016032" lon="11.384535161778331">
        <ele>417.07999999999998</ele>
      </trkpt>
      <trkpt lat="48.745312700048089" lon="11.384647479280829">
        <ele>416.61000000000001</ele>
      </trkpt>
      <trkpt lat="48.745283028110862" lon="11.384793408215046">
        <ele>414.63999999999999</ele>
      </trkpt>
      <trkpt lat="48.745333822444081" lon="11.384929781779647">
        <ele>413.26999999999998</ele>
      </trkpt>
      <trkpt lat="48.745360728353262" lon="11.385088451206684">
        <ele>415.57999999999998</ele>
      </trkpt>
      <trkpt lat="48.745394088327885" lon="11.385220969095826">
        <ele>416.62</ele>
      </trkpt>
      <trkpt lat="48.745432728901505" lon="11.385344266891479">
        <ele>417.81</ele>
      </trkpt>
      <trkpt lat="48.745524762198329" lon="11.385427666828036">
        <ele>420.38999999999999</ele>
      </trkpt>
      <trkpt lat="48.745608245953918" lon="11.385492542758584">
        <ele>420.38</ele>
      </trkpt>
      <trkpt lat="48.745687790215015" lon="11.385568734258413">
        <ele>420.51999999999998</ele>
      </trkpt>
      <trkpt lat="48.745764065533876" lon="11.385653307661414">
        <ele>419.39999999999998</ele>
      </trkpt>
      <trkpt lat="48.745853081345558" lon="11.385690439492464">
        <ele>417.85000000000002</ele>
      </trkpt>
      <trkpt lat="48.745935056358576" lon="11.385770235210657">
        <ele>417.70999999999998</ele>
      </trkpt>
      <trkpt lat="48.746041255071759" lon="11.385788340121508">
        <ele>419.01999999999998</ele>
      </trkpt>
      <trkpt lat="48.746134294196963" lon="11.385777443647385">
        <ele>420.13999999999999</ele>
      </trkpt>
      <trkpt lat="48.746239738538861" lon="11.385779287666082">
        <ele>419.69</ele>
      </trkpt>
      <trkpt lat="48.746273936703801" lon="11.385783981531858">
        <ele>418.91000000000003</ele>
      </trkpt>
      <trkpt lat="48.746278965845704" lon="11.385781969875097">
        <ele>419.20999999999998</ele>
      </trkpt>
      <trkpt lat="48.746198583394289" lon="11.385793788358569">
        <ele>418.76999999999998</ele>
      </trkpt>
      <trkpt lat="48.746261866763234" lon="11.385685577988625">
        <ele>419.43000000000001</ele>
      </trkpt>
      <trkpt lat="48.746340069919825" lon="11.385608213022351">
        <ele>418.72000000000003</ele>
      </trkpt>
      <trkpt lat="48.746424727141857" lon="11.385536044836044">
        <ele>420.67000000000002</ele>
      </trkpt>
      <trkpt lat="48.746508294716477" lon="11.385439150035381">
        <ele>421.44999999999999</ele>
      </trkpt>
      <trkpt lat="48.74658708460629" lon="11.385353989899158">
        <ele>422.05000000000001</ele>
      </trkpt>
      <trkpt lat="48.746664449572563" lon="11.385279726237059">
        <ele>422.00999999999999</ele>
      </trkpt>
      <trkpt lat="48.746765283867717" lon="11.385279474779963">
        <ele>418.51999999999998</ele>
      </trkpt>
      <trkpt lat="48.746850863099098" lon="11.385230859741569">
        <ele>417.12</ele>
      </trkpt>
      <trkpt lat="48.746941303834319" lon="11.385154584422708">
        <ele>415.17000000000002</ele>
      </trkpt>
      <trkpt lat="48.747031409293413" lon="11.385105634108186">
        <ele>415.19</ele>
      </trkpt>
      <trkpt lat="48.74712553806603" lon="11.385083757340908">
        <ele>412.23000000000002</ele>
      </trkpt>
      <trkpt lat="48.747214553877711" lon="11.385039668530226">
        <ele>411.56</ele>
      </trkpt>
      <trkpt lat="48.747308179736137" lon="11.385018965229392">
        <ele>412.52999999999997</ele>
      </trkpt>
      <trkpt lat="48.7473982013762" lon="11.385019300505519">
        <ele>415.63</ele>
      </trkpt>
      <trkpt lat="48.747488390654325" lon="11.385007230564952">
        <ele>416.56</ele>
      </trkpt>
      <trkpt lat="48.747582770884037" lon="11.384994490072131">
        <ele>415.56</ele>
      </trkpt>
      <trkpt lat="48.747676396742463" lon="11.385012762621045">
        <ele>417.25999999999999</ele>
      </trkpt>
      <trkpt lat="48.747770106419921" lon="11.385083505883813">
        <ele>418.57999999999998</ele>
      </trkpt>
      <trkpt lat="48.747867504134774" lon="11.385144526138902">
        <ele>418.61000000000001</ele>
      </trkpt>
      <trkpt lat="48.747969679534435" lon="11.3851757068187">
        <ele>417.81</ele>
      </trkpt>
      <trkpt lat="48.748058024793863" lon="11.385208982974291">
        <ele>419.55000000000001</ele>
      </trkpt>
      <trkpt lat="48.748157434165478" lon="11.38520697131753">
        <ele>419.52999999999997</ele>
      </trkpt>
      <trkpt lat="48.748247791081667" lon="11.385240247473121">
        <ele>417.89999999999998</ele>
      </trkpt>
      <trkpt lat="48.748339572921395" lon="11.385250305756927">
        <ele>419.72000000000003</ele>
      </trkpt>
      <trkpt lat="48.748430348932743" lon="11.385253490880132">
        <ele>421.30000000000001</ele>
      </trkpt>
      <trkpt lat="48.748515006154776" lon="11.38531006872654">
        <ele>420.25999999999999</ele>
      </trkpt>
      <trkpt lat="48.748621121048927" lon="11.385317025706172">
        <ele>416.86000000000001</ele>
      </trkpt>
      <trkpt lat="48.748726062476635" lon="11.385320797562599">
        <ele>415.12</ele>
      </trkpt>
      <trkpt lat="48.748823376372457" lon="11.385332364588976">
        <ele>416.41000000000003</ele>
      </trkpt>
      <trkpt lat="48.748918175697327" lon="11.385359605774283">
        <ele>417.95999999999998</ele>
      </trkpt>
      <trkpt lat="48.749010795727372" lon="11.385352229699492">
        <ele>417.25999999999999</ele>
      </trkpt>
      <trkpt lat="48.749101152643561" lon="11.385313840582967">
        <ele>418.56999999999999</ele>
      </trkpt>
      <trkpt lat="48.74918220564723" lon="11.385254161432385">
        <ele>418.75</ele>
      </trkpt>
      <trkpt lat="48.749274993315339" lon="11.385177550837398">
        <ele>417.32999999999998</ele>
      </trkpt>
      <trkpt lat="48.749350095167756" lon="11.385099766775966">
        <ele>416.76999999999998</ele>
      </trkpt>
      <trkpt lat="48.749435506761074" lon="11.385018210858107">
        <ele>415.49000000000001</ele>
      </trkpt>
      <trkpt lat="48.749528042972088" lon="11.384989293292165">
        <ele>416.22000000000003</ele>
      </trkpt>
      <trkpt lat="48.749624853953719" lon="11.384937493130565">
        <ele>416.81999999999999</ele>
      </trkpt>
      <trkpt lat="48.749704984948039" lon="11.38486348092556">
        <ele>417.13</ele>
      </trkpt>
      <trkpt lat="48.749797521159053" lon="11.384790809825063">
        <ele>416.44</ele>
      </trkpt>
      <trkpt lat="48.749871030449867" lon="11.384692741557956">
        <ele>415.82999999999998</ele>
      </trkpt>
      <trkpt lat="48.749939426779747" lon="11.384581262245774">
        <ele>416.60000000000002</ele>
      </trkpt>
      <trkpt lat="48.750020731240511" lon="11.384500879794359">
        <ele>419.81</ele>
      </trkpt>
      <trkpt lat="48.750113183632493" lon="11.384453605860472">
        <ele>421.63999999999999</ele>
      </trkpt>
      <trkpt lat="48.750202031806111" lon="11.384388813748956">
        <ele>421.44</ele>
      </trkpt>
      <trkpt lat="48.750253580510616" lon="11.384275238960981">
        <ele>421.19999999999999</ele>
      </trkpt>
      <trkpt lat="48.75032952055335" lon="11.384173147380352">
        <ele>421.79000000000002</ele>
      </trkpt>
      <trkpt lat="48.750413423404098" lon="11.384083880111575">
        <ele>421.44</ele>
      </trkpt>
      <trkpt lat="48.750499421730638" lon="11.384002575650811">
        <ele>420.93000000000001</ele>
      </trkpt>
      <trkpt lat="48.750574691221118" lon="11.383913643658161">
        <ele>423.38999999999999</ele>
      </trkpt>
      <trkpt lat="48.750648116692901" lon="11.383826890960336">
        <ele>423.47000000000003</ele>
      </trkpt>
      <trkpt lat="48.750740988180041" lon="11.383755225688219">
        <ele>422.64999999999998</ele>
      </trkpt>
      <trkpt lat="48.750829081982374" lon="11.383677609264851">
        <ele>421.83999999999997</ele>
      </trkpt>
      <trkpt lat="48.75091876834631" lon="11.38369906693697">
        <ele>422.25999999999999</ele>
      </trkpt>
      <trkpt lat="48.751015830785036" lon="11.383760254830122">
        <ele>421.24000000000001</ele>
      </trkpt>
      <trkpt lat="48.751109121367335" lon="11.383828651160002">
        <ele>417.88999999999999</ele>
      </trkpt>
      <trkpt lat="48.751201322302222" lon="11.383846839889884">
        <ele>418.54000000000002</ele>
      </trkpt>
      <trkpt lat="48.751277094706893" lon="11.383942561224103">
        <ele>419.20999999999998</ele>
      </trkpt>
      <trkpt lat="48.751366529613733" lon="11.384002408012748">
        <ele>417.88999999999999</ele>
      </trkpt>
      <trkpt lat="48.751467363908887" lon="11.384021770209074">
        <ele>418.62</ele>
      </trkpt>
      <trkpt lat="48.751570796594024" lon="11.384093770757318">
        <ele>418.88999999999999</ele>
      </trkpt>
      <trkpt lat="48.75160725787282" lon="11.384078180417418">
        <ele>428.93000000000001</ele>
      </trkpt>
      <trkpt lat="48.751658806577325" lon="11.38419795781374">
        <ele>427.81999999999999</ele>
      </trkpt>
      <trkpt lat="48.751688227057457" lon="11.38432938605547">
        <ele>427.61000000000001</ele>
      </trkpt>
      <trkpt lat="48.751724855974317" lon="11.384461233392358">
        <ele>428.11000000000001</ele>
      </trkpt>
      <trkpt lat="48.751788726076484" lon="11.384561145678163">
        <ele>427.76999999999998</ele>
      </trkpt>
      <trkpt lat="48.751855026930571" lon="11.384661812335253">
        <ele>426.66000000000003</ele>
      </trkpt>
      <trkpt lat="48.75191411934793" lon="11.384767927229404">
        <ele>424.94</ele>
      </trkpt>
      <trkpt lat="48.751977067440748" lon="11.384878316894174">
        <ele>423.50999999999999</ele>
      </trkpt>
      <trkpt lat="48.752035740762949" lon="11.384985437616706">
        <ele>423.72000000000003</ele>
      </trkpt>
      <trkpt lat="48.752103131264448" lon="11.385097755119205">
        <ele>421.25999999999999</ele>
      </trkpt>
      <trkpt lat="48.752159541472793" lon="11.385219292715192">
        <ele>418.52999999999997</ele>
      </trkpt>
      <trkpt lat="48.752207569777966" lon="11.385344015434384">
        <ele>417.81999999999999</ele>
      </trkpt>
      <trkpt lat="48.752261465415359" lon="11.385457841679454">
        <ele>418.81</ele>
      </trkpt>
      <trkpt lat="48.752317121252418" lon="11.385583402588964">
        <ele>418.49000000000001</ele>
      </trkpt>
      <trkpt lat="48.752370346337557" lon="11.38569513335824">
        <ele>418.41000000000003</ele>
      </trkpt>
      <trkpt lat="48.752436814829707" lon="11.385809713974595">
        <ele>418.37</ele>
      </trkpt>
      <trkpt lat="48.752495404332876" lon="11.385935693979263">
        <ele>417.10000000000002</ele>
      </trkpt>
      <trkpt lat="48.752562291920185" lon="11.386043066158891">
        <ele>415.88999999999999</ele>
      </trkpt>
      <trkpt lat="48.752640495076776" lon="11.386117581278086">
        <ele>412.72000000000003</ele>
      </trkpt>
      <trkpt lat="48.752691457048059" lon="11.386238280683756">
        <ele>413.81</ele>
      </trkpt>
      <trkpt lat="48.752715596929193" lon="11.386373061686754">
        <ele>415.77999999999997</ele>
      </trkpt>
      <trkpt lat="48.752728588879108" lon="11.386520499363542">
        <ele>416.88</ele>
      </trkpt>
      <trkpt lat="48.752759015187621" lon="11.38666165061295">
        <ele>416.72000000000003</ele>
      </trkpt>
      <trkpt lat="48.752788519486785" lon="11.386795174330473">
        <ele>416.06999999999999</ele>
      </trkpt>
      <trkpt lat="48.752788435667753" lon="11.386933643370867">
        <ele>417.33999999999997</ele>
      </trkpt>
      <trkpt lat="48.752786172553897" lon="11.387077057734132">
        <ele>415.38999999999999</ele>
      </trkpt>
      <trkpt lat="48.75278240069747" lon="11.387224746868014">
        <ele>417.38999999999999</ele>
      </trkpt>
      <trkpt lat="48.752797739580274" lon="11.387374112382531">
        <ele>418.86000000000001</ele>
      </trkpt>
      <trkpt lat="48.752793883904815" lon="11.387517778202891">
        <ele>420.05000000000001</ele>
      </trkpt>
      <trkpt lat="48.752799835056067" lon="11.387662785127759">
        <ele>419.79000000000002</ele>
      </trkpt>
      <trkpt lat="48.752828501164913" lon="11.387809133157134">
        <ele>417.38999999999999</ele>
      </trkpt>
      <trkpt lat="48.752830009907484" lon="11.387950368225574">
        <ele>411.94999999999999</ele>
      </trkpt>
      <trkpt lat="48.752860687673092" lon="11.388079952448606">
        <ele>412.06999999999999</ele>
      </trkpt>
      <trkpt lat="48.752906620502472" lon="11.388211296871305">
        <ele>412.38</ele>
      </trkpt>
      <trkpt lat="48.752957498654723" lon="11.388331158086658">
        <ele>413.75999999999999</ele>
      </trkpt>
      <trkpt lat="48.752951128408313" lon="11.388468788936734">
        <ele>414.81999999999999</ele>
      </trkpt>
      <trkpt lat="48.752961941063404" lon="11.388605078682303">
        <ele>417.76999999999998</ele>
      </trkpt>
      <trkpt lat="48.75298909842968" lon="11.388735165819526">
        <ele>417.47000000000003</ele>
      </trkpt>
      <trkpt lat="48.753002760931849" lon="11.388871623203158">
        <ele>417.43000000000001</ele>
      </trkpt>
      <trkpt lat="48.753021201118827" lon="11.38901537284255">
        <ele>419.38</ele>
      </trkpt>
      <trkpt lat="48.753027990460396" lon="11.389154344797134">
        <ele>419.32999999999998</ele>
      </trkpt>
      <trkpt lat="48.753071408718824" lon="11.389285186305642">
        <ele>420.48000000000002</ele>
      </trkpt>
      <trkpt lat="48.753065792843699" lon="11.38942826539278">
        <ele>420.13999999999999</ele>
      </trkpt>
      <trkpt lat="48.753033522516489" lon="11.389564387500286">
        <ele>420.05000000000001</ele>
      </trkpt>
      <trkpt lat="48.752990271896124" lon="11.38969698920846">
        <ele>422.75</ele>
      </trkpt>
      <trkpt lat="48.752935035154223" lon="11.389819700270891">
        <ele>422.77999999999997</ele>
      </trkpt>
      <trkpt lat="48.752881893888116" lon="11.389953726902604">
        <ele>421.38</ele>
      </trkpt>
      <trkpt lat="48.75282640568912" lon="11.390065792948008">
        <ele>420.22000000000003</ele>
      </trkpt>
      <trkpt lat="48.752738982439041" lon="11.390128489583731">
        <ele>418.92000000000002</ele>
      </trkpt>
      <trkpt lat="48.752664551138878" lon="11.390227396041155">
        <ele>417.06999999999999</ele>
      </trkpt>
      <trkpt lat="48.752597328275442" lon="11.39032831415534">
        <ele>417.52999999999997</ele>
      </trkpt>
      <trkpt lat="48.75253077596426" lon="11.390421353280544">
        <ele>419.98000000000002</ele>
      </trkpt>
      <trkpt lat="48.752469923347235" lon="11.390525288879871">
        <ele>421.95999999999998</ele>
      </trkpt>
      <trkpt lat="48.752399599179626" lon="11.390627464279532">
        <ele>424.54000000000002</ele>
      </trkpt>
      <trkpt lat="48.752332208678126" lon="11.390728550031781">
        <ele>428.29000000000002</ele>
      </trkpt>
      <trkpt lat="48.752263728529215" lon="11.390822259709239">
        <ele>429.75</ele>
      </trkpt>
      <trkpt lat="48.75218384899199" lon="11.39094203710556">
        <ele>430.75</ele>
      </trkpt>
      <trkpt lat="48.752100951969624" lon="11.391005488112569">
        <ele>430.00999999999999</ele>
      </trkpt>
      <trkpt lat="48.752006320282817" lon="11.391033818945289">
        <ele>429.42000000000002</ele>
      </trkpt>
      <trkpt lat="48.75191462226212" lon="11.390972044318914">
        <ele>429.94</ele>
      </trkpt>
      <trkpt lat="48.75186625868082" lon="11.390841789543629">
        <ele>428.62</ele>
      </trkpt>
      <trkpt lat="48.751828791573644" lon="11.390707343816757">
        <ele>424.81</ele>
      </trkpt>
      <trkpt lat="48.751811189576983" lon="11.390562085434794">
        <ele>424.75</ele>
      </trkpt>
      <trkpt lat="48.751756707206368" lon="11.390447253361344">
        <ele>424.02999999999997</ele>
      </trkpt>
      <trkpt lat="48.751701135188341" lon="11.390337869524956">
        <ele>422.02999999999997</ele>
      </trkpt>
      <trkpt lat="48.751643970608711" lon="11.390229826793075">
        <ele>417.66000000000003</ele>
      </trkpt>
      <trkpt lat="48.751607509329915" lon="11.390097057446837">
        <ele>418.06999999999999</ele>
      </trkpt>
      <trkpt lat="48.751559313386679" lon="11.389976777136326">
        <ele>422.07999999999998</ele>
      </trkpt>
      <trkpt lat="48.751468788832426" lon="11.389946937561035">
        <ele>421.19</ele>
      </trkpt>
      <trkpt lat="48.751371474936604" lon="11.389955654740334">
        <ele>422.61000000000001</ele>
      </trkpt>
      <trkpt lat="48.75127550214529" lon="11.389971245080233">
        <ele>425.18000000000001</ele>
      </trkpt>
      <trkpt lat="48.751182798296213" lon="11.389970406889915">
        <ele>426.11000000000001</ele>
      </trkpt>
      <trkpt lat="48.751092022284865" lon="11.389967054128647">
        <ele>425.98000000000002</ele>
      </trkpt>
      <trkpt lat="48.751028152182698" lon="11.389848282560706">
        <ele>425.73000000000002</ele>
      </trkpt>
      <trkpt lat="48.750997809693217" lon="11.389710148796439">
        <ele>426.06</ele>
      </trkpt>
      <trkpt lat="48.75094810500741" lon="11.389582995325327">
        <ele>425.25999999999999</ele>
      </trkpt>
      <trkpt lat="48.750929245725274" lon="11.38943656347692">
        <ele>424.35000000000002</ele>
      </trkpt>
      <trkpt lat="48.750873506069183" lon="11.389321479946375">
        <ele>421.94999999999999</ele>
      </trkpt>
      <trkpt lat="48.750807456672192" lon="11.389207569882274">
        <ele>420.36000000000001</ele>
      </trkpt>
      <trkpt lat="48.750778120011091" lon="11.389076057821512">
        <ele>421.31</ele>
      </trkpt>
      <trkpt lat="48.750732103362679" lon="11.388953262940049">
        <ele>422.14999999999998</ele>
      </trkpt>
      <trkpt lat="48.750639650970697" lon="11.388902720063925">
        <ele>422.38</ele>
      </trkpt>
      <trkpt lat="48.750529177486897" lon="11.388869695365429">
        <ele>423.49000000000001</ele>
      </trkpt>
      <trkpt lat="48.750434797257185" lon="11.388857876881957">
        <ele>424.41000000000003</ele>
      </trkpt>
      <trkpt lat="48.750342428684235" lon="11.388837425038218">
        <ele>422.94999999999999</ele>
      </trkpt>
      <trkpt lat="48.750257520005107" lon="11.388752600178123">
        <ele>421.07999999999998</ele>
      </trkpt>
      <trkpt lat="48.750196499750018" lon="11.388650089502335">
        <ele>420.04000000000002</ele>
      </trkpt>
      <trkpt lat="48.750230530276895" lon="11.38853358104825">
        <ele>417.38999999999999</ele>
      </trkpt>
      <trkpt lat="48.750143023207784" lon="11.388467447832227">
        <ele>417.43000000000001</ele>
      </trkpt>
      <trkpt lat="48.750050151720643" lon="11.388448169454932">
        <ele>417.10000000000002</ele>
      </trkpt>
      <trkpt lat="48.749960213899612" lon="11.388440458104014">
        <ele>417.00999999999999</ele>
      </trkpt>
      <trkpt lat="48.749865330755711" lon="11.38842461630702">
        <ele>418.56</ele>
      </trkpt>
      <trkpt lat="48.749772878363729" lon="11.388375163078308">
        <ele>419.77999999999997</ele>
      </trkpt>
      <trkpt lat="48.749685538932681" lon="11.388323614373803">
        <ele>420.02999999999997</ele>
      </trkpt>
      <trkpt lat="48.749589649960399" lon="11.388291427865624">
        <ele>418.44</ele>
      </trkpt>
      <trkpt lat="48.7495032325387" lon="11.388233006000519">
        <ele>418.82999999999998</ele>
      </trkpt>
      <trkpt lat="48.749416982755065" lon="11.388166872784495">
        <ele>418.42000000000002</ele>
      </trkpt>
      <trkpt lat="48.749339282512665" lon="11.388096129521728">
        <ele>417.98000000000002</ele>
      </trkpt>
      <trkpt lat="48.749252865090966" lon="11.38805665075779">
        <ele>417.25</ele>
      </trkpt>
      <trkpt lat="48.749156054109335" lon="11.388022787868977">
        <ele>416.44</ele>
      </trkpt>
      <trkpt lat="48.749071480706334" lon="11.387966796755791">
        <ele>416.61000000000001</ele>
      </trkpt>
      <trkpt lat="48.748973915353417" lon="11.38799998909235">
        <ele>415.58999999999997</ele>
      </trkpt>
      <trkpt lat="48.748883306980133" lon="11.3880630210042">
        <ele>415.13</ele>
      </trkpt>
      <trkpt lat="48.74879227951169" lon="11.38812655583024">
        <ele>415.56</ele>
      </trkpt>
      <trkpt lat="48.7487140763551" lon="11.3882115483284">
        <ele>416.85000000000002</ele>
      </trkpt>
      <trkpt lat="48.748628329485655" lon="11.38826334849">
        <ele>417.97000000000003</ele>
      </trkpt>
      <trkpt lat="48.748549036681652" lon="11.388343311846256">
        <ele>417.29000000000002</ele>
      </trkpt>
      <trkpt lat="48.748472258448601" lon="11.388428974896669">
        <ele>416.33999999999997</ele>
      </trkpt>
      <trkpt lat="48.748394725844264" lon="11.388527294620872">
        <ele>415.22000000000003</ele>
      </trkpt>
      <trkpt lat="48.748306715860963" lon="11.388620501384139">
        <ele>414.32999999999998</ele>
      </trkpt>
      <trkpt lat="48.748236391693354" lon="11.388719156384468">
        <ele>414.85000000000002</ele>
      </trkpt>
      <trkpt lat="48.748163552954793" lon="11.388803813606501">
        <ele>414.49000000000001</ele>
      </trkpt>
      <trkpt lat="48.748092306777835" lon="11.388898026198149">
        <ele>415.02999999999997</ele>
      </trkpt>
      <trkpt lat="48.748015277087688" lon="11.388996429741383">
        <ele>415.26999999999998</ele>
      </trkpt>
      <trkpt lat="48.747938247397542" lon="11.389069184660912">
        <ele>417.42000000000002</ele>
      </trkpt>
      <trkpt lat="48.74785702675581" lon="11.389149064198136">
        <ele>418.04000000000002</ele>
      </trkpt>
      <trkpt lat="48.747778153046966" lon="11.389237493276596">
        <ele>417.80000000000001</ele>
      </trkpt>
      <trkpt lat="48.747692741453648" lon="11.389309577643871">
        <ele>419.22000000000003</ele>
      </trkpt>
      <trkpt lat="48.747616717591882" lon="11.389404041692615">
        <ele>419.88</ele>
      </trkpt>
      <trkpt lat="48.747536167502403" lon="11.389480903744698">
        <ele>419.85000000000002</ele>
      </trkpt>
      <trkpt lat="48.747451594099402" lon="11.389557933434844">
        <ele>422.04000000000002</ele>
      </trkpt>
      <trkpt lat="48.747379761189222" lon="11.389645356684923">
        <ele>423.56999999999999</ele>
      </trkpt>
      <trkpt lat="48.747306419536471" lon="11.389736048877239">
        <ele>423.97000000000003</ele>
      </trkpt>
      <trkpt lat="48.747243219986558" lon="11.389835709705949">
        <ele>422.88</ele>
      </trkpt>
      <trkpt lat="48.747196616604924" lon="11.389964455738664">
        <ele>421.27999999999997</ele>
      </trkpt>
      <trkpt lat="48.747133584693074" lon="11.390067720785737">
        <ele>419.12</ele>
      </trkpt>
      <trkpt lat="48.747055381536484" lon="11.390163861215115">
        <ele>416.62</ele>
      </trkpt>
      <trkpt lat="48.746993942186236" lon="11.390266790986061">
        <ele>415.5</ele>
      </trkpt>
      <trkpt lat="48.746914314106107" lon="11.39035027474165">
        <ele>416.17000000000002</ele>
      </trkpt>
      <trkpt lat="48.746850108727813" lon="11.390458988025784">
        <ele>415.91000000000003</ele>
      </trkpt>
      <trkpt lat="48.746836027130485" lon="11.390596702694893">
        <ele>414.80000000000001</ele>
      </trkpt>
      <trkpt lat="48.746857903897762" lon="11.390731986612082">
        <ele>414.75</ele>
      </trkpt>
      <trkpt lat="48.746877182275057" lon="11.390866013243794">
        <ele>413.91000000000003</ele>
      </trkpt>
      <trkpt lat="48.746939543634653" lon="11.390978498384356">
        <ele>413.18000000000001</ele>
      </trkpt>
      <trkpt lat="48.746987152844667" lon="11.391106406226754">
        <ele>410.82999999999998</ele>
      </trkpt>
      <trkpt lat="48.747057896107435" lon="11.391207659617066">
        <ele>409.88</ele>
      </trkpt>
      <trkpt lat="48.747140625491738" lon="11.391277313232422">
        <ele>409.88</ele>
      </trkpt>
      <trkpt lat="48.747201645746827" lon="11.391401281580329">
        <ele>410.27999999999997</ele>
      </trkpt>
      <trkpt lat="48.747268030419946" lon="11.391499517485499">
        <ele>409.97000000000003</ele>
      </trkpt>
      <trkpt lat="48.747330559417605" lon="11.391615942120552">
        <ele>410.76999999999998</ele>
      </trkpt>
      <trkpt lat="48.747400799766183" lon="11.39170914888382">
        <ele>412.35000000000002</ele>
      </trkpt>
      <trkpt lat="48.747452851384878" lon="11.391823310405016">
        <ele>411.75999999999999</ele>
      </trkpt>
      <trkpt lat="48.747536335140467" lon="11.391901094466448">
        <ele>412.24000000000001</ele>
      </trkpt>
      <trkpt lat="48.747615795582533" lon="11.391979129984975">
        <ele>414.94</ele>
      </trkpt>
      <trkpt lat="48.74766843393445" lon="11.392091196030378">
        <ele>414.41000000000003</ele>
      </trkpt>
      <trkpt lat="48.747740602120757" lon="11.392185492441058">
        <ele>415.33999999999997</ele>
      </trkpt>
      <trkpt lat="48.747817883267999" lon="11.392273250967264">
        <ele>414.87</ele>
      </trkpt>
      <trkpt lat="48.747911425307393" lon="11.392317591235042">
        <ele>415.92000000000002</ele>
      </trkpt>
      <trkpt lat="48.747996501624584" lon="11.392371319234371">
        <ele>415.33999999999997</ele>
      </trkpt>
      <trkpt lat="48.748074118047953" lon="11.392454635351896">
        <ele>415.64999999999998</ele>
      </trkpt>
      <trkpt lat="48.748164139688015" lon="11.392528899013996">
        <ele>416.24000000000001</ele>
      </trkpt>
      <trkpt lat="48.748237565159798" lon="11.392616322264075">
        <ele>417.08999999999997</ele>
      </trkpt>
      <trkpt lat="48.748324569314718" lon="11.392668457701802">
        <ele>416.24000000000001</ele>
      </trkpt>
      <trkpt lat="48.748397491872311" lon="11.3927514385432">
        <ele>414.50999999999999</ele>
      </trkpt>
      <trkpt lat="48.748480807989836" lon="11.392829222604632">
        <ele>413.70999999999998</ele>
      </trkpt>
      <trkpt lat="48.748576194047928" lon="11.392868869006634">
        <ele>414.18000000000001</ele>
      </trkpt>
      <trkpt lat="48.748673256486654" lon="11.392885046079755">
        <ele>415.85000000000002</ele>
      </trkpt>
      <trkpt lat="48.748762691393495" lon="11.392866605892777">
        <ele>417.69999999999999</ele>
      </trkpt>
      <trkpt lat="48.748860843479633" lon="11.392842466011643">
        <ele>417.98000000000002</ele>
      </trkpt>
      <trkpt lat="48.748961091041565" lon="11.392829306423664">
        <ele>418.24000000000001</ele>
      </trkpt>
      <trkpt lat="48.749052369967103" lon="11.39283936470747">
        <ele>417.14999999999998</ele>
      </trkpt>
      <trkpt lat="48.749144487082958" lon="11.392877670004964">
        <ele>417.97000000000003</ele>
      </trkpt>
      <trkpt lat="48.749238448217511" lon="11.392883537337184">
        <ele>417.99000000000001</ele>
      </trkpt>
      <trkpt lat="48.749327547848225" lon="11.392923770472407">
        <ele>417.41000000000003</ele>
      </trkpt>
      <trkpt lat="48.749416982755065" lon="11.392940450459719">
        <ele>417.58999999999997</ele>
      </trkpt>
      <trkpt lat="48.74950516037643" lon="11.392992166802287">
        <ele>418.22000000000003</ele>
      </trkpt>
      <trkpt lat="48.749574646353722" lon="11.393094761297107">
        <ele>419.04000000000002</ele>
      </trkpt>
      <trkpt lat="48.749650586396456" lon="11.393169024959207">
        <ele>419.98000000000002</ele>
      </trkpt>
      <trkpt lat="48.749746978282928" lon="11.393209341913462">
        <ele>420.60000000000002</ele>
      </trkpt>
      <trkpt lat="48.749840520322323" lon="11.393240187317133">
        <ele>418.54000000000002</ele>
      </trkpt>
      <trkpt lat="48.749921238049865" lon="11.393314115703106">
        <ele>416.79000000000002</ele>
      </trkpt>
      <trkpt lat="48.750009248033166" lon="11.393383853137493">
        <ele>417.45999999999998</ele>
      </trkpt>
      <trkpt lat="48.750098180025816" lon="11.393437078222632">
        <ele>417.27999999999997</ele>
      </trkpt>
      <trkpt lat="48.750188034027815" lon="11.393475886434317">
        <ele>416.25</ele>
      </trkpt>
      <trkpt lat="48.750281492248178" lon="11.393520478159189">
        <ele>416.08999999999997</ele>
      </trkpt>
      <trkpt lat="48.750369921326637" lon="11.39357378706336">
        <ele>416.52999999999997</ele>
      </trkpt>
      <trkpt lat="48.750448459759355" lon="11.393662551417947">
        <ele>416.87</ele>
      </trkpt>
      <trkpt lat="48.750506797805429" lon="11.393779730424285">
        <ele>418.10000000000002</ele>
      </trkpt>
      <trkpt lat="48.750589191913605" lon="11.39384645037353">
        <ele>417.89999999999998</ele>
      </trkpt>
      <trkpt lat="48.750675860792398" lon="11.393929598852992">
        <ele>417.42000000000002</ele>
      </trkpt>
      <trkpt lat="48.750761188566685" lon="11.393988020718098">
        <ele>416.63999999999999</ele>
      </trkpt>
      <trkpt lat="48.750850539654493" lon="11.394040491431952">
        <ele>415.88999999999999</ele>
      </trkpt>
      <trkpt lat="48.750939723104239" lon="11.394081898033619">
        <ele>416.75</ele>
      </trkpt>
      <trkpt lat="48.751026224344969" lon="11.394139062613249">
        <ele>418.72000000000003</ele>
      </trkpt>
      <trkpt lat="48.751117922365665" lon="11.394192120060325">
        <ele>418.35000000000002</ele>
      </trkpt>
      <trkpt lat="48.751201238483191" lon="11.394244926050305">
        <ele>417.49000000000001</ele>
      </trkpt>
      <trkpt lat="48.751284470781684" lon="11.394303934648633">
        <ele>417.23000000000002</ele>
      </trkpt>
      <trkpt lat="48.751374408602715" lon="11.394371073693037">
        <ele>416.83999999999997</ele>
      </trkpt>
      <trkpt lat="48.751458646729589" lon="11.394442403689027">
        <ele>417</ele>
      </trkpt>
      <trkpt lat="48.75155059620738" lon="11.394504010677338">
        <ele>416.94999999999999</ele>
      </trkpt>
      <trkpt lat="48.751624608412385" lon="11.394588500261307">
        <ele>415.97000000000003</ele>
      </trkpt>
      <trkpt lat="48.751703146845102" lon="11.394668379798532">
        <ele>414.66000000000003</ele>
      </trkpt>
      <trkpt lat="48.751780427992344" lon="11.394742140546441">
        <ele>413.12</ele>
      </trkpt>
      <trkpt lat="48.751870198175311" lon="11.394819421693683">
        <ele>412.81999999999999</ele>
      </trkpt>
      <trkpt lat="48.751951083540916" lon="11.394883207976818">
        <ele>414.45999999999998</ele>
      </trkpt>
      <trkpt lat="48.752026353031397" lon="11.3949722237885">
        <ele>414.81</ele>
      </trkpt>
      <trkpt lat="48.752107908949256" lon="11.395041290670633">
        <ele>415.18000000000001</ele>
      </trkpt>
      <trkpt lat="48.752173036336899" lon="11.395143046975136">
        <ele>416.63</ele>
      </trkpt>
      <trkpt lat="48.752243360504508" lon="11.395228458568454">
        <ele>417.61000000000001</ele>
      </trkpt>
      <trkpt lat="48.752308990806341" lon="11.395329795777798">
        <ele>417.17000000000002</ele>
      </trkpt>
      <trkpt lat="48.752372525632381" lon="11.39545108191669">
        <ele>415.56</ele>
      </trkpt>
      <trkpt lat="48.752453746274114" lon="11.395543282851577">
        <ele>412.73000000000002</ele>
      </trkpt>
      <trkpt lat="48.752519292756915" lon="11.395650571212173">
        <ele>412.56999999999999</ele>
      </trkpt>
      <trkpt lat="48.752577044069767" lon="11.395768756046891">
        <ele>413.47000000000003</ele>
      </trkpt>
      <trkpt lat="48.752640830352902" lon="11.395876463502645">
        <ele>413.93000000000001</ele>
      </trkpt>
      <trkpt lat="48.752730349078774" lon="11.395940165966749">
        <ele>412.23000000000002</ele>
      </trkpt>
      <trkpt lat="48.752803942188621" lon="11.396028678864241">
        <ele>411.75999999999999</ele>
      </trkpt>
      <trkpt lat="48.752876194193959" lon="11.396111827343702">
        <ele>411.04000000000002</ele>
      </trkpt>
      <trkpt lat="48.752948110923171" lon="11.396211069077253">
        <ele>411.72000000000003</ele>
      </trkpt>
      <trkpt lat="48.752999156713486" lon="11.396328583359718">
        <ele>413.37</ele>
      </trkpt>
      <trkpt lat="48.753069816157222" lon="11.396440900862217">
        <ele>413.19999999999999</ele>
      </trkpt>
      <trkpt lat="48.753140140324831" lon="11.39652849175036">
        <ele>411.22000000000003</ele>
      </trkpt>
      <trkpt lat="48.753196885809302" lon="11.396643156185746">
        <ele>407.44</ele>
      </trkpt>
      <trkpt lat="48.753265282139182" lon="11.396748516708612">
        <ele>402.48000000000002</ele>
      </trkpt>
      <trkpt lat="48.753327140584588" lon="11.396858738735318">
        <ele>397.07999999999998</ele>
      </trkpt>
      <trkpt lat="48.753407523036003" lon="11.396944569423795">
        <ele>392.79000000000002</ele>
      </trkpt>
      <trkpt lat="48.753477931022644" lon="11.39703718945384">
        <ele>395.07999999999998</ele>
      </trkpt>
      <trkpt lat="48.753510704264045" lon="11.397164091467857">
        <ele>401.42000000000002</ele>
      </trkpt>
      <trkpt lat="48.753555882722139" lon="11.397294094786048">
        <ele>403.75</ele>
      </trkpt>
      <trkpt lat="48.753580944612622" lon="11.397431641817093">
        <ele>404.79000000000002</ele>
      </trkpt>
      <trkpt lat="48.753599552437663" lon="11.397568434476852">
        <ele>405.69</ele>
      </trkpt>
      <trkpt lat="48.753610113635659" lon="11.397713525220752">
        <ele>406.24000000000001</ele>
      </trkpt>
      <trkpt lat="48.753614220768213" lon="11.397858280688524">
        <ele>407.30000000000001</ele>
      </trkpt>
      <trkpt lat="48.753575077280402" lon="11.397990044206381">
        <ele>412.44</ele>
      </trkpt>
      <trkpt lat="48.753531826660037" lon="11.398132536560297">
        <ele>412.60000000000002</ele>
      </trkpt>
      <trkpt lat="48.753492850810289" lon="11.398257678374648">
        <ele>413.63999999999999</ele>
      </trkpt>
      <trkpt lat="48.753435267135501" lon="11.398374605923891">
        <ele>414.88</ele>
      </trkpt>
      <trkpt lat="48.753373827785254" lon="11.398483403027058">
        <ele>416.26999999999998</ele>
      </trkpt>
      <trkpt lat="48.753302078694105" lon="11.398596726357937">
        <ele>418.69</ele>
      </trkpt>
      <trkpt lat="48.753228904679418" lon="11.398688340559602">
        <ele>419.16000000000003</ele>
      </trkpt>
      <trkpt lat="48.75314399600029" lon="11.398763190954924">
        <ele>419.56999999999999</ele>
      </trkpt>
      <trkpt lat="48.753052549436688" lon="11.398762268945575">
        <ele>417.88999999999999</ele>
      </trkpt>
      <trkpt lat="48.752962360158563" lon="11.39876595698297">
        <ele>417.52999999999997</ele>
      </trkpt>
      <trkpt lat="48.752870075404644" lon="11.398807698860765">
        <ele>417.75</ele>
      </trkpt>
      <trkpt lat="48.752785585820675" lon="11.398864528164268">
        <ele>416.13999999999999</ele>
      </trkpt>
      <trkpt lat="48.752704951912165" lon="11.398930074647069">
        <ele>415.41000000000003</ele>
      </trkpt>
      <trkpt lat="48.752626497298479" lon="11.399009870365262">
        <ele>415.16000000000003</ele>
      </trkpt>
      <trkpt lat="48.752538068220019" lon="11.399049265310168">
        <ele>414.88999999999999</ele>
      </trkpt>
      <trkpt lat="48.752439664676785" lon="11.399059239774942">
        <ele>414.31</ele>
      </trkpt>
      <trkpt lat="48.752351738512516" lon="11.398999812081456">
        <ele>415.85000000000002</ele>
      </trkpt>
      <trkpt lat="48.752264734357595" lon="11.398953376337886">
        <ele>416.87</ele>
      </trkpt>
      <trkpt lat="48.752169767394662" lon="11.398882549256086">
        <ele>415.32999999999998</ele>
      </trkpt>
      <trkpt lat="48.752094078809023" lon="11.398803507909179">
        <ele>416.10000000000002</ele>
      </trkpt>
      <trkpt lat="48.752004476264119" lon="11.398740978911519">
        <ele>416.36000000000001</ele>
      </trkpt>
      <trkpt lat="48.751914454624057" lon="11.398713737726212">
        <ele>417.17000000000002</ele>
      </trkpt>
      <trkpt lat="48.75182325951755" lon="11.398688005283475">
        <ele>415.97000000000003</ele>
      </trkpt>
      <trkpt lat="48.751733154058456" lon="11.398624638095498">
        <ele>418.44</ele>
      </trkpt>
      <trkpt lat="48.751640366390347" lon="11.398585075512528">
        <ele>419.42000000000002</ele>
      </trkpt>
      <trkpt lat="48.751549003645778" lon="11.398545848205686">
        <ele>418.68000000000001</ele>
      </trkpt>
      <trkpt lat="48.751455880701542" lon="11.398541573435068">
        <ele>418.17000000000002</ele>
      </trkpt>
      <trkpt lat="48.751366278156638" lon="11.39852112159133">
        <ele>417.73000000000002</ele>
      </trkpt>
      <trkpt lat="48.751268126070499" lon="11.398524474352598">
        <ele>416.91000000000003</ele>
      </trkpt>
      <trkpt lat="48.751183552667499" lon="11.398571748286486">
        <ele>415.30000000000001</ele>
      </trkpt>
      <trkpt lat="48.751100990921259" lon="11.398629080504179">
        <ele>413.39999999999998</ele>
      </trkpt>
      <trkpt lat="48.751038881018758" lon="11.398742655292153">
        <ele>412.89999999999998</ele>
      </trkpt>
      <trkpt lat="48.750985823571682" lon="11.398854218423367">
        <ele>413.19999999999999</ele>
      </trkpt>
      <trkpt lat="48.750953385606408" lon="11.398984892293811">
        <ele>413.19999999999999</ele>
      </trkpt>
      <trkpt lat="48.750937962904572" lon="11.399126295000315">
        <ele>412.70999999999998</ele>
      </trkpt>
      <trkpt lat="48.75092513859272" lon="11.39926484785974">
        <ele>412.73000000000002</ele>
      </trkpt>
      <trkpt lat="48.750863447785378" lon="11.399380685761571">
        <ele>416.31</ele>
      </trkpt>
      <trkpt lat="48.750844253227115" lon="11.39952577650547">
        <ele>416.91000000000003</ele>
      </trkpt>
      <trkpt lat="48.750829249620438" lon="11.399674639105797">
        <ele>417.25</ele>
      </trkpt>
      <trkpt lat="48.75082547776401" lon="11.399826519191265">
        <ele>417.32999999999998</ele>
      </trkpt>
      <trkpt lat="48.750876355916262" lon="11.399940345436335">
        <ele>417.94999999999999</ele>
      </trkpt>
      <trkpt lat="48.750879960134625" lon="11.400083927437663">
        <ele>418.47000000000003</ele>
      </trkpt>
      <trkpt lat="48.750890605151653" lon="11.400230107828975">
        <ele>417.54000000000002</ele>
      </trkpt>
      <trkpt lat="48.750917930155993" lon="11.400370839983225">
        <ele>417.29000000000002</ele>
      </trkpt>
      <trkpt lat="48.75095154158771" lon="11.400497071444988">
        <ele>415.88999999999999</ele>
      </trkpt>
      <trkpt lat="48.750963108614087" lon="11.400642581284046">
        <ele>415.12</ele>
      </trkpt>
      <trkpt lat="48.751009292900562" lon="11.400774177163839">
        <ele>416.44</ele>
      </trkpt>
      <trkpt lat="48.751053381711245" lon="11.40090468339622">
        <ele>416.85000000000002</ele>
      </trkpt>
      <trkpt lat="48.751007029786706" lon="11.400753306224942">
        <ele>424.30000000000001</ele>
      </trkpt>
      <trkpt lat="48.75105950050056" lon="11.400870820507407">
        <ele>422.29000000000002</ele>
      </trkpt>
      <trkpt lat="48.751029493287206" lon="11.401025718078017">
        <ele>421.12</ele>
      </trkpt>
      <trkpt lat="48.751004934310913" lon="11.401169802993536">
        <ele>420.98000000000002</ele>
      </trkpt>
      <trkpt lat="48.751006191596389" lon="11.401328220963478">
        <ele>419.75999999999999</ele>
      </trkpt>
      <trkpt lat="48.750994121655822" lon="11.401488063856959">
        <ele>420.63</ele>
      </trkpt>
      <trkpt lat="48.750998396426439" lon="11.401629047468305">
        <ele>421.85000000000002</ele>
      </trkpt>
      <trkpt lat="48.7510418985039" lon="11.401757290586829">
        <ele>420.19</ele>
      </trkpt>
      <trkpt lat="48.75101993791759" lon="11.401892742142081">
        <ele>419.44999999999999</ele>
      </trkpt>
      <trkpt lat="48.750984566286206" lon="11.40202609822154">
        <ele>420.88999999999999</ele>
      </trkpt>
      <trkpt lat="48.750927736982703" lon="11.402135230600834">
        <ele>421.18000000000001</ele>
      </trkpt>
      <trkpt lat="48.750937208533287" lon="11.40228115953505">
        <ele>421.25999999999999</ele>
      </trkpt>
      <trkpt lat="48.750951876863837" lon="11.402431279420853">
        <ele>420.87</ele>
      </trkpt>
      <trkpt lat="48.750957576557994" lon="11.402581483125687">
        <ele>420.57999999999998</ele>
      </trkpt>
      <trkpt lat="48.750931425020099" lon="11.402721544727683">
        <ele>419.18000000000001</ele>
      </trkpt>
      <trkpt lat="48.750892449170351" lon="11.402858337387443">
        <ele>421.19999999999999</ele>
      </trkpt>
      <trkpt lat="48.750848276540637" lon="11.402996638789773">
        <ele>419.68000000000001</ele>
      </trkpt>
      <trkpt lat="48.750787507742643" lon="11.403109626844525">
        <ele>421.44999999999999</ele>
      </trkpt>
      <trkpt lat="48.750729840248823" lon="11.40321590937674">
        <ele>423.72000000000003</ele>
      </trkpt>
      <trkpt lat="48.75066177919507" lon="11.403324203565717">
        <ele>426.44</ele>
      </trkpt>
      <trkpt lat="48.750573182478547" lon="11.403379691764712">
        <ele>425.82999999999998</ele>
      </trkpt>
      <trkpt lat="48.750493973493576" lon="11.403455212712288">
        <ele>426.92000000000002</ele>
      </trkpt>
      <trkpt lat="48.750426918268204" lon="11.40356183052063">
        <ele>425.89999999999998</ele>
      </trkpt>
      <trkpt lat="48.750349720939994" lon="11.403657719492912">
        <ele>421.88</ele>
      </trkpt>
      <trkpt lat="48.750287778675556" lon="11.403756877407432">
        <ele>421.33999999999997</ele>
      </trkpt>
      <trkpt lat="48.75018778257072" lon="11.403767438605428">
        <ele>423.24000000000001</ele>
      </trkpt>
      <trkpt lat="48.750092731788754" lon="11.403788980096579">
        <ele>424.25</ele>
      </trkpt>
      <trkpt lat="48.749999105930328" lon="11.403817310929298">
        <ele>422</ele>
      </trkpt>
      <trkpt lat="48.749903300777078" lon="11.403814041987062">
        <ele>419.04000000000002</ele>
      </trkpt>
      <trkpt lat="48.749810596928" lon="11.403776742517948">
        <ele>419.87</ele>
      </trkpt>
      <trkpt lat="48.749748403206468" lon="11.403889143839478">
        <ele>419.07999999999998</ele>
      </trkpt>
      <trkpt lat="48.749759299680591" lon="11.404035659506917">
        <ele>418.14999999999998</ele>
      </trkpt>
      <trkpt lat="48.749732812866569" lon="11.404184270650148">
        <ele>420.36000000000001</ele>
      </trkpt>
      <trkpt lat="48.749767765402794" lon="11.404316117987037">
        <ele>419.72000000000003</ele>
      </trkpt>
      <trkpt lat="48.749824175611138" lon="11.404422232881188">
        <ele>418.31</ele>
      </trkpt>
      <trkpt lat="48.749823337420821" lon="11.404566569253802">
        <ele>417.52999999999997</ele>
      </trkpt>
      <trkpt lat="48.749827360734344" lon="11.40470327809453">
        <ele>415.93000000000001</ele>
      </trkpt>
      <trkpt lat="48.749854434281588" lon="11.404841579496861">
        <ele>417.07999999999998</ele>
      </trkpt>
      <trkpt lat="48.749871449545026" lon="11.404982060194016">
        <ele>417.50999999999999</ele>
      </trkpt>
      <trkpt lat="48.749903049319983" lon="11.405112817883492">
        <ele>417.29000000000002</ele>
      </trkpt>
      <trkpt lat="48.749889889732003" lon="11.405253047123551">
        <ele>416.43000000000001</ele>
      </trkpt>
      <trkpt lat="48.749909084290266" lon="11.405396293848753">
        <ele>413.37</ele>
      </trkpt>
      <trkpt lat="48.74994789250195" lon="11.405530236661434">
        <ele>412.88999999999999</ele>
      </trkpt>
      <trkpt lat="48.749976977705956" lon="11.405676249414682">
        <ele>412.94999999999999</ele>
      </trkpt>
      <trkpt lat="48.749991394579411" lon="11.405822681263089">
        <ele>412.79000000000002</ele>
      </trkpt>
      <trkpt lat="48.750009667128325" lon="11.405971124768257">
        <ele>412.77999999999997</ele>
      </trkpt>
      <trkpt lat="48.750043194741011" lon="11.4061139523983">
        <ele>411.49000000000001</ele>
      </trkpt>
      <trkpt lat="48.750043278560042" lon="11.406257450580597">
        <ele>411</ele>
      </trkpt>
      <trkpt lat="48.750097509473562" lon="11.406383933499455">
        <ele>409.20999999999998</ele>
      </trkpt>
      <trkpt lat="48.750159619376063" lon="11.406487366184592">
        <ele>408.00999999999999</ele>
      </trkpt>
      <trkpt lat="48.75023178756237" lon="11.406596079468727">
        <ele>408.32999999999998</ele>
      </trkpt>
      <trkpt lat="48.750270595774055" lon="11.406738571822643">
        <ele>408.92000000000002</ele>
      </trkpt>
      <trkpt lat="48.750282749533653" lon="11.406881986185908">
        <ele>410.47000000000003</ele>
      </trkpt>
      <trkpt lat="48.750306637957692" lon="11.407018108293414">
        <ele>410.47000000000003</ele>
      </trkpt>
      <trkpt lat="48.750336477532983" lon="11.407164540141821">
        <ele>410.37</ele>
      </trkpt>
      <trkpt lat="48.750361874699593" lon="11.407305188477039">
        <ele>412.62</ele>
      </trkpt>
      <trkpt lat="48.750384757295251" lon="11.407447932288051">
        <ele>412.94999999999999</ele>
      </trkpt>
      <trkpt lat="48.750409567728639" lon="11.407588915899396">
        <ele>413.47000000000003</ele>
      </trkpt>
      <trkpt lat="48.750421134755015" lon="11.4077371917665">
        <ele>413.13999999999999</ele>
      </trkpt>
      <trkpt lat="48.750458853319287" lon="11.407867530360818">
        <ele>413.33999999999997</ele>
      </trkpt>
      <trkpt lat="48.750513000413775" lon="11.407992420718074">
        <ele>412.99000000000001</ele>
      </trkpt>
      <trkpt lat="48.750521801412106" lon="11.408136170357466">
        <ele>411.94</ele>
      </trkpt>
      <trkpt lat="48.750614672899246" lon="11.408193754032254">
        <ele>411.99000000000001</ele>
      </trkpt>
      <trkpt lat="48.750693965703249" lon="11.408264329656959">
        <ele>414.20999999999998</ele>
      </trkpt>
      <trkpt lat="48.750747861340642" lon="11.408377569168806">
        <ele>417.05000000000001</ele>
      </trkpt>
      <trkpt lat="48.750690361484885" lon="11.40849893912673">
        <ele>416.06</ele>
      </trkpt>
      <trkpt lat="48.750649709254503" lon="11.408626846969128">
        <ele>416.18000000000001</ele>
      </trkpt>
      <trkpt lat="48.750639315694571" lon="11.408769506961107">
        <ele>416.49000000000001</ele>
      </trkpt>
      <trkpt lat="48.75064074061811" lon="11.408909652382135">
        <ele>417.41000000000003</ele>
      </trkpt>
      <trkpt lat="48.750629341229796" lon="11.409046445041895">
        <ele>418.66000000000003</ele>
      </trkpt>
      <trkpt lat="48.750683236867189" lon="11.409156331792474">
        <ele>417.97000000000003</ele>
      </trkpt>
      <trkpt lat="48.750742245465517" lon="11.409261608496308">
        <ele>417.47000000000003</ele>
      </trkpt>
      <trkpt lat="48.750768480822444" lon="11.409396640956402">
        <ele>417.73000000000002</ele>
      </trkpt>
      <trkpt lat="48.750774431973696" lon="11.409546425566077">
        <ele>418.92000000000002</ele>
      </trkpt>
      <trkpt lat="48.750827321782708" lon="11.409659245982766">
        <ele>418.26999999999998</ele>
      </trkpt>
      <trkpt lat="48.750857077538967" lon="11.409798888489604">
        <ele>421.00999999999999</ele>
      </trkpt>
      <trkpt lat="48.750908374786377" lon="11.409913217648864">
        <ele>421.12</ele>
      </trkpt>
      <trkpt lat="48.750948691740632" lon="11.410043891519308">
        <ele>418.95999999999998</ele>
      </trkpt>
      <trkpt lat="48.750969562679529" lon="11.410179091617465">
        <ele>416.37</ele>
      </trkpt>
      <trkpt lat="48.751019854098558" lon="11.410310016945004">
        <ele>415.75</ele>
      </trkpt>
      <trkpt lat="48.751063775271177" lon="11.410447061061859">
        <ele>416.99000000000001</ele>
      </trkpt>
      <trkpt lat="48.751100488007069" lon="11.410573292523623">
        <ele>418.01999999999998</ele>
      </trkpt>
      <trkpt lat="48.7511230353266" lon="11.410707822069526">
        <ele>417.06</ele>
      </trkpt>
      <trkpt lat="48.751143990084529" lon="11.4108507335186">
        <ele>416.60000000000002</ele>
      </trkpt>
      <trkpt lat="48.751152036711574" lon="11.410992639139295">
        <ele>416.01999999999998</ele>
      </trkpt>
      <trkpt lat="48.751076096668839" lon="11.411086851730943">
        <ele>414.93000000000001</ele>
      </trkpt>
      <trkpt lat="48.750993618741632" lon="11.411150889471173">
        <ele>416.01999999999998</ele>
      </trkpt>
      <trkpt lat="48.750928491353989" lon="11.411255076527596">
        <ele>416.54000000000002</ele>
      </trkpt>
      <trkpt lat="48.750842828303576" lon="11.411303021013737">
        <ele>415.44999999999999</ele>
      </trkpt>
      <trkpt lat="48.750751717016101" lon="11.411351468414068">
        <ele>416.14999999999998</ele>
      </trkpt>
      <trkpt lat="48.750679632648826" lon="11.411437215283513">
        <ele>417.67000000000002</ele>
      </trkpt>
      <trkpt lat="48.750591119751334" lon="11.4115035161376">
        <ele>417.70999999999998</ele>
      </trkpt>
      <trkpt lat="48.750506211072206" lon="11.411577695980668">
        <ele>419</ele>
      </trkpt>
      <trkpt lat="48.750425074249506" lon="11.411657156422734">
        <ele>421.69</ele>
      </trkpt>
      <trkpt lat="48.750344440340996" lon="11.411748183891177">
        <ele>423.29000000000002</ele>
      </trkpt>
      <trkpt lat="48.750267075374722" lon="11.411823369562626">
        <ele>424.38</ele>
      </trkpt>
      <trkpt lat="48.750190464779735" lon="11.411902662366629">
        <ele>425.64999999999998</ele>
      </trkpt>
      <trkpt lat="48.75010815449059" lon="11.411978015676141">
        <ele>427.94</ele>
      </trkpt>
      <trkpt lat="48.75002115033567" lon="11.412037527188659">
        <ele>430.36000000000001</ele>
      </trkpt>
      <trkpt lat="48.749932553619146" lon="11.412097541615367">
        <ele>428.42000000000002</ele>
      </trkpt>
      <trkpt lat="48.749848650768399" lon="11.412198459729552">
        <ele>426.81999999999999</ele>
      </trkpt>
      <trkpt lat="48.749763239175081" lon="11.412256713956594">
        <ele>424.94</ele>
      </trkpt>
      <trkpt lat="48.749664584174752" lon="11.412301138043404">
        <ele>425.31999999999999</ele>
      </trkpt>
      <trkpt lat="48.749591493979096" lon="11.412395685911179">
        <ele>423.27999999999997</ele>
      </trkpt>
      <trkpt lat="48.749498957768083" lon="11.412465758621693">
        <ele>420.99000000000001</ele>
      </trkpt>
      <trkpt lat="48.749409019947052" lon="11.41252082772553">
        <ele>419.29000000000002</ele>
      </trkpt>
      <trkpt lat="48.749315645545721" lon="11.412588972598314">
        <ele>419.81</ele>
      </trkpt>
      <trkpt lat="48.749227216467261" lon="11.412635408341885">
        <ele>420.44</ele>
      </trkpt>
      <trkpt lat="48.749134764075279" lon="11.412607245147228">
        <ele>420.76999999999998</ele>
      </trkpt>
      <trkpt lat="48.749072654172778" lon="11.41272216103971">
        <ele>420.56</ele>
      </trkpt>
      <trkpt lat="48.749111797660589" lon="11.412868173792958">
        <ele>420.67000000000002</ele>
      </trkpt>
      <trkpt lat="48.749197544530034" lon="11.412959536537528">
        <ele>419.57999999999998</ele>
      </trkpt>
      <trkpt lat="48.749276166781783" lon="11.413050312548876">
        <ele>419.43000000000001</ele>
      </trkpt>
      <trkpt lat="48.749318663030863" lon="11.413171095773578">
        <ele>418.45999999999998</ele>
      </trkpt>
      <trkpt lat="48.749376246705651" lon="11.413288023322821">
        <ele>418.13999999999999</ele>
      </trkpt>
      <trkpt lat="48.749446319416165" lon="11.413394054397941">
        <ele>420.35000000000002</ele>
      </trkpt>
      <trkpt lat="48.749484624713659" lon="11.413527075201273">
        <ele>420.66000000000003</ele>
      </trkpt>
      <trkpt lat="48.749553859233856" lon="11.413644170388579">
        <ele>418.75999999999999</ele>
      </trkpt>
      <trkpt lat="48.749636420980096" lon="11.413744585588574">
        <ele>415.49000000000001</ele>
      </trkpt>
      <trkpt lat="48.74972409568727" lon="11.413830667734146">
        <ele>411.52999999999997</ele>
      </trkpt>
      <trkpt lat="48.749808166176081" lon="11.413917168974876">
        <ele>408.92000000000002</ele>
      </trkpt>
      <trkpt lat="48.749905731528997" lon="11.413951702415943">
        <ele>409.05000000000001</ele>
      </trkpt>
      <trkpt lat="48.749967170879245" lon="11.414059661328793">
        <ele>409.55000000000001</ele>
      </trkpt>
      <trkpt lat="48.750040344893932" lon="11.414165860041976">
        <ele>409.69</ele>
      </trkpt>
      <trkpt lat="48.750102873891592" lon="11.414266945794225">
        <ele>409.63999999999999</ele>
      </trkpt>
      <trkpt lat="48.750165402889252" lon="11.414373647421598">
        <ele>408.81999999999999</ele>
      </trkpt>
      <trkpt lat="48.750224830582738" lon="11.414496023207903">
        <ele>407.92000000000002</ele>
      </trkpt>
      <trkpt lat="48.750233128666878" lon="11.414633234962821">
        <ele>406.93000000000001</ele>
      </trkpt>
      <trkpt lat="48.750340668484569" lon="11.414710599929094">
        <ele>406.57999999999998</ele>
      </trkpt>
      <trkpt lat="48.750420548021793" lon="11.414777571335435">
        <ele>406.35000000000002</ele>
      </trkpt>
      <trkpt lat="48.750474862754345" lon="11.414915453642607">
        <ele>406.04000000000002</ele>
      </trkpt>
      <trkpt lat="48.750531440600753" lon="11.415035231038928">
        <ele>406.61000000000001</ele>
      </trkpt>
      <trkpt lat="48.750608889386058" lon="11.415113601833582">
        <ele>406.85000000000002</ele>
      </trkpt>
      <trkpt lat="48.750673597678542" lon="11.415226925164461">
        <ele>407.10000000000002</ele>
      </trkpt>
      <trkpt lat="48.750727828592062" lon="11.41534460708499">
        <ele>407.52999999999997</ele>
      </trkpt>
      <trkpt lat="48.750824220478535" lon="11.415404621511698">
        <ele>407.26999999999998</ele>
      </trkpt>
      <trkpt lat="48.750904267653823" lon="11.415481399744749">
        <ele>407.95999999999998</ele>
      </trkpt>
      <trkpt lat="48.7509676348418" lon="11.415608301758766">
        <ele>410.19</ele>
      </trkpt>
      <trkpt lat="48.75102044083178" lon="11.415734030306339">
        <ele>410.79000000000002</ele>
      </trkpt>
      <trkpt lat="48.751095961779356" lon="11.415822375565767">
        <ele>412.18000000000001</ele>
      </trkpt>
      <trkpt lat="48.75117240473628" lon="11.415912481024861">
        <ele>410.31999999999999</ele>
      </trkpt>
      <trkpt lat="48.75118019990623" lon="11.416067210957408">
        <ele>410.47000000000003</ele>
      </trkpt>
      <trkpt lat="48.751254798844457" lon="11.416170559823513">
        <ele>408.00999999999999</ele>
      </trkpt>
      <trkpt lat="48.751335265114903" lon="11.416247840970755">
        <ele>409.43000000000001</ele>
      </trkpt>
      <trkpt lat="48.751374743878841" lon="11.416379101574421">
        <ele>413.36000000000001</ele>
      </trkpt>
      <trkpt lat="48.751466777175665" lon="11.416487479582429">
        <ele>414.56</ele>
      </trkpt>
      <trkpt lat="48.751547578722239" lon="11.416564509272575">
        <ele>414.75999999999999</ele>
      </trkpt>
      <trkpt lat="48.751593511551619" lon="11.416682694107294">
        <ele>414.72000000000003</ele>
      </trkpt>
      <trkpt lat="48.751639695838094" lon="11.416810937225819">
        <ele>414.88999999999999</ele>
      </trkpt>
      <trkpt lat="48.751707840710878" lon="11.416934737935662">
        <ele>416.57999999999998</ele>
      </trkpt>
      <trkpt lat="48.751794761046767" lon="11.41699718311429">
        <ele>416.26999999999998</ele>
      </trkpt>
      <trkpt lat="48.751849830150604" lon="11.417115284129977">
        <ele>415.14999999999998</ele>
      </trkpt>
      <trkpt lat="48.751903306692839" lon="11.417224751785398">
        <ele>415.42000000000002</ele>
      </trkpt>
      <trkpt lat="48.751978660002351" lon="11.417308067902923">
        <ele>414.87</ele>
      </trkpt>
      <trkpt lat="48.751998357474804" lon="11.417451901361346">
        <ele>416.17000000000002</ele>
      </trkpt>
      <trkpt lat="48.752055438235402" lon="11.417569248005748">
        <ele>419.14999999999998</ele>
      </trkpt>
      <trkpt lat="48.752136742696166" lon="11.417648205533624">
        <ele>419.64999999999998</ele>
      </trkpt>
      <trkpt lat="48.75214621424675" lon="11.417787931859493">
        <ele>419.97000000000003</ele>
      </trkpt>
      <trkpt lat="48.752191560342908" lon="11.417918941006064">
        <ele>419.12</ele>
      </trkpt>
      <trkpt lat="48.752171946689487" lon="11.418065037578344">
        <ele>420.79000000000002</ele>
      </trkpt>
      <trkpt lat="48.752158954739571" lon="11.418199986219406">
        <ele>419.86000000000001</ele>
      </trkpt>
      <trkpt lat="48.752227770164609" lon="11.418303502723575">
        <ele>419.41000000000003</ele>
      </trkpt>
      <trkpt lat="48.752326676622033" lon="11.418390842154622">
        <ele>421.45999999999998</ele>
      </trkpt>
      <trkpt lat="48.752328269183636" lon="11.418549260124564">
        <ele>424.42000000000002</ele>
      </trkpt>
      <trkpt lat="48.752318881452084" lon="11.418695691972971">
        <ele>424.69</ele>
      </trkpt>
      <trkpt lat="48.752252832055092" lon="11.41880851238966">
        <ele>425.29000000000002</ele>
      </trkpt>
      <trkpt lat="48.752262052148581" lon="11.418953351676464">
        <ele>423.79000000000002</ele>
      </trkpt>
      <trkpt lat="48.75233631581068" lon="11.419030632823706">
        <ele>419.82999999999998</ele>
      </trkpt>
      <trkpt lat="48.752421224489808" lon="11.419093832373619">
        <ele>417.47000000000003</ele>
      </trkpt>
      <trkpt lat="48.752448968589306" lon="11.419227439910173">
        <ele>417.56</ele>
      </trkpt>
      <trkpt lat="48.752476712688804" lon="11.419364735484123">
        <ele>416.79000000000002</ele>
      </trkpt>
      <trkpt lat="48.752534799277782" lon="11.419475376605988">
        <ele>417.06999999999999</ele>
      </trkpt>
      <trkpt lat="48.752589700743556" lon="11.419588113203645">
        <ele>417.25</ele>
      </trkpt>
      <trkpt lat="48.752664299681783" lon="11.419669082388282">
        <ele>418.92000000000002</ele>
      </trkpt>
      <trkpt lat="48.752739736810327" lon="11.419760948047042">
        <ele>420.47000000000003</ele>
      </trkpt>
      <trkpt lat="48.752781059592962" lon="11.419885670766234">
        <ele>420.61000000000001</ele>
      </trkpt>
      <trkpt lat="48.752867141738534" lon="11.419945433735847">
        <ele>422.00999999999999</ele>
      </trkpt>
      <trkpt lat="48.75294853001833" lon="11.42001835629344">
        <ele>419.79000000000002</ele>
      </trkpt>
      <trkpt lat="48.75301499851048" lon="11.420113826170564">
        <ele>419.02999999999997</ele>
      </trkpt>
      <trkpt lat="48.753052381798625" lon="11.420250702649355">
        <ele>419.37</ele>
      </trkpt>
      <trkpt lat="48.753128657117486" lon="11.420338628813624">
        <ele>418.63999999999999</ele>
      </trkpt>
      <trkpt lat="48.753215577453375" lon="11.420463183894753">
        <ele>418.77999999999997</ele>
      </trkpt>
      <trkpt lat="48.753244243562222" lon="11.420597042888403">
        <ele>418.54000000000002</ele>
      </trkpt>
      <trkpt lat="48.753315322101116" lon="11.420696033164859">
        <ele>417.32999999999998</ele>
      </trkpt>
      <trkpt lat="48.753391094505787" lon="11.420784965157509">
        <ele>415.43000000000001</ele>
      </trkpt>
      <trkpt lat="48.753437362611294" lon="11.420916728675365">
        <ele>416.27999999999997</ele>
      </trkpt>
      <trkpt lat="48.753509698435664" lon="11.421028459444642">
        <ele>416.87</ele>
      </trkpt>
      <trkpt lat="48.753596367314458" lon="11.421090736985207">
        <ele>418.92000000000002</ele>
      </trkpt>
      <trkpt lat="48.753663590177894" lon="11.421199114993215">
        <ele>417.32999999999998</ele>
      </trkpt>
      <trkpt lat="48.753712540492415" lon="11.421314952895045">
        <ele>415.63999999999999</ele>
      </trkpt>
      <trkpt lat="48.753772135823965" lon="11.421436741948128">
        <ele>418.68000000000001</ele>
      </trkpt>
      <trkpt lat="48.753837011754513" lon="11.421549897640944">
        <ele>419.32999999999998</ele>
      </trkpt>
      <trkpt lat="48.753854194656014" lon="11.421686606481671">
        <ele>419.30000000000001</ele>
      </trkpt>
      <trkpt lat="48.75376651994884" lon="11.421775873750448">
        <ele>420.70999999999998</ele>
      </trkpt>
      <trkpt lat="48.753673648461699" lon="11.421794146299362">
        <ele>420.43000000000001</ele>
      </trkpt>
      <trkpt lat="48.753587733954191" lon="11.421856256201863">
        <ele>423.48000000000002</ele>
      </trkpt>
      <trkpt lat="48.753537610173225" lon="11.421993048861623">
        <ele>424.06</ele>
      </trkpt>
      <trkpt lat="48.753553871065378" lon="11.422132020816207">
        <ele>424.30000000000001</ele>
      </trkpt>
      <trkpt lat="48.753564683720469" lon="11.42228708602488">
        <ele>423.88</ele>
      </trkpt>
      <trkpt lat="48.753604916855693" lon="11.422415329143405">
        <ele>425.26999999999998</ele>
      </trkpt>
      <trkpt lat="48.753591170534492" lon="11.422551702708006">
        <ele>429.01999999999998</ele>
      </trkpt>
      <trkpt lat="48.75354808755219" lon="11.422686316072941">
        <ele>429.81999999999999</ele>
      </trkpt>
      <trkpt lat="48.753502322360873" lon="11.422806428745389">
        <ele>428.10000000000002</ele>
      </trkpt>
      <trkpt lat="48.753525456413627" lon="11.422947831451893">
        <ele>427.73000000000002</ele>
      </trkpt>
      <trkpt lat="48.753498382866383" lon="11.423095017671585">
        <ele>427.75</ele>
      </trkpt>
      <trkpt lat="48.753517661243677" lon="11.423236923292279">
        <ele>428.35000000000002</ele>
      </trkpt>
      <trkpt lat="48.753478014841676" lon="11.423366675153375">
        <ele>432.83999999999997</ele>
      </trkpt>
      <trkpt lat="48.753420934081078" lon="11.423493577167392">
        <ele>436.26999999999998</ele>
      </trkpt>
      <trkpt lat="48.753382293507457" lon="11.423631627112627">
        <ele>432.42000000000002</ele>
      </trkpt>
      <trkpt lat="48.753315154463053" lon="11.423750231042504">
        <ele>430.75</ele>
      </trkpt>
      <trkpt lat="48.753273077309132" lon="11.423877384513617">
        <ele>433.95999999999998</ele>
      </trkpt>
      <trkpt lat="48.753255726769567" lon="11.424013590440154">
        <ele>435.51999999999998</ele>
      </trkpt>
      <trkpt lat="48.753257235512137" lon="11.424151472747326">
        <ele>435.04000000000002</ele>
      </trkpt>
      <trkpt lat="48.75319579616189" lon="11.424257000908256">
        <ele>435.04000000000002</ele>
      </trkpt>
      <trkpt lat="48.753179032355547" lon="11.424392703920603">
        <ele>436.55000000000001</ele>
      </trkpt>
      <trkpt lat="48.753232089802623" lon="11.424531256780028">
        <ele>436.27999999999997</ele>
      </trkpt>
      <trkpt lat="48.753311382606626" lon="11.424627313390374">
        <ele>432.79000000000002</ele>
      </trkpt>
      <trkpt lat="48.753362344577909" lon="11.424740888178349">
        <ele>431.76999999999998</ele>
      </trkpt>
      <trkpt lat="48.753359159454703" lon="11.424886230379343">
        <ele>432.13</ele>
      </trkpt>
      <trkpt lat="48.753432333469391" lon="11.425002738833427">
        <ele>431.02999999999997</ele>
      </trkpt>
      <trkpt lat="48.753503663465381" lon="11.425128718838096">
        <ele>429.76999999999998</ele>
      </trkpt>
      <trkpt lat="48.753591505810618" lon="11.425158809870481">
        <ele>429.57999999999998</ele>
      </trkpt>
      <trkpt lat="48.75367222353816" lon="11.425237767398357">
        <ele>429.44</ele>
      </trkpt>
      <trkpt lat="48.753758976235986" lon="11.425340194255114">
        <ele>431.44</ele>
      </trkpt>
      <trkpt lat="48.753795856609941" lon="11.425475478172302">
        <ele>429.99000000000001</ele>
      </trkpt>
      <trkpt lat="48.75387598760426" lon="11.425587628036737">
        <ele>426.60000000000002</ele>
      </trkpt>
      <trkpt lat="48.753944300115108" lon="11.425705142319202">
        <ele>426.47000000000003</ele>
      </trkpt>
      <trkpt lat="48.753994926810265" lon="11.425822656601667">
        <ele>425.32999999999998</ele>
      </trkpt>
      <trkpt lat="48.754074051976204" lon="11.425910079851747">
        <ele>424.64999999999998</ele>
      </trkpt>
      <trkpt lat="48.754167091101408" lon="11.425977051258087">
        <ele>425.56</ele>
      </trkpt>
      <trkpt lat="48.754215622320771" lon="11.426106551662087">
        <ele>425.61000000000001</ele>
      </trkpt>
      <trkpt lat="48.754233224317431" lon="11.426243260502815">
        <ele>427.06</ele>
      </trkpt>
      <trkpt lat="48.754320060834289" lon="11.426313165575266">
        <ele>426.32999999999998</ele>
      </trkpt>
      <trkpt lat="48.754380075260997" lon="11.426428332924843">
        <ele>424.75</ele>
      </trkpt>
      <trkpt lat="48.754466827958822" lon="11.42650930210948">
        <ele>419.12</ele>
      </trkpt>
      <trkpt lat="48.754558861255646" lon="11.426547607406974">
        <ele>416.44999999999999</ele>
      </trkpt>
      <trkpt lat="48.754649553447962" lon="11.426591109484434">
        <ele>413.57999999999998</ele>
      </trkpt>
      <trkpt lat="48.754718033596873" lon="11.426683226600289">
        <ele>415.24000000000001</ele>
      </trkpt>
      <trkpt lat="48.754802104085684" lon="11.426732009276748">
        <ele>415.60000000000002</ele>
      </trkpt>
      <trkpt lat="48.7548893596977" lon="11.426767045632005">
        <ele>416.39999999999998</ele>
      </trkpt>
      <trkpt lat="48.754985416308045" lon="11.426832340657711">
        <ele>416.07999999999998</ele>
      </trkpt>
      <trkpt lat="48.7550965603441" lon="11.426869556307793">
        <ele>416.10000000000002</ele>
      </trkpt>
      <trkpt lat="48.755192030221224" lon="11.42693292349577">
        <ele>416.83999999999997</ele>
      </trkpt>
      <trkpt lat="48.755291188135743" lon="11.426995620131493">
        <ele>417.52999999999997</ele>
      </trkpt>
      <trkpt lat="48.755367882549763" lon="11.42709955573082">
        <ele>416.44</ele>
      </trkpt>
      <trkpt lat="48.755432423204184" lon="11.427209861576557">
        <ele>416.32999999999998</ele>
      </trkpt>
      <trkpt lat="48.755461173132062" lon="11.427353862673044">
        <ele>419.27999999999997</ele>
      </trkpt>
      <trkpt lat="48.755556140094995" lon="11.427388060837984">
        <ele>419.85000000000002</ele>
      </trkpt>
      <trkpt lat="48.75565898604691" lon="11.427408512681723">
        <ele>420.75</ele>
      </trkpt>
      <trkpt lat="48.755689160898328" lon="11.427540192380548">
        <ele>423.19</ele>
      </trkpt>
      <trkpt lat="48.755768286064267" lon="11.427629040554166">
        <ele>426.5</ele>
      </trkpt>
      <trkpt lat="48.755844729021192" lon="11.427734568715096">
        <ele>424.38999999999999</ele>
      </trkpt>
      <trkpt lat="48.755916561931372" lon="11.427838420495391">
        <ele>421.98000000000002</ele>
      </trkpt>
      <trkpt lat="48.755955286324024" lon="11.427964651957154">
        <ele>422.91000000000003</ele>
      </trkpt>
      <trkpt lat="48.756017815321684" lon="11.428067497909069">
        <ele>423.12</ele>
      </trkpt>
      <trkpt lat="48.756077662110329" lon="11.428174283355474">
        <ele>423.94999999999999</ele>
      </trkpt>
      <trkpt lat="48.756185453385115" lon="11.428177384659648">
        <ele>423.51999999999998</ele>
      </trkpt>
      <trkpt lat="48.756274888291955" lon="11.428274614736438">
        <ele>422.60000000000002</ele>
      </trkpt>
      <trkpt lat="48.756345128640532" lon="11.428359942510724">
        <ele>422.45999999999998</ele>
      </trkpt>
      <trkpt lat="48.75642173923552" lon="11.42844820395112">
        <ele>422.63</ele>
      </trkpt>
      <trkpt lat="48.756525255739689" lon="11.428394140675664">
        <ele>421.98000000000002</ele>
      </trkpt>
      <trkpt lat="48.756608739495277" lon="11.428334629163146">
        <ele>420.37</ele>
      </trkpt>
      <trkpt lat="48.756703371182084" lon="11.428276961669326">
        <ele>420.51999999999998</ele>
      </trkpt>
      <trkpt lat="48.756799260154366" lon="11.428280398249626">
        <ele>419.94</ele>
      </trkpt>
      <trkpt lat="48.756893137469888" lon="11.428225580602884">
        <ele>419.56999999999999</ele>
      </trkpt>
      <trkpt lat="48.756991205736995" lon="11.428279392421246">
        <ele>418.97000000000003</ele>
      </trkpt>
      <trkpt lat="48.757081730291247" lon="11.428296994417906">
        <ele>417.19999999999999</ele>
      </trkpt>
      <trkpt lat="48.757136715576053" lon="11.428446695208549">
        <ele>414.63</ele>
      </trkpt>
      <trkpt lat="48.757230676710606" lon="11.428493214771152">
        <ele>419.29000000000002</ele>
      </trkpt>
      <trkpt lat="48.757321871817112" lon="11.428552810102701">
        <ele>419.87</ele>
      </trkpt>
      <trkpt lat="48.757367972284555" lon="11.428682142868638">
        <ele>418.75999999999999</ele>
      </trkpt>
      <trkpt lat="48.757400661706924" lon="11.428826227784157">
        <ele>417.62</ele>
      </trkpt>
      <trkpt lat="48.757467214018106" lon="11.428933264687657">
        <ele>414.45999999999998</ele>
      </trkpt>
      <trkpt lat="48.757471321150661" lon="11.429084977135062">
        <ele>413.98000000000002</ele>
      </trkpt>
      <trkpt lat="48.757416922599077" lon="11.429203832522035">
        <ele>414.19999999999999</ele>
      </trkpt>
      <trkpt lat="48.757367134094238" lon="11.42927885055542">
        <ele>367.65625</ele>
      </trkpt>
      <trkpt lat="48.75758171081543" lon="11.429171562194824">
        <ele>367.4296875</ele>
      </trkpt>
      <trkpt lat="48.757646083831787" lon="11.429150104522705">
        <ele>367.3125</ele>
      </trkpt>
      <trkpt lat="48.757731914520264" lon="11.428956985473633">
        <ele>367.12890625</ele>
      </trkpt>
      <trkpt lat="48.757796287536621" lon="11.428849697113037">
        <ele>367.00390625</ele>
      </trkpt>
      <trkpt lat="48.757882118225098" lon="11.428806781768799">
        <ele>367.05078125</ele>
      </trkpt>
      <trkpt lat="48.757946491241455" lon="11.428806781768799">
        <ele>367.08984375</ele>
      </trkpt>
      <trkpt lat="48.758010864257813" lon="11.428828239440918">
        <ele>367.1484375</ele>
      </trkpt>
      <trkpt lat="48.758418560028076" lon="11.429085731506348">
        <ele>367.60546875</ele>
      </trkpt>
      <trkpt lat="48.758869171142578" lon="11.429429054260254">
        <ele>367.12890625</ele>
      </trkpt>
      <trkpt lat="48.759105205535889" lon="11.428699493408203">
        <ele>367.18359375</ele>
      </trkpt>
      <trkpt lat="48.759012836962938" lon="11.428604274988174">
        <ele>413.01999999999998</ele>
      </trkpt>
      <trkpt lat="48.759119706228375" lon="11.428529340773821">
        <ele>410.01999999999998</ele>
      </trkpt>
      <trkpt lat="48.759223474189639" lon="11.428491119295359">
        <ele>408.68000000000001</ele>
      </trkpt>
      <trkpt lat="48.759320117533207" lon="11.428491454571486">
        <ele>407.02999999999997</ele>
      </trkpt>
      <trkpt lat="48.759401254355907" lon="11.428560940548778">
        <ele>404.52999999999997</ele>
      </trkpt>
      <trkpt lat="48.759486917406321" lon="11.428609304130077">
        <ele>403.13999999999999</ele>
      </trkpt>
      <trkpt lat="48.759579956531525" lon="11.428661271929741">
        <ele>402.93000000000001</ele>
      </trkpt>
      <trkpt lat="48.759666793048382" lon="11.428702427074313">
        <ele>402.98000000000002</ele>
      </trkpt>
      <trkpt lat="48.759764023125172" lon="11.428756322711706">
        <ele>402.93000000000001</ele>
      </trkpt>
      <trkpt lat="48.759851446375251" lon="11.428791861981153">
        <ele>402.23000000000002</ele>
      </trkpt>
      <trkpt lat="48.759949849918485" lon="11.42884399741888">
        <ele>401.64999999999998</ele>
      </trkpt>
      <trkpt lat="48.760045235976577" lon="11.42898372374475">
        <ele>403.51999999999998</ele>
      </trkpt>
      <trkpt lat="48.760136850178242" lon="11.429067458957434">
        <ele>402.88999999999999</ele>
      </trkpt>
      <trkpt lat="48.760136850178242" lon="11.429067458957434">
        <ele>402.88999999999999</ele>
      </trkpt>
      <trkpt lat="48.760136850178242" lon="11.429224954918027"/>
      <trkpt lat="48.759880531579256" lon="11.430002795532346"/>
      <trkpt lat="48.759674169123173" lon="11.430566059425473"/>
      <trkpt lat="48.759609377011657" lon="11.430691201239824"/>
      <trkpt lat="48.759629996493459" lon="11.430785078555346"/>
      <trkpt lat="48.75983627513051" lon="11.430963948369026"/>
      <trkpt lat="48.759859828278422" lon="11.431773053482175"/>
      <trkpt lat="48.759968876838684" lon="11.433552280068398"/>
      <trkpt lat="48.76001606695354" lon="11.434397175908089"/>
      <trkpt lat="48.760060239583254" lon="11.434437409043312"/>
      <trkpt lat="48.760042553767562" lon="11.434973850846291"/>
      <trkpt lat="48.7600112054497" lon="11.4351477753371"/>
      <trkpt lat="48.759987652301788" lon="11.43535346724093"/>
      <trkpt lat="48.759981701150537" lon="11.435541221871972"/>
      <trkpt lat="48.759925710037351" lon="11.435742387548089"/>
      <trkpt lat="48.759831413626671" lon="11.435925615951419"/>
      <trkpt lat="48.76000827178359" lon="11.436193836852908"/>
      <trkpt lat="48.76011430285871" lon="11.436462057754397"/>
      <trkpt lat="48.760211616754532" lon="11.43685994669795"/>
      <trkpt lat="48.76037959009409" lon="11.436958266422153"/>
      <trkpt lat="48.760562231764197" lon="11.436998499557376"/>
      <trkpt lat="48.760727271437645" lon="11.436819713562727"/>
      <trkpt lat="48.760933550074697" lon="11.436569346114993"/>
      <trkpt lat="48.761133961379528" lon="11.436462057754397"/>
      <trkpt lat="48.761307802051306" lon="11.436471026390791"/>
      <trkpt lat="48.76144040375948" lon="11.436453172937036"/>
      <trkpt lat="48.761711558327079" lon="11.436560461297631"/>
      <trkpt lat="48.762085810303688" lon="11.436783922836185"/>
      <trkpt lat="48.762351013720036" lon="11.436882326379418"/>
      <trkpt lat="48.762592663988471" lon="11.436944855377078"/>
      <trkpt lat="48.762896172702312" lon="11.436882326379418"/>
      <trkpt lat="48.76307831145823" lon="11.436771517619491"/>
      <trkpt lat="48.76326397061348" lon="11.436619553714991"/>
      <trkpt lat="48.763352315872908" lon="11.436427272856236"/>
      <trkpt lat="48.763517355546355" lon="11.436641849577427"/>
      <trkpt lat="48.763626404106617" lon="11.436865394935012"/>
      <trkpt lat="48.763676444068551" lon="11.436990620568395"/>
      <trkpt lat="48.763708882033825" lon="11.437473334372044"/>
      <trkpt lat="48.763676444068551" lon="11.437763934955001"/>
      <trkpt lat="48.763688262552023" lon="11.438295934349298"/>
      <trkpt lat="48.763688262552023" lon="11.438805554062128"/>
      <trkpt lat="48.763655824586749" lon="11.439212327823043"/>
      <trkpt lat="48.763720532879233" lon="11.439255410805345"/>
      <trkpt lat="48.763763280585408" lon="11.439396226778626"/>
      <trkpt lat="48.763611484318972" lon="11.439546011388302"/>
      <trkpt lat="48.763652723282576" lon="11.439647683873773"/>
      <trkpt lat="48.763666050508618" lon="11.439759498462081"/>
      <trkpt lat="48.763661608099937" lon="11.440242296084762"/>
      <trkpt lat="48.763624811545014" lon="11.440557036548853"/>
      <trkpt lat="48.763567311689258" lon="11.440866580232978"/>
      <trkpt lat="48.763515762984753" lon="11.441115774214268"/>
      <trkpt lat="48.763415599241853" lon="11.441527074202895"/>
      <trkpt lat="48.763333791866899" lon="11.441808706149459"/>
      <trkpt lat="48.763305125758052" lon="11.441817674785852"/>
      <trkpt lat="48.763200519606471" lon="11.441539395600557"/>
      <trkpt lat="48.763130530714989" lon="11.441568396985531"/>
      <trkpt lat="48.763053165748715" lon="11.441664537414908"/>
      <trkpt lat="48.762930873781443" lon="11.441829912364483"/>
      <trkpt lat="48.762797685340047" lon="11.441975086927414"/>
      <trkpt lat="48.762704143300653" lon="11.442076759412885"/>
      <trkpt lat="48.762660641223192" lon="11.4421605784446"/>
      <trkpt lat="48.762567853555083" lon="11.442284630611539"/>
      <trkpt lat="48.762392923235893" lon="11.442439528182149"/>
      <trkpt lat="48.762186644598842" lon="11.442610519006848"/>
      <trkpt lat="48.762065023183823" lon="11.442715628072619"/>
      <trkpt lat="48.761886321008205" lon="11.442851247265935"/>
      <trkpt lat="48.761777356266975" lon="11.442894833162427"/>
      <trkpt lat="48.76163880340755" lon="11.442930623888969"/>
      <trkpt lat="48.761498238891363" lon="11.442968510091305"/>
      <trkpt lat="48.761438559740782" lon="11.443003211170435"/>
      <trkpt lat="48.761315513402224" lon="11.443189792335033"/>
      <trkpt lat="48.761193891987205" lon="11.443424820899963"/>
      <trkpt lat="48.761070175096393" lon="11.443576868623495"/>
      <trkpt lat="48.760885270312428" lon="11.443752301856875"/>
      <trkpt lat="48.760744538158178" lon="11.443890854716301"/>
      <trkpt lat="48.760650996118784" lon="11.443986995145679"/>
      <trkpt lat="48.760547060519457" lon="11.444124458357692"/>
      <trkpt lat="48.760448070243001" lon="11.444264184683561"/>
      <trkpt lat="48.760424768552184" lon="11.444339705631137"/>
      <trkpt lat="48.760430719703436" lon="11.444497285410762"/>
      <trkpt lat="48.76047195866704" lon="11.444680597633123"/>
      <trkpt lat="48.760478580370545" lon="11.444876147434115"/>
      <trkpt lat="48.760432144626975" lon="11.445124251767993"/>
      <trkpt lat="48.760336423292756" lon="11.445436058565974"/>
      <trkpt lat="48.760247239843011" lon="11.445694221183658"/>
      <trkpt lat="48.760211113840342" lon="11.445782566443086"/>
      <trkpt lat="48.760188315063715" lon="11.445934530347586"/>
      <trkpt lat="48.760160990059376" lon="11.446153549477458"/>
      <trkpt lat="48.760130815207958" lon="11.446267543360591"/>
      <trkpt lat="48.759921938180923" lon="11.446745563298464"/>
      <trkpt lat="48.759765783324838" lon="11.447155689820647"/>
      <trkpt lat="48.759698728099465" lon="11.447361381724477"/>
      <trkpt lat="48.759653801098466" lon="11.447466406971216"/>
      <trkpt lat="48.75955724157393" lon="11.447586016729474"/>
      <trkpt lat="48.759480630978942" lon="11.447684336453676"/>
      <trkpt lat="48.759304527193308" lon="11.44784526899457"/>
      <trkpt lat="48.75913362018764" lon="11.447992790490389"/>
      <trkpt lat="48.759073773398995" lon="11.448044339194894"/>
      <trkpt lat="48.75901778228581" lon="11.448129331693053"/>
      <trkpt lat="48.758971346542239" lon="11.448282385244966"/>
      <trkpt lat="48.758924910798669" lon="11.448467960581183"/>
      <trkpt lat="48.758866740390658" lon="11.448694774881005"/>
      <trkpt lat="48.758844612166286" lon="11.448885882273316"/>
      <trkpt lat="48.75884679146111" lon="11.449201041832566"/>
      <trkpt lat="48.758854167535901" lon="11.449771011248231"/>
      <trkpt lat="48.758840169757605" lon="11.450089523568749"/>
      <trkpt lat="48.758824663236737" lon="11.450368138030171"/>
      <trkpt lat="48.758820975199342" lon="11.450653122738004"/>
      <trkpt lat="48.758854335173965" lon="11.45097984932363"/>
      <trkpt lat="48.758857939392328" lon="11.451310683041811"/>
      <trkpt lat="48.758852072060108" lon="11.451559877023101"/>
      <trkpt lat="48.758843941614032" lon="11.451723072677851"/>
      <trkpt lat="48.758816029876471" lon="11.451869504526258"/>
      <trkpt lat="48.758758194744587" lon="11.452002609148622"/>
      <trkpt lat="48.758662473410368" lon="11.452146777883172"/>
      <trkpt lat="48.758511431515217" lon="11.452249623835087"/>
      <trkpt lat="48.758403807878494" lon="11.452298825606704"/>
      <trkpt lat="48.758236337453127" lon="11.452365797013044"/>
      <trkpt lat="48.758049169555306" lon="11.452455148100853"/>
      <trkpt lat="48.757854122668505" lon="11.452539889141917"/>
      <trkpt lat="48.757759826257825" lon="11.452586827799678"/>
      <trkpt lat="48.757711965590715" lon="11.452628150582314"/>
      <trkpt lat="48.757639043033123" lon="11.45273988135159"/>
      <trkpt lat="48.757543992251158" lon="11.452979100868106"/>
      <trkpt lat="48.757450450211763" lon="11.453193677589297"/>
      <trkpt lat="48.757364200428128" lon="11.453410433605313"/>
      <trkpt lat="48.75728465616703" lon="11.453650742769241"/>
      <trkpt lat="48.757196227088571" lon="11.453978223726153"/>
      <trkpt lat="48.757112240418792" lon="11.45427661947906"/>
      <trkpt lat="48.757072426378727" lon="11.454409556463361"/>
      <trkpt lat="48.757009813562036" lon="11.454692361876369"/>
      <trkpt lat="48.756893388926983" lon="11.455054460093379"/>
      <trkpt lat="48.756843348965049" lon="11.455228803679347"/>
      <trkpt lat="48.756792470812798" lon="11.455466849729419"/>
      <trkpt lat="48.756778473034501" lon="11.455575227737427"/>
      <trkpt lat="48.756764475256205" lon="11.455708248540759"/>
      <trkpt lat="48.756738658994436" lon="11.455842358991504"/>
      <trkpt lat="48.75676229596138" lon="11.455944031476974"/>
      <trkpt lat="48.756818287074566" lon="11.456015529111028"/>
      <trkpt lat="48.756943512707949" lon="11.456014439463615"/>
      <trkpt lat="48.757017944008112" lon="11.456021144986153"/>
      <trkpt lat="48.757030433043838" lon="11.456150813028216"/>
      <trkpt lat="48.756928760558367" lon="11.45623940974474"/>
      <trkpt lat="48.756842594593763" lon="11.456334460526705"/>
      <trkpt lat="48.756785094738007" lon="11.456432780250907"/>
      <trkpt lat="48.756739413365722" lon="11.456569153815508"/>
      <trkpt lat="48.756696665659547" lon="11.456724470481277"/>
      <trkpt lat="48.756678979843855" lon="11.456779204308987"/>
      <trkpt lat="48.756616367027164" lon="11.456760261207819"/>
      <trkpt lat="48.756628185510635" lon="11.456678621470928"/>
      <trkpt lat="48.756593568250537" lon="11.45686193369329"/>
      <trkpt lat="48.756433892995119" lon="11.456869058310986"/>
      <trkpt lat="48.756315959617496" lon="11.456869058310986"/>
      <trkpt lat="48.756195176392794" lon="11.456836620345712"/>
      <trkpt lat="48.756063999608159" lon="11.456762859597802"/>
      <trkpt lat="48.755943467840552" lon="11.456688512116671"/>
      <trkpt lat="48.755848417058587" lon="11.456703012809157"/>
      <trkpt lat="48.755743056535721" lon="11.456735450774431"/>
      <trkpt lat="48.755705505609512" lon="11.456834943965077"/>
      <trkpt lat="48.755670050159097" lon="11.4576764870435"/>
      <trkpt lat="48.755665691569448" lon="11.457782685756683"/>
      <trkpt lat="48.755614813417196" lon="11.458058701828122"/>
      <trkpt lat="48.755535939708352" lon="11.458247629925609"/>
      <trkpt lat="48.755381964147091" lon="11.458490118384361"/>
      <trkpt lat="48.755437955260277" lon="11.458630934357643"/>
      <trkpt lat="48.755479278042912" lon="11.458759428933263"/>
      <trkpt lat="48.755487324669957" lon="11.458833189681172"/>
      <trkpt lat="48.755477014929056" lon="11.45890586078167"/>
      <trkpt lat="48.755386490374804" lon="11.459008455276489"/>
      <trkpt lat="48.755315747112036" lon="11.459142565727234"/>
      <trkpt lat="48.755166884511709" lon="11.459585130214691"/>
      <trkpt lat="48.755010729655623" lon="11.460012104362249"/>
      <trkpt lat="48.754901681095362" lon="11.460083601996303"/>
      <trkpt lat="48.754771929234266" lon="11.46013280376792"/>
      <trkpt lat="48.754552407190204" lon="11.460072454065084"/>
      <trkpt lat="48.754350319504738" lon="11.45998721010983"/>
      <trkpt lat="48.754220651462674" lon="11.459953682497144"/>
      <trkpt lat="48.754055611789227" lon="11.459993915632367"/>
      <trkpt lat="48.753827204927802" lon="11.460105730220675"/>
      <trkpt lat="48.75362821854651" lon="11.460333717986941"/>
      <trkpt lat="48.753514559939504" lon="11.460464224219322"/>
      <trkpt lat="48.753399644047022" lon="11.460859850049019"/>
      <trkpt lat="48.753234604373574" lon="11.461496874690056"/>
      <trkpt lat="48.753112312406301" lon="11.461948407813907"/>
      <trkpt lat="48.752978201955557" lon="11.462268345057964"/>
      <trkpt lat="48.752758679911494" lon="11.462605884298682"/>
      <trkpt lat="48.752661366015673" lon="11.462889779359102"/>
      <trkpt lat="48.7525390740484" lon="11.46333234384656"/>
      <trkpt lat="48.752332543954253" lon="11.463895859196782"/>
      <trkpt lat="48.752193991094828" lon="11.464199870824814"/>
      <trkpt lat="48.752059880644083" lon="11.464392067864537"/>
      <trkpt lat="48.751853518188" lon="11.464566411450505"/>
      <trkpt lat="48.751691998913884" lon="11.46468635648489"/>
      <trkpt lat="48.75155788846314" lon="11.464755591005087"/>
      <trkpt lat="48.751403158530593" lon="11.464936640113592"/>
      <trkpt lat="48.751136446371675" lon="11.465140068903565"/>
      <trkpt lat="48.750956151634455" lon="11.465326901525259"/>
      <trkpt lat="48.75072774477303" lon="11.465561594814062"/>
      <trkpt lat="48.750575948506594" lon="11.465780613943934"/>
      <trkpt lat="48.75045214779675" lon="11.465968368574977"/>
      <trkpt lat="48.75030362047255" lon="11.466101473197341"/>
      <trkpt lat="48.750178311020136" lon="11.466298196464777"/>
      <trkpt lat="48.750023581087589" lon="11.466649062931538"/>
      <trkpt lat="48.749855607748032" lon="11.467205621302128"/>
      <trkpt lat="48.749793665483594" lon="11.467520780861378"/>
      <trkpt lat="48.749770112335682" lon="11.467979019507766"/>
      <trkpt lat="48.749790731817484" lon="11.4682293869555"/>
      <trkpt lat="48.74984965659678" lon="11.468421583995223"/>
      <trkpt lat="48.749958788976073" lon="11.468526609241962"/>
      <trkpt lat="48.750084014609456" lon="11.468707658350468"/>
      <trkpt lat="48.750156266614795" lon="11.468971436843276"/>
      <trkpt lat="48.750159200280905" lon="11.469264216721058"/>
      <trkpt lat="48.750103209167719" lon="11.469601755961776"/>
      <trkpt lat="48.75012231990695" lon="11.469876682385802"/>
      <trkpt lat="48.750166576355696" lon="11.470144903287292"/>
      <trkpt lat="48.750188034027815" lon="11.47027482278645"/>
      <trkpt lat="48.750207144767046" lon="11.470525190234184"/>
      <trkpt lat="48.750267578288913" lon="11.470733061432838"/>
      <trkpt lat="48.750348631292582" lon="11.471028020605445"/>
      <trkpt lat="48.75042381696403" lon="11.471345443278551"/>
      <trkpt lat="48.750490117818117" lon="11.471618190407753"/>
      <trkpt lat="48.750532865524292" lon="11.471937792375684"/>
      <trkpt lat="48.750582989305258" lon="11.472080871462822"/>
      <trkpt lat="48.750658091157675" lon="11.472199307754636"/>
      <trkpt lat="48.750845259055495" lon="11.472282037138939"/>
      <trkpt lat="48.751120856031775" lon="11.472355797886848"/>
      <trkpt lat="48.751300647854805" lon="11.472277510911226"/>
      <trkpt lat="48.751424448564649" lon="11.472190339118242"/>
      <trkpt lat="48.751695603132248" lon="11.472100988030434"/>
      <trkpt lat="48.751806160435081" lon="11.47212328389287"/>
      <trkpt lat="48.752136239781976" lon="11.472384799271822"/>
      <trkpt lat="48.752400018274784" lon="11.472621755674481"/>
      <trkpt lat="48.752669747918844" lon="11.472726780921221"/>
      <trkpt lat="48.752948278561234" lon="11.472724601626396"/>
      <trkpt lat="48.75327542424202" lon="11.47255914285779"/>
      <trkpt lat="48.753589326515794" lon="11.472471971064806"/>
      <trkpt lat="48.753850171342492" lon="11.472543468698859"/>
      <trkpt lat="48.754069693386555" lon="11.472695516422391"/>
      <trkpt lat="48.754273038357496" lon="11.472854185849428"/>
      <trkpt lat="48.754441095516086" lon="11.472885450348258"/>
      <trkpt lat="48.754569254815578" lon="11.472787130624056"/>
      <trkpt lat="48.754632622003555" lon="11.472467528656125"/>
      <trkpt lat="48.754656175151467" lon="11.472295448184013"/>
      <trkpt lat="48.754738736897707" lon="11.472054049372673"/>
      <trkpt lat="48.754827165976167" lon="11.471788007766008"/>
      <trkpt lat="48.754872847348452" lon="11.47157795727253"/>
      <trkpt lat="48.754881648346782" lon="11.471356591209769"/>
      <trkpt lat="48.754927329719067" lon="11.47053181193769"/>
      <trkpt lat="48.754933280870318" lon="11.470073657110333"/>
      <trkpt lat="48.754676878452301" lon="11.47010718472302"/>
      <trkpt lat="48.754237666726112" lon="11.470151860266924"/>
      <trkpt lat="48.754078075289726" lon="11.470198631286621"/>
      <trkpt lat="48.753980761393905" lon="11.470207599923015"/>
      <trkpt lat="48.753877663984895" lon="11.470187483355403"/>
      <trkpt lat="48.753733243793249" lon="11.470207599923015"/>
      <trkpt lat="48.753632996231318" lon="11.47014725022018"/>
      <trkpt lat="48.753495952114463" lon="11.470019845291972"/>
      <trkpt lat="48.753366284072399" lon="11.469937115907669"/>
      <trkpt lat="48.753171488642693" lon="11.469830833375454"/>
      <trkpt lat="48.752940148115158" lon="11.469703428447247"/>
      <trkpt lat="48.752739736810327" lon="11.469582729041576"/>
      <trkpt lat="48.752574697136879" lon="11.469488851726055"/>
      <trkpt lat="48.752627419307828" lon="11.46906640380621"/>
      <trkpt lat="48.752633286640048" lon="11.468664072453976"/>
      <trkpt lat="48.752509569749236" lon="11.468190243467689"/>
      <trkpt lat="48.752344446256757" lon="11.467953287065029"/>
      <trkpt lat="48.752303207293153" lon="11.46777450107038"/>
      <trkpt lat="48.752379817888141" lon="11.467577777802944"/>
      <trkpt lat="48.75254787504673" lon="11.467345347627997"/>
      <trkpt lat="48.752810144796968" lon="11.467081569135189"/>
      <trkpt lat="48.752945763990283" lon="11.466737324371934"/>
      <trkpt lat="48.753013489767909" lon="11.466339519247413"/>
      <trkpt lat="48.753025308251381" lon="11.465977421030402"/>
      <trkpt lat="48.753019440919161" lon="11.465436452999711"/>
      <trkpt lat="48.753060679882765" lon="11.465168232098222"/>
      <trkpt lat="48.753228653222322" lon="11.464636316522956"/>
      <trkpt lat="48.753517493605614" lon="11.464135581627488"/>
      <trkpt lat="48.753635426983237" lon="11.463867360725999"/>
      <trkpt lat="48.753697285428643" lon="11.463608108460903"/>
      <trkpt lat="48.753717904910445" lon="11.463187923654914"/>
      <trkpt lat="48.753770962357521" lon="11.462861532345414"/>
      <trkpt lat="48.753850590437651" lon="11.462740832939744"/>
      <trkpt lat="48.75394488684833" lon="11.462709568440914"/>
      <trkpt lat="48.754504881799221" lon="11.462892880663276"/>
      <trkpt lat="48.754805456846952" lon="11.463013580068946"/>
      <trkpt lat="48.755076611414552" lon="11.462941998615861"/>
      <trkpt lat="48.755365451797843" lon="11.46272742189467"/>
      <trkpt lat="48.755433261394501" lon="11.461122622713447"/>
      <trkpt lat="48.755489252507687" lon="11.45984404720366"/>
      <trkpt lat="48.755524540320039" lon="11.458896389231086"/>
      <trkpt lat="48.755512805655599" lon="11.458619199693203"/>
      <trkpt lat="48.755439128726721" lon="11.458449298515916"/>
      <trkpt lat="48.75562478788197" lon="11.458105137571692"/>
      <trkpt lat="48.755674911662936" lon="11.457814536988735"/>
      <trkpt lat="48.75571028329432" lon="11.456983052194118"/>
      <trkpt lat="48.755736770108342" lon="11.456795297563076"/>
      <trkpt lat="48.755860570818186" lon="11.456723799929023"/>
      <trkpt lat="48.755954867228866" lon="11.456670155748725"/>
      <trkpt lat="48.756184782832861" lon="11.456853384152055"/>
      <trkpt lat="48.756800685077906" lon="11.456907028332353"/>
      <trkpt lat="48.75740485265851" lon="11.457023285329342"/>
      <trkpt lat="48.758224099874496" lon="11.457224451005459"/>
      <trkpt lat="48.758504139259458" lon="11.457304917275906"/>
      <trkpt lat="48.758704466745257" lon="11.457340708002448"/>
      <trkpt lat="48.758837068453431" lon="11.457291506230831"/>
      <trkpt lat="48.758981488645077" lon="11.457331739366055"/>
      <trkpt lat="48.7590994220227" lon="11.457421174272895"/>
      <trkpt lat="48.759541399776936" lon="11.457550758495927"/>
      <trkpt lat="48.76042552292347" lon="11.457769861444831"/>
      <trkpt lat="48.761062044650316" lon="11.457903971895576"/>
      <trkpt lat="48.761156341060996" lon="11.457886034622788"/>
      <trkpt lat="48.761256504803896" lon="11.457371972501278"/>
      <trkpt lat="48.761318447068334" lon="11.456915996968746"/>
      <trkpt lat="48.761445097625256" lon="11.456290120258927"/>
      <trkpt lat="48.761517936363816" lon="11.455984432250261"/>
      <trkpt lat="48.761709546670318" lon="11.4554971922189"/>
      <trkpt lat="48.762069046497345" lon="11.454696971923113"/>
      <trkpt lat="48.762198714539409" lon="11.454334873706102"/>
      <trkpt lat="48.762375488877296" lon="11.453986186534166"/>
      <trkpt lat="48.762531643733382" lon="11.45366876386106"/>
      <trkpt lat="48.762752674520016" lon="11.45291774533689"/>
      <trkpt lat="48.762958953157067" lon="11.451885094866157"/>
      <trkpt lat="48.763062050566077" lon="11.451075989753008"/>
      <trkpt lat="48.763126926496625" lon="11.449962873011827"/>
      <trkpt lat="48.763132793828845" lon="11.448760321363807"/>
      <trkpt lat="48.763113850727677" lon="11.447987677529454"/>
      <trkpt lat="48.763093231245875" lon="11.447066841647029"/>
      <trkpt lat="48.763057859614491" lon="11.446038633584976"/>
      <trkpt lat="48.76304310746491" lon="11.445511160418391"/>
      <trkpt lat="48.763078479096293" lon="11.445005983114243"/>
      <trkpt lat="48.763175709173083" lon="11.443919688463211"/>
      <trkpt lat="48.763261204585433" lon="11.442976389080286"/>
      <trkpt lat="48.763314178213477" lon="11.442547319456935"/>
      <trkpt lat="48.763458598405123" lon="11.441970560699701"/>
      <trkpt lat="48.763664877042174" lon="11.441197246313095"/>
      <trkpt lat="48.763797478750348" lon="11.44058033823967"/>
      <trkpt lat="48.763838717713952" lon="11.439659418538213"/>
      <trkpt lat="48.763829916715622" lon="11.439073858782649"/>
      <trkpt lat="48.763835784047842" lon="11.438193172216415"/>
      <trkpt lat="48.763829916715622" lon="11.437464449554682"/>
      <trkpt lat="48.763800412416458" lon="11.437035379931331"/>
      <trkpt lat="48.763747354969382" lon="11.436744779348373"/>
      <trkpt lat="48.763605952262878" lon="11.435890914872289"/>
      <trkpt lat="48.763496903702617" lon="11.435211477801204"/>
      <trkpt lat="48.763396739959717" lon="11.434697331860662"/>
      <trkpt lat="48.763193394988775" lon="11.434022337198257"/>
      <trkpt lat="48.763010669499636" lon="11.433508191257715"/>
      <trkpt lat="48.762904638424516" lon="11.433213148266077"/>
      <trkpt lat="48.76275435090065" lon="11.4331014174968"/>
      <trkpt lat="48.762624682858586" lon="11.432945011183619"/>
      <trkpt lat="48.762524519115686" lon="11.432757256552577"/>
      <trkpt lat="48.762581348419189" lon="11.432690620422363">
        <ele>365.94140625</ele>
      </trkpt>
      <trkpt lat="48.763439655303955" lon="11.431703567504883">
        <ele>365.93359375</ele>
      </trkpt>
      <trkpt lat="48.763439655303955" lon="11.431703567504883">
        <ele>365.93359375</ele>
      </trkpt>
      <trkpt lat="48.763401433825493" lon="11.43166484311223">
        <ele>411.14999999999998</ele>
      </trkpt>
      <trkpt lat="48.763341503217816" lon="11.431542299687862">
        <ele>411.38</ele>
      </trkpt>
      <trkpt lat="48.763298504054546" lon="11.431404752656817">
        <ele>414.64999999999998</ele>
      </trkpt>
      <trkpt lat="48.763239160180092" lon="11.431301152333617">
        <ele>410.64999999999998</ele>
      </trkpt>
      <trkpt lat="48.763226084411144" lon="11.431160252541304">
        <ele>409.69</ele>
      </trkpt>
      <trkpt lat="48.763141259551048" lon="11.431079618632793">
        <ele>408.00999999999999</ele>
      </trkpt>
      <trkpt lat="48.763124160468578" lon="11.430934695526958">
        <ele>406.83999999999997</ele>
      </trkpt>
      <trkpt lat="48.763129860162735" lon="11.430990686640143"/>
      <trkpt lat="48.763158610090613" lon="11.430998314172029">
        <ele>409.50999999999999</ele>
      </trkpt>
      <trkpt lat="48.763154419139028" lon="11.430946597829461">
        <ele>410.73000000000002</ele>
      </trkpt>
      <trkpt lat="48.76306758262217" lon="11.430899491533637">
        <ele>410.50999999999999</ele>
      </trkpt>
      <trkpt lat="48.763034474104643" lon="11.430771667510271">
        <ele>411.54000000000002</ele>
      </trkpt>
      <trkpt lat="48.763010501861572" lon="11.430620206519961">
        <ele>411.47000000000003</ele>
      </trkpt>
      <trkpt lat="48.76295811496675" lon="11.430495148524642">
        <ele>410.17000000000002</ele>
      </trkpt>
      <trkpt lat="48.762894412502646" lon="11.43039339222014">
        <ele>411.17000000000002</ele>
      </trkpt>
      <trkpt lat="48.762824675068259" lon="11.430291887372732">
        <ele>409.94</ele>
      </trkpt>
      <trkpt lat="48.762757955119014" lon="11.430175881832838">
        <ele>408.64999999999998</ele>
      </trkpt>
      <trkpt lat="48.762692408636212" lon="11.430066665634513">
        <ele>408.29000000000002</ele>
      </trkpt>
      <trkpt lat="48.76266298815608" lon="11.429934147745371">
        <ele>405.56999999999999</ele>
      </trkpt>
      <trkpt lat="48.762609008699656" lon="11.429818561300635">
        <ele>406.75999999999999</ele>
      </trkpt>
      <trkpt lat="48.762521417811513" lon="11.429745806381106">
        <ele>408.64999999999998</ele>
      </trkpt>
      <trkpt lat="48.762450506910682" lon="11.429644050076604">
        <ele>411.25</ele>
      </trkpt>
      <trkpt lat="48.762384708970785" lon="11.42954908311367">
        <ele>410.76999999999998</ele>
      </trkpt>
      <trkpt lat="48.76262485049665" lon="11.429157396778464">
        <ele>411.88</ele>
      </trkpt>
      <trkpt lat="48.762624766677618" lon="11.429003421217203">
        <ele>400.02999999999997</ele>
      </trkpt>
      <trkpt lat="48.762572295963764" lon="11.42887425608933">
        <ele>408.45999999999998</ele>
      </trkpt>
      <trkpt lat="48.762582521885633" lon="11.428726818412542">
        <ele>410.13999999999999</ele>
      </trkpt>
      <trkpt lat="48.762554777786136" lon="11.428592288866639">
        <ele>412.20999999999998</ele>
      </trkpt>
      <trkpt lat="48.762575481086969" lon="11.428445857018232">
        <ele>410.91000000000003</ele>
      </trkpt>
      <trkpt lat="48.762590819969773" lon="11.428300179541111">
        <ele>411.66000000000003</ele>
      </trkpt>
      <trkpt lat="48.762650331482291" lon="11.428186353296041">
        <ele>409.69999999999999</ele>
      </trkpt>
      <trkpt lat="48.762692660093307" lon="11.42805827781558">
        <ele>413.76999999999998</ele>
      </trkpt>
      <trkpt lat="48.762786956503987" lon="11.428052829578519">
        <ele>414.73000000000002</ele>
      </trkpt>
      <trkpt lat="48.762890053912997" lon="11.428053583949804">
        <ele>410.88999999999999</ele>
      </trkpt>
      <trkpt lat="48.76298694871366" lon="11.428091302514076">
        <ele>405.97000000000003</ele>
      </trkpt>
      <trkpt lat="48.76307881437242" lon="11.428141761571169">
        <ele>405.55000000000001</ele>
      </trkpt>
      <trkpt lat="48.763173026964068" lon="11.428124159574509">
        <ele>403.30000000000001</ele>
      </trkpt>
      <trkpt lat="48.763267155736685" lon="11.428084261715412">
        <ele>401.80000000000001</ele>
      </trkpt>
      <trkpt lat="48.76335927285254" lon="11.428112089633942">
        <ele>402.43000000000001</ele>
      </trkpt>
      <trkpt lat="48.763433704152703" lon="11.428199177607894">
        <ele>406.11000000000001</ele>
      </trkpt>
      <trkpt lat="48.763512913137674" lon="11.428277045488358">
        <ele>409.35000000000002</ele>
      </trkpt>
      <trkpt lat="48.763584159314632" lon="11.428376035764813">
        <ele>409.98000000000002</ele>
      </trkpt>
      <trkpt lat="48.763679880648851" lon="11.42837930470705">
        <ele>410.17000000000002</ele>
      </trkpt>
      <trkpt lat="48.763741487637162" lon="11.428496902808547">
        <ele>411.18000000000001</ele>
      </trkpt>
      <trkpt lat="48.763810135424137" lon="11.428590612486005">
        <ele>412.67000000000002</ele>
      </trkpt>
      <trkpt lat="48.763869814574718" lon="11.428672252222896"/>
      <trkpt lat="48.763879286125302" lon="11.428699493408203">
        <ele>419.73000000000002</ele>
      </trkpt>
      <trkpt lat="48.76391239464283" lon="11.428833268582821">
        <ele>421.33999999999997</ele>
      </trkpt>
      <trkpt lat="48.763949610292912" lon="11.428971569985151">
        <ele>419.94999999999999</ele>
      </trkpt>
      <trkpt lat="48.763968637213111" lon="11.429124372079968">
        <ele>421.19</ele>
      </trkpt>
      <trkpt lat="48.764033345505595" lon="11.429236773401499">
        <ele>421.5</ele>
      </trkpt>
      <trkpt lat="48.764212466776371" lon="11.429125042632222">
        <ele>422.88999999999999</ele>
      </trkpt>
      <trkpt lat="48.764271140098572" lon="11.429249178618193">
        <ele>423.70999999999998</ele>
      </trkpt>
      <trkpt lat="48.764328639954329" lon="11.429363591596484">
        <ele>423.52999999999997</ele>
      </trkpt>
      <trkpt lat="48.764331573620439" lon="11.429514465853572">
        <ele>424.43000000000001</ele>
      </trkpt>
      <trkpt lat="48.764426037669182" lon="11.429590741172433">
        <ele>424.81999999999999</ele>
      </trkpt>
      <trkpt lat="48.764493176713586" lon="11.429694509133697">
        <ele>425.95999999999998</ele>
      </trkpt>
      <trkpt lat="48.764556376263499" lon="11.429804647341371">
        <ele>426.31</ele>
      </trkpt>
      <trkpt lat="48.764648577198386" lon="11.429808419197798">
        <ele>425.56</ele>
      </trkpt>
      <trkpt lat="48.764745471999049" lon="11.429835157468915">
        <ele>426.45999999999998</ele>
      </trkpt>
      <trkpt lat="48.764759553596377" lon="11.429970525205135">
        <ele>424.44</ele>
      </trkpt>
      <trkpt lat="48.764800038188696" lon="11.430103294551373">
        <ele>424.81</ele>
      </trkpt>
      <trkpt lat="48.764863908290863" lon="11.430219803005457">
        <ele>423.38</ele>
      </trkpt>
      <trkpt lat="48.764901626855135" lon="11.430355003103614">
        <ele>422.83999999999997</ele>
      </trkpt>
      <trkpt lat="48.764978908002377" lon="11.430427338927984">
        <ele>421.25</ele>
      </trkpt>
      <trkpt lat="48.765041185542941" lon="11.430536052212119">
        <ele>421.51999999999998</ele>
      </trkpt>
      <trkpt lat="48.765050824731588" lon="11.430682651698589">
        <ele>423.07999999999998</ele>
      </trkpt>
      <trkpt lat="48.765120059251785" lon="11.430789604783058">
        <ele>422.27999999999997</ele>
      </trkpt>
      <trkpt lat="48.765343269333243" lon="11.43111364915967">
        <ele>421.38999999999999</ele>
      </trkpt>
      <trkpt lat="48.765410659834743" lon="11.430978365242481">
        <ele>445.42000000000002</ele>
      </trkpt>
      <trkpt lat="48.765518702566624" lon="11.430911310017109">
        <ele>437.5</ele>
      </trkpt>
      <trkpt lat="48.765668151900172" lon="11.43087618984282">
        <ele>431.31</ele>
      </trkpt>
      <trkpt lat="48.765764040872455" lon="11.430788012221456">
        <ele>431.07999999999998</ele>
      </trkpt>
      <trkpt lat="48.765789940953255" lon="11.430643424391747">
        <ele>427.10000000000002</ele>
      </trkpt>
      <trkpt lat="48.765897061675787" lon="11.430591121315956">
        <ele>424.61000000000001</ele>
      </trkpt>
      <trkpt lat="48.765987921506166" lon="11.430602604523301">
        <ele>424.48000000000002</ele>
      </trkpt>
      <trkpt lat="48.766088839620352" lon="11.430603442713618">
        <ele>424.04000000000002</ele>
      </trkpt>
      <trkpt lat="48.766203336417675" lon="11.430541668087244">
        <ele>424.10000000000002</ele>
      </trkpt>
      <trkpt lat="48.766275504603982" lon="11.4304368942976">
        <ele>418.91000000000003</ele>
      </trkpt>
      <trkpt lat="48.766431994736195" lon="11.430317452177405">
        <ele>421.86000000000001</ele>
      </trkpt>
      <trkpt lat="48.76649578101933" lon="11.430218294262886">
        <ele>420.87</ele>
      </trkpt>
      <trkpt lat="48.766568787395954" lon="11.430116621777415">
        <ele>421.06999999999999</ele>
      </trkpt>
      <trkpt lat="48.766579180955887" lon="11.430045291781425">
        <ele>424.02999999999997</ele>
      </trkpt>
      <trkpt lat="48.766685128211975" lon="11.429997766390443">
        <ele>422.67000000000002</ele>
      </trkpt>
      <trkpt lat="48.766813036054373" lon="11.429968513548374">
        <ele>421.58999999999997</ele>
      </trkpt>
      <trkpt lat="48.766930885612965" lon="11.429977649822831">
        <ele>420.07999999999998</ele>
      </trkpt>
      <trkpt lat="48.767022248357534" lon="11.430009165778756">
        <ele>420.16000000000003</ele>
      </trkpt>
      <trkpt lat="48.767106905579567" lon="11.430094074457884">
        <ele>422.97000000000003</ele>
      </trkpt>
      <trkpt lat="48.767153760418296" lon="11.430213265120983">
        <ele>424.98000000000002</ele>
      </trkpt>
      <trkpt lat="48.767146216705441" lon="11.43028006888926">
        <ele>425.94</ele>
      </trkpt>
      <trkpt lat="48.767107659950852" lon="11.430387021973729">
        <ele>423.16000000000003</ele>
      </trkpt>
      <trkpt lat="48.767077820375562" lon="11.430521635338664">
        <ele>421.54000000000002</ele>
      </trkpt>
      <trkpt lat="48.766989223659039" lon="11.430564969778061">
        <ele>420.86000000000001</ele>
      </trkpt>
      <trkpt lat="48.766984278336167" lon="11.430704779922962">
        <ele>421.72000000000003</ele>
      </trkpt>
      <trkpt lat="48.767025098204613" lon="11.430839477106929">
        <ele>420.82999999999998</ele>
      </trkpt>
      <trkpt lat="48.767041862010956" lon="11.430982556194067">
        <ele>421.25</ele>
      </trkpt>
      <trkpt lat="48.767056530341506" lon="11.431126222014427">
        <ele>421.14999999999998</ele>
      </trkpt>
      <trkpt lat="48.767152670770884" lon="11.431135358288884">
        <ele>418.61000000000001</ele>
      </trkpt>
      <trkpt lat="48.767260378226638" lon="11.431078361347318">
        <ele>415.68000000000001</ele>
      </trkpt>
      <trkpt lat="48.767350986599922" lon="11.431062100455165">
        <ele>416.20999999999998</ele>
      </trkpt>
      <trkpt lat="48.767450731247663" lon="11.431036284193397">
        <ele>416.20999999999998</ele>
      </trkpt>
      <trkpt lat="48.76752725802362" lon="11.430957075208426">
        <ele>416.74000000000001</ele>
      </trkpt>
      <trkpt lat="48.767612082883716" lon="11.430897731333971">
        <ele>416.39999999999998</ele>
      </trkpt>
      <trkpt lat="48.767683580517769" lon="11.430806955322623">
        <ele>416.25999999999999</ele>
      </trkpt>
      <trkpt lat="48.767762957140803" lon="11.430741660296917">
        <ele>415.44999999999999</ele>
      </trkpt>
      <trkpt lat="48.767838729545474" lon="11.430658176541328">
        <ele>415.06999999999999</ele>
      </trkpt>
      <trkpt lat="48.767936797812581" lon="11.430587014183402">
        <ele>414.33999999999997</ele>
      </trkpt>
      <trkpt lat="48.768024053424597" lon="11.430630180984735">
        <ele>421.23000000000002</ele>
      </trkpt>
      <trkpt lat="48.768090102821589" lon="11.430753478780389">
        <ele>423.67000000000002</ele>
      </trkpt>
      <trkpt lat="48.768152380362153" lon="11.430884404107928">
        <ele>422.75</ele>
      </trkpt>
      <trkpt lat="48.768228907138109" lon="11.430986663326621">
        <ele>422.48000000000002</ele>
      </trkpt>
      <trkpt lat="48.768312809988856" lon="11.431055646389723">
        <ele>423.62</ele>
      </trkpt>
      <trkpt lat="48.768383050337434" lon="11.431141393259168">
        <ele>425.04000000000002</ele>
      </trkpt>
      <trkpt lat="48.768441723659635" lon="11.431255219504237">
        <ele>426.50999999999999</ele>
      </trkpt>
      <trkpt lat="48.768470222130418" lon="11.431386647745967">
        <ele>425.30000000000001</ele>
      </trkpt>
      <trkpt lat="48.76858321018517" lon="11.431723516434431">
        <ele>427.57999999999998</ele>
      </trkpt>
      <trkpt lat="48.768626293167472" lon="11.431848490610719">
        <ele>427.35000000000002</ele>
      </trkpt>
      <trkpt lat="48.768697455525398" lon="11.431975560262799">
        <ele>426.24000000000001</ele>
      </trkpt>
      <trkpt lat="48.768774485215545" lon="11.432080417871475">
        <ele>424.16000000000003</ele>
      </trkpt>
      <trkpt lat="48.768839444965124" lon="11.432199692353606">
        <ele>424.24000000000001</ele>
      </trkpt>
      <trkpt lat="48.768923934549093" lon="11.432292815297842">
        <ele>424.54000000000002</ele>
      </trkpt>
      <trkpt lat="48.769000545144081" lon="11.432386608794332">
        <ele>423.87</ele>
      </trkpt>
      <trkpt lat="48.76904203556478" lon="11.432521557435393">
        <ele>424.70999999999998</ele>
      </trkpt>
      <trkpt lat="48.769126106053591" lon="11.432450478896499">
        <ele>422.12</ele>
      </trkpt>
      <trkpt lat="48.769187964498997" lon="11.432342184707522">
        <ele>419.30000000000001</ele>
      </trkpt>
      <trkpt lat="48.769221156835556" lon="11.432194830849767">
        <ele>416.33999999999997</ele>
      </trkpt>
      <trkpt lat="48.76926289871335" lon="11.432061307132244">
        <ele>415.19</ele>
      </trkpt>
      <trkpt lat="48.769336240366101" lon="11.431957958266139">
        <ele>415.72000000000003</ele>
      </trkpt>
      <trkpt lat="48.769390638917685" lon="11.431848155334592">
        <ele>415.36000000000001</ele>
      </trkpt>
      <trkpt lat="48.769482672214508" lon="11.431796019896865">
        <ele>414.01999999999998</ele>
      </trkpt>
      <trkpt lat="48.769576298072934" lon="11.431752098724246">
        <ele>413.73000000000002</ele>
      </trkpt>
      <trkpt lat="48.769675455987453" lon="11.431778417900205">
        <ele>413.72000000000003</ele>
      </trkpt>
      <trkpt lat="48.769774865359068" lon="11.431804234161973">
        <ele>413.92000000000002</ele>
      </trkpt>
      <trkpt lat="48.769863294437528" lon="11.431895093992352">
        <ele>414.22000000000003</ele>
      </trkpt>
      <trkpt lat="48.769952561706305" lon="11.431942954659462">
        <ele>414.91000000000003</ele>
      </trkpt>
      <trkpt lat="48.770051803439856" lon="11.431950163096189">
        <ele>414.73000000000002</ele>
      </trkpt>
      <trkpt lat="48.770151883363724" lon="11.431966172531247">
        <ele>415.11000000000001</ele>
      </trkpt>
      <trkpt lat="48.770221956074238" lon="11.431874893605709">
        <ele>415.38999999999999</ele>
      </trkpt>
      <trkpt lat="48.770267888903618" lon="11.431755032390356">
        <ele>414.52999999999997</ele>
      </trkpt>
      <trkpt lat="48.770302506163716" lon="11.431619580835104">
        <ele>414.60000000000002</ele>
      </trkpt>
      <trkpt lat="48.770278701558709" lon="11.431482369080186">
        <ele>416.73000000000002</ele>
      </trkpt>
      <trkpt lat="48.770309630781412" lon="11.431422187015414">
        <ele>372.16796875</ele>
      </trkpt>
      <trkpt lat="48.770395880565047" lon="11.431101076304913">
        <ele>372.90625</ele>
      </trkpt>
    </trkseg>
  </trk>
</gpx>